start_time,date,cryptoquant_exchange-flows_inflow_1h_start_time,cryptoquant_exchange-flows_inflow_1h_datetime,cryptoquant_exchange-flows_outflow_1h_start_time,cryptoquant_exchange-flows_outflow_1h_datetime,cryptoquant_flow-indicator_exchange-whale-ratio_1h_start_time,cryptoquant_flow-indicator_exchange-whale-ratio_1h_datetime,cryptoquant_inter-entity-flows_miner-to-miner_1h_start_time,cryptoquant_inter-entity-flows_miner-to-miner_1h_datetime,cryptoquant_market-data_price-ohlcv_1h_start_time,close,high,low,open,volume,price,sma_7,sma_14,sma_30,macd,macd_signal,macd_hist,rsi,bb_middle,bb_upper,bb_lower,tr,atr,price_change_1d,price_change_3d,price_change_7d,roc_5,roc_10,roc_20,close_7d_mean,close_7d_std,close_7d_max,close_7d_min,volatility_7d,volatility_14d,volatility_30d,daily_range,daily_range_7d_mean,volume_change_1d,volume_change_7d,volume_7d_mean,volume_close_ratio,close_lag_1,volume_lag_1,close_lag_2,volume_lag_2,close_lag_3,volume_lag_3,close_lag_4,volume_lag_4,close_lag_5,volume_lag_5,close_lag_6,volume_lag_6,close_lag_7,volume_lag_7,close_lag_8,volume_lag_8,close_lag_9,volume_lag_9,close_lag_10,volume_lag_10,close_lag_11,volume_lag_11,close_lag_12,volume_lag_12,close_lag_13,volume_lag_13,close_lag_14,volume_lag_14,close_lag_15,volume_lag_15,close_lag_16,volume_lag_16,close_lag_17,volume_lag_17,close_lag_18,volume_lag_18,close_lag_19,volume_lag_19,close_lag_20,volume_lag_20,close_lag_21,volume_lag_21,close_lag_22,volume_lag_22,close_lag_23,volume_lag_23,close_lag_24,volume_lag_24,close_lag_25,volume_lag_25,close_lag_26,volume_lag_26,close_lag_27,volume_lag_27,close_lag_28,volume_lag_28,close_lag_29,volume_lag_29,close_lag_30,volume_lag_30,cryptoquant_exchange-flows_inflow_1h_inflow_mean,cryptoquant_exchange-flows_inflow_1h_inflow_mean_ma7,cryptoquant_exchange-flows_inflow_1h_inflow_top10,cryptoquant_exchange-flows_inflow_1h_inflow_total,cryptoquant_exchange-flows_outflow_1h_outflow_mean,cryptoquant_exchange-flows_outflow_1h_outflow_mean_ma7,cryptoquant_exchange-flows_outflow_1h_outflow_top10,cryptoquant_exchange-flows_outflow_1h_outflow_total,cryptoquant_flow-indicator_exchange-whale-ratio_1h_exchange_whale_ratio,cryptoquant_inter-entity-flows_miner-to-miner_1h_flow_mean,cryptoquant_inter-entity-flows_miner-to-miner_1h_flow_total,cryptoquant_inter-entity-flows_miner-to-miner_1h_transactions_count_flow,cryptoquant_market-data_price-ohlcv_1h_close,cryptoquant_market-data_price-ohlcv_1h_high,cryptoquant_market-data_price-ohlcv_1h_low,cryptoquant_market-data_price-ohlcv_1h_open,cryptoquant_market-data_price-ohlcv_1h_volume,hmm_state,returns,market_regime,signal,xgb_pred,savgol,kalman,gradient,second_deriv,xgb_signal,combined_signal,strategy_position,strategy_returns,buy_hold_returns,strategy_cumulative,buy_hold_cumulative
1713139200000,2024-04-15,1713139200000.0,2024-04-15 00:00:00,1713139200000.0,2024-04-15 00:00:00,1713139200000.0,2024-04-15 00:00:00,1713139200000.0,2024-04-15 00:00:00,1713139200000,0.6940236822680071,0.7780152583776875,0.7074920333616002,0.7860052128198027,-0.4435814711546264,0.6940236822680071,0.8481947818610008,0.880131733349783,0.9112589008320778,-0.26075834908183165,0.2965739796272448,-1.979289596376266,-0.7443973851629875,0.9178088856258276,0.8799343152245493,0.9539326151708252,1.6325756166589178,1.5026487252360552,-1.3463380244544292,-1.2634320115345195,-1.7080310081677854,-1.782064145752047,-0.870130416625227,-0.8842478006959064,0.8481947818610008,1.7647850625644543,0.8895053213693146,0.7921584825810737,0.49170521264413436,0.6451043812222159,1.2480207103628156,1.0195042954656217,1.3320720618085078,-0.40181899294345064,-0.047902333787182144,-0.47327935282970457,-0.5716232389489614,0.7859224437837613,-0.38854718567133223,0.7199482336498686,-0.2265895013749705,0.8455307048631077,-0.3791875987671965,0.9601758628803637,-0.6115436751742618,0.9865425734068375,-0.512357587806504,0.9298588076208224,-0.5249394440508148,1.0299156034207422,-0.4800355930534128,0.9440866846310215,-0.7109537149889305,0.9283457598791879,-0.7403479026402506,0.8906264075954333,-0.5291921406886687,0.9190393623545104,-0.5002295780118996,0.8233694797839402,-0.5609222646813544,0.8060025477643018,-0.3288084435542507,0.9712665198390606,-0.539535793515113,1.037770406044412,-0.7240092331330961,0.9749321383829463,-0.7670243322498315,0.988593596233788,-0.6511521672163055,1.0272078918672263,-0.538230250777189,0.9781721674730657,-0.4300831836939923,1.0019628616506178,-0.5270364322497515,1.0010296040295343,-0.3833001778943543,0.9000455793551397,-0.6507813134463277,0.7778685469556513,-0.6714376014153616,0.7733360640647317,-0.476043250048929,0.8417565878688622,-0.4568771060571802,0.9354770556095933,-0.13215895791926055,0.7090603120521717,-0.007978121281716892,0.9317237429634382,-0.447031401232564,0.9643474949478419,-0.49057821817808267,0.846984250801329,-0.4813315560949677,0.16922241057175744,-0.09253128291384442,-0.018848882401597992,-0.21286838271025166,4.255430749946366,0.3817942011590534,2.381098547821976,3.3148613934376905,1.0407138452196494,-0.14621012147368284,0.010134660531520106,1.584710202057083,0.6940236822680071,0.7780152583776875,0.7074920333616002,0.7860052128198027,-0.4435814711546264,2,0.0,0.0,1,0.82763183,0.82629305,0.8268070834529535,0.0,0.0,0,1,1,0.0,0.0,0.0,0.0
1713225600000,2024-04-16,1713225600000.0,2024-04-16 00:00:00,1713225600000.0,2024-04-16 00:00:00,1713225600000.0,2024-04-16 00:00:00,1713225600000.0,2024-04-16 00:00:00,1713225600000,0.7079221488377713,0.6796880102652509,0.6789258392516926,0.6962549260253681,-0.4750676427181874,0.7079221488377713,0.8185775842370167,0.8755130572064755,0.9054028380292143,-0.4305611974393816,0.1460318283168195,-2.0737734093654145,-0.3017801107959312,0.9068982660831167,0.8839989136130504,0.9256729461260355,0.48649858790451783,1.367733942305427,0.16996356213585248,-0.13009931470535738,-1.1850609964042742,-1.5654245458857454,-0.9729690885019496,-0.7912371515939378,0.8185775842370167,1.8612566601279896,0.8895053213693146,0.7921584825810737,0.47742273875063007,0.27822866740693986,1.129707525912309,-0.030031462236882172,1.2692201157150607,-0.3437582211560647,0.03615202392968109,-0.46533006268768745,-0.581939738287784,0.6966796365401252,-0.44324198329183595,0.7882541898834186,-0.3881969782773686,0.7225440541174404,-0.22590692367551793,0.8475941954676892,-0.37880506382520385,0.9623829475692031,-0.6108357336061031,0.9886765379669904,-0.5119765238364458,0.9324570245454905,-0.5248177703133547,1.032513839509675,-0.4796655840605062,0.9466648711744218,-0.7105244221938337,0.9308803940635567,-0.7397792477699552,0.8934066049270013,-0.5289400326051331,0.921595793632551,-0.4999718361300458,0.8259589408287036,-0.5607742848480545,0.8086247749330367,-0.3286890134482253,0.9739853461325557,-0.53919836311969,1.0407531549696816,-0.7237538771897792,0.9779032556339324,-0.7667841530523211,0.991614409715478,-0.650873521941061,1.0302438205548246,-0.5378635107390947,0.9810930746300742,-0.42999075957173516,1.0046782818007622,-0.5269718661429955,1.0037725533961859,-0.3831265483755757,0.9028298210063215,-0.6504991171379203,0.7809058528390066,-0.6710864059142154,0.7760532993691848,-0.475782285913657,0.8445767472047617,-0.456659493004672,0.9381463307576943,-0.13203178053609577,0.7119320196902362,-0.007897790032200664,0.934536343451608,-0.4466991578366251,0.9669092450186948,-0.49028423229025475,-0.6487397410245939,-0.22105757889590785,-1.1345501636725126,-1.1580173198214865,0.7046295942128937,-0.37579747232918975,0.25474849311432984,0.2500375735469156,0.20591133682998203,-0.18042810995718034,-0.18165240118056614,0.2784445374319044,0.7079221488377713,0.6796880102652509,0.6789258392516926,0.6962549260253681,-0.4750676427181874,2,0.020025925519350007,0.0,1,0.79103357,0.78842276,0.8079512533482129,-0.018855830104740567,0.0,0,1,1,0.020025925519350007,0.020025925519350007,0.020025925519350007,0.020025925519350007
1713312000000,2024-04-17,1713312000000.0,2024-04-17 00:00:00,1713312000000.0,2024-04-17 00:00:00,1713312000000.0,2024-04-17 00:00:00,1713312000000.0,2024-04-17 00:00:00,1713312000000,0.6094484812439113,0.6844692778974666,0.6015865148471652,0.7110120428871541,-0.40627097514929156,0.6094484812439113,0.7665579498420586,0.8625056202316385,0.8973095726414627,-0.6928512994167619,-0.029317858565571363,-2.4182522303481555,-0.6237602841993193,0.8885404148871454,0.8912304159723483,0.8776668940452059,1.7622574649499707,1.5059673475734683,-1.5242691222790228,-1.5409584162050503,-1.9634467896729353,-1.53784775834443,-1.4658742222560732,-1.1972811229849314,0.7665579498420586,1.7305109714554776,0.8662140655673417,0.7051152335822237,0.29060034219341396,0.4265189056828646,1.1975422428611018,1.2334557213199262,1.472777235205681,0.015271939800909188,0.28038838121298193,-0.4489899155633103,-0.5551259658101261,0.7105717106513714,-0.4747217530542446,0.6990687078006368,-0.44288005101873135,0.7908170170107625,-0.3874579172187077,0.7247025254880766,-0.22555977340014957,0.8498727711137583,-0.3781728649676706,0.9645329128133064,-0.6104334236692341,0.9912512858237829,-0.5118558326627296,0.9350914400126897,-0.5244381936373966,1.0350567521874836,-0.47928666452735874,0.9491917141264066,-0.709963799312758,0.933649601184044,-0.739495736891296,0.8959734240075046,-0.5286778568058095,0.9241455467087718,-0.4998292975271116,0.8285735421921,-0.5606353548707332,0.8113891742704288,-0.32839197516113205,0.9769748890085641,-0.538968209321423,1.0437167531084848,-0.7235191556676794,0.980924905519741,-0.7664878150599301,0.9946525956635498,-0.6504836405976736,1.0331577429693068,-0.5377644622938291,0.9838137954524239,-0.42993015184882694,1.007420379245622,-0.5267817184690641,1.0065341982593308,-0.3828857369863783,0.905860674455412,-0.6501518125302078,0.7836210038608467,-0.6707946989562259,0.7788859080674096,-0.47556211614068195,0.847270502536188,-0.4564992401466781,0.9409812729029667,-0.1319423526862431,0.7147823063166162,-0.007652078332567292,0.9371075837236064,-0.44641278383940297,-0.5133725228028699,-0.24642868195476214,-1.0590525344467518,-1.0965168526995377,-0.3805270298731462,-0.7057892747516127,-1.0238865519547569,-1.0278853141327853,0.9991099395647164,-0.12705811574890102,-0.09677312076342025,0.19136015979022583,0.6094484812439113,0.6844692778974666,0.6015865148471652,0.7110120428871541,-0.40627097514929156,2,-0.13910239671908675,0.0,1,0.7347269,0.7505921,0.7888000098313936,-0.019151243516819294,-0.0002954134120787266,0,1,1,-0.13910239671908675,-0.13910239671908675,-0.12186212543599628,-0.12186212543599628
1713398400000,2024-04-18,1713398400000.0,2024-04-18 00:00:00,1713398400000.0,2024-04-18 00:00:00,1713398400000.0,2024-04-18 00:00:00,1713398400000.0,2024-04-18 00:00:00,1713398400000,0.6961732955849552,0.6724575811046569,0.6474290959916573,0.6120442266906154,-0.5277016451676989,0.6961732955849552,0.7303198803574221,0.8486430366078379,0.8993102130739905,-0.7759210856315369,-0.18699002016489152,-2.1727811294506347,-0.6654107643374471,0.8762308912475679,0.88642238657749,0.8567263779421622,0.8577656473292357,1.4539270670512427,1.3197503993612867,-0.050333761591541015,-1.410277487683226,-0.21374915518993837,-1.4317899266345615,-0.8669686778445536,0.7303198803574221,0.694503821863253,0.7577478451978684,0.7051152335822237,0.8753691515891715,0.4050514617894876,0.9000716753829635,0.3142117124151288,1.6916710621937454,-0.6166527625040154,0.32265730304573914,-0.436080764570898,-0.5974471358901844,0.6121433350206241,-0.40593907329535706,0.7129518583312872,-0.47435307248858005,0.7016746135570783,-0.44212187770301736,0.7929227621848797,-0.38707347308326256,0.7270591390893857,-0.2249774468591181,0.8520972507475613,-0.3778207504070962,0.9671172943022394,-0.6103052696570126,0.9938638751999059,-0.5114790252963219,0.9376732147869911,-0.524049522880175,1.0375460015207203,-0.47878831805228816,0.9519559218594961,-0.7096847345202453,0.9362001115901173,-0.7392010437867296,0.8985335349217344,-0.5285327555289927,0.9267226286696952,-0.49969549080156866,0.8313323517834739,-0.5602938824132607,0.8143960357847432,-0.32819056844449673,0.979945772904432,-0.5387567946999408,1.046733253796303,-0.7232294376027726,0.9839637693726944,-0.7660741820478841,0.9975712921830844,-0.6503776703686476,1.0358652399988089,-0.5376994586027927,0.9865607645005635,-0.42975116121016493,1.010181229434592,-0.5265186950426296,1.0095596968840386,-0.38258816162982656,0.9085414201365115,-0.64986340529576,0.7864521786415716,-0.6705481558701428,0.7815973544695605,-0.4753999365886825,0.8501200291359214,-0.4563860197636587,0.9437922860677033,-0.1316721978874022,0.717423503967322,-0.007441867733419693,-0.6549355873338748,0.22642326691668693,-1.1447687403390574,-1.1657647847603008,-0.7250273873066035,-0.2870671209115994,-0.9705465857105937,-0.9486123140086697,-0.549936385547565,-0.14244266928044164,-0.056667144616924583,0.8009508032819758,0.6961732955849552,0.6724575811046569,0.6474290959916573,0.6120442266906154,-0.5277016451676989,2,0.14230048479903457,0.0,1,0.73134387,0.70552456,0.7674908543178223,-0.021309155513571376,-0.002157911996752082,0,1,1,0.14230048479903457,0.14230048479903457,0.0030973198348551723,0.0030973198348551723
1713484800000,2024-04-19,1713484800000.0,2024-04-19 00:00:00,1713484800000.0,2024-04-19 00:00:00,1713484800000.0,2024-04-19 00:00:00,1713484800000.0,2024-04-19 00:00:00,1713484800000,0.7091147143912004,0.7223923571991424,0.5988120158375546,0.6988176271648492,-0.32242555797047884,0.7091147143912004,0.7119729583533494,0.8375199032232195,0.8941719341546142,-0.8167090633249334,-0.3216675729930219,-1.8534767110218082,-0.5596811692052369,0.8650912339953781,0.8795620313007728,0.8406989531673396,2.4180090893019006,1.6336409644803462,0.15529352818698475,-0.058785466208446664,-0.7929629543090964,-0.5691861801549415,-1.0050245951576293,-0.8029707273289479,0.7119729583533494,0.11973572531429408,0.7050749379062096,0.7051152335822237,0.7279493269135421,0.4131724716224799,0.3564808809417635,1.712718458051819,1.684973443230579,0.6286197603091718,-0.02016125129660936,-0.42733518076907595,-0.5355892218778487,0.6988282611642639,-0.5273450539036313,0.6145867082157377,-0.4055851376166333,0.7155510582082688,-0.47358389905077314,0.7038492020870935,-0.441724814455496,0.7952360549673025,-0.3864385833454919,0.7293649569907606,-0.22465838313172373,0.8547264955824468,-0.37771022797598075,0.9697388428979449,-0.609907428632409,0.9964222054680244,-0.5110931769735195,0.9402038819465645,-0.5235391209779595,1.04028608661768,-0.4785437261977263,0.9544990135380472,-0.709394645296951,0.9387439608736036,-0.7390371484639164,0.901120403832413,-0.5283965358889718,0.9294539363879855,-0.4993656926489647,0.8343370890861659,-0.5600608518776182,0.817385491995342,-0.3280057390749175,0.9829672629852425,-0.5384953469113615,1.049767944228326,-0.7228246915425071,0.9868838996607984,-0.7659611074696299,1.0002878277384888,-0.6503080733115023,1.038600055669015,-0.537508077561043,0.9893261589298075,-0.42950314069904194,1.0132065397431267,-0.5261944290944411,1.0122118898438026,-0.38234192794332417,0.9113489251807655,-0.6496196929400538,0.7891615873862711,-0.6703661019107023,0.7844574208030826,-0.47528533025636793,0.8529466216379485,-0.4560519330312292,0.9463605797659261,-0.13144047298107464,0.9845286035346229,0.15575385010492304,2.0033250706371697,1.986548616666127,-0.34270215993165554,-0.01589894675291934,-0.5348609120710187,-0.5429431150528621,0.11058617884226898,-0.18022365857271538,-0.11983646347241232,2.4555539784738687,0.7091147143912004,0.7223923571991424,0.5988120158375546,0.6988176271648492,-0.32242555797047884,2,0.018589364010826115,0.0,1,0.66842264,0.69335467,0.7519192552526908,-0.015571599065131503,0.005737556448439873,0,1,1,0.018589364010826115,0.018589364010826115,0.021744261051549252,0.021744261051549252
1713571200000,2024-04-20,1713571200000.0,2024-04-20 00:00:00,1713571200000.0,2024-04-20 00:00:00,1713571200000.0,2024-04-20 00:00:00,1713571200000.0,2024-04-20 00:00:00,1713571200000,0.7533482403309492,0.7206812644021252,0.7391076404626343,0.7126051892376728,-0.726701758465615,0.7533482403309492,0.7174377776396482,0.8266633561812564,0.8934806591020814,-0.7818850111439616,-0.42211846532132713,-1.3782033965503633,-0.546828753276017,0.8528632504622443,0.8584172768390852,0.8389643119978826,0.21624321153020357,1.639233428367794,0.6255156966799057,1.2373921773545262,0.11364259657223572,0.3086360371172412,-1.0480764017191346,-0.848484590606342,0.7174377776396482,0.21404416788771163,0.7050749379062096,0.7051152335822237,0.37520916416722117,0.4253108858266501,0.30407368309525323,-0.2975780091781853,0.95979688622451,-1.310274871092186,-1.4749134921309874,-0.5024285263733073,-0.6593005915260118,0.7117637276963883,-0.3221107036539761,0.7012159522546979,-0.5269650925238984,0.6172334207115784,-0.40483999922993813,0.7177149301659155,-0.4731795728319995,0.7062190578448354,-0.441072138924853,0.797496719963951,-0.3860846855143563,0.732043173666548,-0.22455947010547492,0.8573897668183496,-0.3773620807307847,0.9723067967160688,-0.609500143153603,0.9989278863151425,-0.5105862644437411,0.9429705435527106,-0.5232878558739504,1.0427933820575468,-0.47828933338430696,0.957035465493929,-0.7092334108820988,0.9413154644384555,-0.7388832330780629,0.9038588854242806,-0.5280612394512059,0.9324482224468732,-0.4991409707213384,0.8373242673158918,-0.5598467768543339,0.8204197006689017,-0.32777653806294155,0.9860059973163705,-0.5381285524122194,1.0526792477327327,-0.7227142751357659,0.9896031496839849,-0.765886795894074,1.003030950300864,-0.6501037454839803,1.0413541134055326,-0.537243395619378,0.992352546099734,-0.4291969026643522,1.0158577285730015,-0.5259255600993465,1.014999751560161,-0.38213439496499835,0.9140246982282307,-0.6494397721630708,0.7920204397532999,-0.6702371991094588,0.7872952720099237,-0.4749475193968067,0.8555438355081659,-0.45576393656759395,-0.15185269975103835,-0.11874643117359236,-0.9855756099259406,-1.0350456435313522,0.4492763148188157,-0.796084592743749,-1.0228822924180145,-1.0302700167490635,1.0577776392127927,-0.19341066770538945,-0.20335604609340474,2.97806024432394,0.7533482403309492,0.7206812644021252,0.7391076404626343,0.7126051892376728,-0.726701758465615,2,0.06237851935948724,0.0,1,0.7347269,0.73630625,0.7491033709009847,-0.0028158843517060994,0.012755714713425403,0,1,1,0.06237851935948724,0.06237851935948724,0.08547915521999827,0.08547915521999827
1713657600000,2024-04-21,1713657600000.0,2024-04-21 00:00:00,1713657600000.0,2024-04-21 00:00:00,1713657600000.0,2024-04-21 00:00:00,1713657600000.0,2024-04-21 00:00:00,1713657600000,0.7530963412552362,0.7315720055299553,0.7840350149922138,0.7558089184809877,-0.741140564407898,0.7530963412552362,0.7131407907076317,0.8144865050564476,0.8949490638959804,-0.7479546319209534,-0.495375138535469,-1.0005829549382728,-0.6112320592005712,0.8437922363061504,0.8458362312850058,0.8340610240548586,-0.3040113884851925,1.6404684866246473,-0.04433919561534735,0.429602780918293,-0.267457934203693,0.21208325518746854,-0.9549511759518059,-0.6845163849123164,0.7131407907076317,0.05103656215157761,0.6762787835404456,0.7051152335822237,0.20201900186141578,0.4129615152906372,0.2577779580643085,-0.7589269921687424,0.6962292040493746,-0.37824073588894463,-1.3976762212616,-0.555386873644875,-0.663610030207468,0.755976908875206,-0.7263047062915237,0.7141431096835728,-0.3217747381944576,0.7038208208429225,-0.5261775306817721,0.619473221922274,-0.40445154246095755,0.7200759809894632,-0.4725166606300638,0.7085386779282365,-0.4407064542886433,0.8001477511471956,-0.38597353669328516,0.7347519884180836,-0.22424404342010987,0.8600025370304242,-0.3770054423287565,0.9748227339970605,-0.6089667278924307,1.0016785149948597,-0.5103369308725104,0.9455172766005201,-0.5230265529721656,1.0452941410318815,-0.47814873044442135,0.9595999794463228,-0.7090820009041265,0.944042683169964,-0.7385076135133695,0.9068558976939087,-0.527832604391561,0.9354241928792058,-0.4989345794845301,0.8403569159948341,-0.559582102111844,0.8234687434094716,-0.3274530333958168,0.9889258536658626,-0.5380294876771382,1.055381786537333,-0.7226417275498643,0.9923487669884682,-0.7656691798029054,1.0057927567212905,-0.6498216539414842,1.0443778140875153,-0.5369171367539134,0.9950094769149745,-0.42894332247929484,1.0186448994812074,-0.5256986089925594,1.0176476106073757,-0.38198173825165704,0.916863511599307,-0.6493124038466571,0.7948569941825682,-0.6698609727984733,0.7899133855932405,-0.47465624503398157,-0.4814861922781437,0.6526604706289181,-0.9245710700083714,-0.9799980856524794,-0.4450098506362429,-0.8508392768923697,-0.6243488234397636,-0.6284928730677422,0.9562171600425844,-0.18182688874773542,-0.11920309109287656,2.890975866682261,0.7530963412552362,0.7315720055299553,0.7840350149922138,0.7558089184809877,-0.741140564407898,2,-0.0003343726874603936,0.0,1,0.8281467,0.8098518,0.7588179305588683,0.009714559657883592,0.012530444009589692,0,1,1,-0.0003343726874603936,-0.0003343726874603936,0.0851162006376851,0.0851162006376851
1713744000000,2024-04-22,1713744000000.0,2024-04-22 00:00:00,1713744000000.0,2024-04-22 00:00:00,1713744000000.0,2024-04-22 00:00:00,1713744000000.0,2024-04-22 00:00:00,1713744000000,0.8263408353904065,0.7946345723076131,0.795624906873717,0.7552162914325883,-0.6158714934911269,0.8263408353904065,0.7319604610421997,0.801207613102634,0.8985640000388231,-0.6164168613072771,-0.5264402700518828,-0.41470885642837396,-0.6672314076442695,0.8464144729539707,0.8475686971688849,0.8376968803983639,0.535340165688212,1.590724687597117,1.0432937429615625,0.9526809642648338,0.6474629754194461,1.4163224131803933,-0.17055428912565443,-0.00808586500155996,0.7319604610421997,0.5339535361777137,0.7464374663282439,0.7051152335822237,-0.0034181440275502213,0.37942469104150445,0.307448937194813,-0.05848969701569875,0.46134006482017315,1.1209237840114328,-0.8653686613400583,-0.5812883809716789,-0.6283710317805484,0.7557251256579139,-0.7407405765207641,0.7583278905038489,-0.7258820940934377,0.7167417341588862,-0.3210588923441394,0.7059937518888866,-0.5257610632839445,0.6218966576253819,-0.4038109971851029,0.7223864237681639,-0.47214419205962077,0.7112252045703222,-0.4405911652454046,0.8028312835552087,-0.38562362399755495,0.7374136792192882,-0.22392075327063418,0.8625662380140776,-0.3765346419905479,0.9775799439060013,-0.6087027238051333,1.0042014563451878,-0.5100776280551348,0.9480573594218371,-0.5228819562044517,1.0478249292765824,-0.47801674626423835,0.962322074763756,-0.7087120903884305,0.947035415334772,-0.7382502804661881,0.9098347916842598,-0.5276225942969581,0.9384491662945782,-0.4986792248472951,0.8434046943609909,-0.5592109755737377,0.8264104020410552,-0.327366917059819,0.9916445850575544,-0.5379644731760145,1.0581120453317767,-0.7224290834107708,0.995112900508806,-0.765369219472751,1.0088182936306815,-0.6494744752233569,1.0470204201488242,-0.5366465776390135,0.9978005981191957,-0.4287294871679524,1.0212917768608027,-0.5255313191614446,1.0204697937735197,-0.3818739820841786,0.9196786600666486,-0.6489403007865063,0.7974727005370186,-0.6695358859548585,-0.2961398613479591,0.28658170878873407,-0.5825783945591471,-0.6786992632686801,-0.6794150315033168,-1.3249410622971693,-0.8880375693060428,-0.871398843240022,0.8777639788285697,-0.16659989288674876,0.021100410211678244,3.413482132532333,0.8263408353904065,0.7946345723076131,0.795624906873717,0.7552162914325883,-0.6158714934911269,2,0.09725780105781534,1.0,1,0.8281467,0.8359904,0.7700262090378855,0.011208278479017286,0.0014937188211336938,0,1,1,0.09725780105781534,0.09725780105781534,0.19065221620391748,0.19065221620391748
1713830400000,2024-04-23,1713830400000.0,2024-04-23 00:00:00,1713830400000.0,2024-04-23 00:00:00,1713830400000.0,2024-04-23 00:00:00,1713830400000.0,2024-04-23 00:00:00,1713830400000,0.8102794108837013,0.7887035832776802,0.84851292353511,0.8294515999388505,-0.7011487324088512,0.8102794108837013,0.7465188904113035,0.7937161831470487,0.8975316513518367,-0.5298290382697844,-0.5331633879501138,-0.07669429923013697,-0.4513616250931488,0.8472532504462079,0.8481261356044688,0.8388560730606771,-0.38008133931208193,1.4648178706814952,-0.2716314132048163,0.4184408180592088,0.4744808723225866,0.6752321817343788,0.32237876456256204,-0.1167002112333274,0.7465188904113035,0.7247195195971942,0.7464374663282439,0.7051152335822237,0.04261218997140186,0.2564852062759921,0.14582689990876532,-0.8431478275644053,0.2841663472697312,-0.7176748829299415,-1.136269242618333,-0.6152766579575477,-0.6528189991221368,0.8289359317320255,-0.6154969754417893,0.7580762690196297,-0.7403148697169551,0.7609051727187376,-0.7250250088563073,0.7189046865751579,-0.32068977634681706,0.7083622458270563,-0.525081038903705,0.6242721236099122,-0.40345335137795835,0.7250674249728494,-0.47202652009796436,0.7139417475402186,-0.44022958352885,0.8054658173150097,-0.38526518627758766,0.7400295180093839,-0.22349118133882934,0.8653540963803334,-0.3763052982263584,0.9801126513221463,-0.608428229803434,1.0067178160980932,-0.5099341872773808,0.9506253041189047,-0.5227462115906628,1.0505223035144813,-0.4776911011283299,0.9653128599321013,-0.7084588204739836,0.950009719388409,-0.7380137305218175,0.9128617671949207,-0.5273628501395752,0.941490723865635,-0.49832061012690715,0.8463436788411663,-0.5591106150847407,0.8291704103818829,-0.3273104952480328,0.9943897257117575,-0.5377730616651314,1.0608618524064135,-0.7221358088868465,0.9981389888776045,-0.7650005691305067,1.0114706907300797,-0.6491861747512339,1.0498016863961324,-0.5364181766309201,1.0004530890366061,-0.428572081141027,1.024113375183014,-0.5254130367976907,1.0232671776016322,-0.381554578019737,0.9222546301929733,-0.6486188431424577,0.39441985515954,0.1486608712849116,-0.6757910593867562,-0.7721785789373316,-0.1360553879856319,-0.2944966803407098,-0.7979174362821516,-0.8142556515120015,1.0538084320145278,0.12855886775646,-0.030121702826958623,-0.3311461060598455,0.8102794108837013,0.7887035832776802,0.84851292353511,0.8294515999388505,-0.7011487324088512,2,-0.01943680357889732,1.0,1,0.82763183,0.82781404,0.7777915373415879,0.007765328303702357,-0.0034429501753149294,0,1,1,-0.01943680357889732,-0.01943680357889732,0.1675097429467831,0.1675097429467831
1713916800000,2024-04-24,1713916800000.0,2024-04-24 00:00:00,1713916800000.0,2024-04-24 00:00:00,1713916800000.0,2024-04-24 00:00:00,1713916800000.0,2024-04-24 00:00:00,1713916800000,0.7260580590670904,0.7840604193314358,0.7569128625229151,0.8126656512513998,-0.5938023007876625,0.7260580590670904,0.763104448373356,0.7760884531000084,0.8903232848708277,-0.5709733556167336,-0.5471563130407955,-0.1776432469062347,-0.9037688360644803,0.8390608138893365,0.8411037444957982,0.8293720566948243,0.9643930892564102,1.4545585125576832,-1.2595047785322888,-0.3007974025912425,0.5817946823247991,0.023822883881652945,-0.37644054071771277,-0.6422354641580077,0.763104448373356,0.07616192905030432,0.7464374663282439,0.7943708252646582,-0.12655585394129787,0.26873539135969154,0.09621836645273676,0.38719530459150003,0.09977071776205562,0.6621003836958685,-0.8667998923357801,-0.643469491989112,-0.6186788280736195,0.81288189451437,-0.7007568757025965,0.8312400480966744,-0.6150981170065587,0.7606536727734543,-0.7394527400866721,0.7630340183665058,-0.7245626377480472,0.7212649818864938,-0.32007649059260124,0.7106804464980137,-0.5246972299386274,0.6269922737439502,-0.4033408860463266,0.7277788293194067,-0.4716582222382867,0.7166117396108765,-0.43985925293615974,0.8080527131059833,-0.38479216144467354,0.7428508315570055,-0.223284659448716,0.8679322838794781,-0.376066694670139,0.9826387489698643,-0.6082760089679603,1.0092633452603375,-0.5097995310989679,0.9533499141859976,-0.5224119975906323,1.0535036941943663,-0.4774693349045502,0.9682850760484276,-0.7082260281078131,0.9530335516432799,-0.7377217946586846,0.9159049474626376,-0.5269983426878868,0.9444165513665144,-0.49822399204118434,0.8490986243720005,-0.5590447407081385,0.8319534867757471,-0.3271433029492534,0.9971534146118595,-0.537508338751486,1.0638845457971013,-0.7217751923922833,1.000794326440717,-0.7646940593640945,1.0142586928877542,-0.6489425539836113,1.0524401730027053,-0.5362497941828409,1.0032780317123111,-0.4284609085992848,1.0269101342718938,-0.5250653482258153,1.025810170945162,-0.3812795049348694,-0.6593034530747475,-0.7663160411105042,-1.153085686050151,-1.1761848993404536,-0.7645149059611763,-0.8750012134029103,-0.9861895703401339,-0.9748585756942076,0.14075065199625955,-0.17961754580231032,-0.13909227044066963,1.6717945796987614,0.7260580590670904,0.7840604193314358,0.7569128625229151,0.8126656512513998,-0.5938023007876625,4,-0.1039411228834729,0.0,0,0.82799715,0.8280228,0.7841287977227811,0.006337260381193199,-0.0014280679225091575,0,0,0,-0.0006,-0.1039411228834729,0.16680923710101503,0.04615746928749975
1714003200000,2024-04-25,1714003200000.0,2024-04-25 00:00:00,1714003200000.0,2024-04-25 00:00:00,1714003200000.0,2024-04-25 00:00:00,1714003200000.0,2024-04-25 00:00:00,1714003200000,0.7350732835117688,0.714555183017526,0.7245976632711744,0.7284508269739093,-0.5666737614939805,0.7350732835117688,0.768637252938189,0.760813210296544,0.883289559522089,-0.5865215992387433,-0.5616060059043486,-0.18398594964690848,-0.8090873594279234,0.8325849950334488,0.835658467149692,0.821752207758288,0.34211547104234485,1.5000454879240563,0.0942356680013034,-0.829066566697866,0.11797960017293195,-0.20873304150315775,0.07279664119609297,-0.5463473161408536,0.768637252938189,-0.07436394718470897,0.7464374663282439,0.8076898966462264,-0.44538469356970845,0.27917547626789396,0.09775856807502376,-0.17578344557175557,-0.006996612750698293,-0.0957195731061193,-0.39581671650942496,-0.6493284299756351,-0.6108215264536536,0.7286992794530054,-0.5934322698695403,0.8151963231976728,-0.7003397401721098,0.8337821120706533,-0.6142797518292439,0.7627827126508996,-0.7389870383533386,0.7653662909256105,-0.7238179151639333,0.7235746372015268,-0.31973690991588277,0.713366118545547,-0.5245755745605185,0.6297400863578535,-0.4029872628277005,0.7304433017353442,-0.4712810466637806,0.7192364255957361,-0.439371524958331,0.8108554548464849,-0.3845615863173904,0.7454786641136366,-0.22306968773299424,0.8705037304192289,-0.37593521745650427,0.9851934793077949,-0.6081330858272427,1.0119715246501493,-0.509467797306227,0.9563416550078622,-0.5221841329024098,1.0564658357659544,-0.47726567709760165,0.9713074784532921,-0.7079386500267631,0.9560741843046456,-0.7373140713050966,0.9188342069663425,-0.5268999620303768,0.9471465875799244,-0.49816060116146094,0.8518770477707697,-0.5588509055664482,0.8347525622018194,-0.3269111477186283,1.0001793976177509,-0.5371820306529691,1.0665217808311658,-0.7214754958364555,1.003584351540171,-0.7644348174082624,1.0169067515080228,-0.6487627022255976,1.0552567723898427,-0.5361307258553025,1.0060783632907369,-0.4281323245366053,1.0294519679020335,-0.5247653797061994,0.025404004093129543,0.3424968856350466,-0.7110427458158571,-0.8016237495753412,-0.8335999121863485,-1.024204165347482,-1.1077348035579901,-1.1049591239639445,1.0464255306240713,-0.17473277725942096,-0.10909780186821802,1.8459633349821185,0.7350732835117688,0.714555183017526,0.7245976632711744,0.7284508269739093,-0.5666737614939805,4,0.012416671548638902,0.0,0,0.828512,0.8318878,0.7898524071604152,0.0057236094376340585,-0.0006136509435591408,0,0,0,0.0,0.012416671548638902,0.16680923710101503,0.059147262971797954
1714089600000,2024-04-26,1714089600000.0,2024-04-26 00:00:00,1714089600000.0,2024-04-26 00:00:00,1714089600000.0,2024-04-26 00:00:00,1714089600000.0,2024-04-26 00:00:00,1714089600000,0.7065058208171845,0.6960337560909805,0.7472790088127976,0.7386344471448592,-0.6686351919332957,0.7065058208171845,0.7682661860293086,0.7515013927243884,0.8760091355099954,-0.6323064588266151,-0.5827517863772285,-0.2769681952297653,-0.58054440011187,0.8227029093317406,0.8248954013185807,0.8129824264483315,-0.30863713406211607,1.2261174137061333,-0.4663887850692631,-0.9385355201937999,-0.11692534235212816,-0.394157247906199,-0.12524955955414208,-0.7370827238654498,0.7682661860293086,-0.060935188992397145,0.7464374663282439,0.8050048711278138,-0.39618605184333616,0.10751644655619719,0.10138926508578852,-0.74763405026253,-0.5430942968835516,-0.7206091045780879,-1.237751577375793,-0.7013764316479766,-0.6407837090328836,0.7377103574367773,-0.5663092463786851,0.7310677828802409,-0.5930381414272408,0.8177461366579821,-0.6994915822320278,0.8358546759391763,-0.6138429461355266,0.7651151447927017,-0.738237621476367,0.767646738374906,-0.7233912301166264,0.7262551642930232,-0.3196307901251317,0.716081866747682,-0.5241960496295257,0.632443666731598,-0.4026250434042637,0.7330621050704939,-0.4707848562427794,0.7220634161084163,-0.4391328109445122,0.8134557281912255,-0.38432170769602403,0.7480996125057026,-0.22295186902808206,0.8731013101749046,-0.37581182570672755,0.9879084031964334,-0.6077825141864978,1.0149570214967905,-0.5092416977826462,0.9593148959563735,-0.52197483524598,1.0594813389752413,-0.47701363799419605,0.9743469522223499,-0.7075370452884763,0.9589980556218766,-0.7372027643617024,0.9215707407842452,-0.5268354014900877,0.9499021179742271,-0.4979737659630138,0.8546717828746749,-0.5585829235855984,0.8377869308522448,-0.3266239738390384,1.0028341733701462,-0.5369114297853292,1.069299351989377,-0.7212220987224475,1.0062352848463199,-0.7642431938315957,1.0197290535729546,-0.6486353835573335,1.0580481915398294,-0.5357809253525911,1.0086268285901312,-0.42784917140835516,-0.6277490470890346,-0.09897217116256685,-1.097201746957528,-1.1278461500305184,-0.5194422414928803,-0.4704763234096337,-0.5546647363849417,-0.25126631012314815,0.8503355318460682,-0.1712481396325412,-0.10363171256668807,1.584710202057083,0.7065058208171845,0.6960337560909805,0.7472790088127976,0.7386344471448592,-0.6686351919332957,4,-0.03886342128788167,0.0,0,0.8281467,0.82124245,0.793459806354458,0.0036073991940428485,-0.00211621024359121,0,0,0,-0.0,-0.03886342128788167,0.16680923710101503,0.01798517668501809
1714176000000,2024-04-27,1714176000000.0,2024-04-27 00:00:00,1714176000000.0,2024-04-27 00:00:00,1714176000000.0,2024-04-27 00:00:00,1714176000000.0,2024-04-27 00:00:00,1714176000000,0.6950970103829502,0.665019145808385,0.7103806514917355,0.7081823737009457,-0.7323567054977017,0.6950970103829502,0.7599810248212956,0.7500983301631141,0.8666393328025761,-0.6782178067754336,-0.6092809199441936,-0.3517217362014069,-0.18412004790127648,0.8113496066665133,0.8096299340697813,0.8062851613571496,-0.23796454870257905,0.8430087019719135,-0.2126008093739297,-0.33725488606770565,-0.42456749584627407,-0.9243754190823197,0.2949357464652955,-0.8174796152264026,0.7599810248212956,0.10425574715711028,0.7464374663282439,0.7932631322329242,-0.5262716144523145,-0.18453301490119295,0.06669862264366154,-0.679622162592251,-0.6263396794820392,-0.6871068883159631,-0.27438354390183367,-0.7022265775240867,-0.659975269284012,0.7091560340564705,-0.6682499459139091,0.7400730725936653,-0.5659209322768017,0.7336582323510332,-0.5922274864224296,0.8198310848724474,-0.6990351054857826,0.8381407063468225,-0.6131342562900879,0.7673957585736253,-0.7378078254789171,0.7703096801034893,-0.7232545141258248,0.7289661277171842,-0.3192950515140657,0.7187510051181687,-0.5238074316099154,0.6351041499232408,-0.4021473432556852,0.7358853208729131,-0.47054145786618,0.724699672868569,-0.4388845045810683,0.8160491968681697,-0.38418949353223797,0.7507439657425796,-0.22284133760113614,0.8758476428592821,-0.375505760059876,0.9908964630831029,-0.6075430077580355,1.017923566475851,-0.5090340325474564,0.9623380001813064,-0.5217159552457131,1.0625152209516975,-0.47665947422728766,0.9772683724827852,-0.7074275684809145,0.9617243883104619,-0.7371296258066193,0.9243322428270734,-0.5266452695057074,0.9526754984425214,-0.49771519683720344,0.8577051229867554,-0.5582526993027647,0.8404864201105336,-0.3263865612623881,1.0056238119624086,-0.5366829929588564,1.071932587717966,-0.7210348797030454,1.0090592995506036,-0.7641074072157907,1.0225265644105703,-0.6482634139046756,1.0605801125563357,-0.5354790979554097,-0.33485119834266597,-0.1367633873002211,-0.7757707604079964,-0.8529752614505216,-0.4500168080988243,-0.9831969884996447,-0.7089681154594403,-0.7158926312278157,0.9788731921437287,-0.18147768982942997,-0.17687044681447484,0.53969767035694,0.6950970103829502,0.665019145808385,0.7103806514917355,0.7081823737009457,-0.7323567054977017,4,-0.016148218596469865,0.0,0,0.78648764,0.78615856,0.7926490083320378,-0.0008107980224202338,-0.004418197216463082,0,0,0,-0.0,-0.016148218596469865,0.16680923710101503,0.0015465295239425192
1714262400000,2024-04-28,1714262400000.0,2024-04-28 00:00:00,1714262400000.0,2024-04-28 00:00:00,1714262400000.0,2024-04-28 00:00:00,1714262400000.0,2024-04-28 00:00:00,1714262400000,0.6812588436307245,0.6789833891406818,0.7256128401091263,0.6966788572108218,-0.7587936660996293,0.6812588436307245,0.7497634680567319,0.7428776408212105,0.8579897925589829,-0.7269672970195319,-0.6407109609462895,-0.41977600987570163,-0.5790813198408028,0.7949309393108198,0.7708809811599502,0.8160212607696887,-0.2483807204637963,0.7190701831711136,-0.2501829470269418,-0.5334591423005176,-0.4997868505033925,-0.9153059117140788,-0.18818834681334073,-1.0777737820420736,0.7497634680567319,0.27076717568093767,0.7464374663282439,0.779021144277632,-0.5292144431540363,-0.3131190864093382,0.06028791062486596,-0.6840430226880202,-0.6100228620822452,-0.5059141081337973,-0.42596044368941555,-0.7048804859548149,-0.6678557682212082,0.6977524709887046,-0.7319585035538979,0.7115370910969392,-0.6678397788674391,0.7426591723034157,-0.5651197549960076,0.7358081204066813,-0.591795771468685,0.8221272904879222,-0.6982986906099511,0.8403729560124001,-0.6127314504631283,0.7700588004465351,-0.737670016738667,0.7730042892465778,-0.7228325415685869,0.7316301265161183,-0.31895105978638955,0.7213747812600544,-0.523297094907148,0.6379541103713104,-0.4019141801199228,0.7385159762374002,-0.47028830088820317,0.7273290211638623,-0.4387474194302473,0.8186675849769041,-0.38406540789874016,0.7535245835770097,-0.22256457664902482,0.8788476386959457,-0.375297928567248,0.9938657566377292,-0.6073229438401524,1.0209420852029754,-0.5087771326045253,0.9653780427749789,-0.5213526078856782,1.0654248145728846,-0.47656418746393925,0.9799900647329862,-0.7073556444225854,0.9644765149659584,-0.7369153159715619,0.9271111936598189,-0.5263822671770827,0.9557037780865713,-0.4973962832985086,0.8603991279253641,-0.5579787772633155,0.843306820115949,-0.3261865956403271,1.0082741960254813,-0.5365145835187546,1.0747460588119113,-0.7209022614642736,1.011858639855766,-0.7637126836908986,1.025069793523864,-0.6479420736831253,-0.36840227844156415,-0.2601626891027268,-0.5706986859083631,-0.663215334116226,1.8071600088323803,-0.5529713444409315,0.3916649495874124,0.2791908805053333,0.818944400804622,-0.16417952822872423,-0.1145040759641103,0.8880351809236543,0.6812588436307245,0.6789833891406818,0.7256128401091263,0.6966788572108218,-0.7587936660996293,4,-0.019908252438896046,0.0,0,0.7436705,0.7531203,0.7883807556495818,-0.0042682526824560085,-0.0034574546600357747,0,0,0,-0.0,-0.019908252438896046,0.16680923710101503,-0.018392511615120344
1714348800000,2024-04-29,1714348800000.0,2024-04-29 00:00:00,1714348800000.0,2024-04-29 00:00:00,1714348800000.0,2024-04-29 00:00:00,1714348800000.0,2024-04-29 00:00:00,1714348800000,0.7105037426500789,0.6748765763105962,0.6855860056211217,0.6828613228936712,-0.617553141917788,0.7105037426500789,0.7332877818252487,0.744043725087072,0.8506492879724753,-0.7195309917813939,-0.6642980463782009,-0.31086829189623616,-0.012305873562847106,0.7847836558602816,0.7498730929345692,0.8186134967582318,0.3055455232813686,0.5959063570235354,0.4047696969544155,-0.03429949942911885,-0.7253084502175037,-0.1920263269297931,-0.11223994124020806,-0.7503463315405968,0.7332877818252487,-0.10819968304096302,0.7309996210760206,0.779021144277632,-0.8991686038251582,-0.478185974100285,0.07542032836698952,-0.1948891453628826,-0.6397435741057524,1.522616500042236,-0.22317727763904882,-0.7051332993705517,-0.6253630504089112,0.6839206689607084,-0.7583900889654978,0.7001408531134837,-0.7315346793559057,0.7141369743388758,-0.6670029799747466,0.7448021090666535,-0.5646942978307213,0.7381576817975409,-0.5910942566801104,0.824370145682238,-0.6978775111557227,0.843006878999049,-0.6126031222650156,0.7727535027232411,-0.7372449643186699,0.7756507210866652,-0.7224006616314672,0.7342484250872804,-0.3184958945171856,0.724201187955275,-0.5230458658941194,0.6406244528460316,-0.40167162163960246,0.7411397392947054,-0.4701484122248536,0.7299813113303151,-0.43861874746400653,0.8214291702678577,-0.38375776110568427,0.7565376084339506,-0.22237760132079934,0.8818297322303389,-0.3751071575758243,0.9968861576295989,-0.6070510048239618,1.0239784112542722,-0.5084164433814723,0.9683006660992602,-0.5212545742225778,1.0681241161584456,-0.4765016800632853,0.9827379265756478,-0.7071447577479989,0.9672467204205918,-0.7366198015788125,0.9301407933287915,-0.5260580265805997,0.9583707998557655,-0.49713195348494477,0.8632157549002337,-0.5577474913066631,0.8460009174489427,-0.32603964153708415,1.0110978835095588,-0.5363954957747576,1.0775341362712703,-0.720516051554499,1.0144052650388105,-0.7633713159845918,-0.6570506186214378,-0.4504137150263726,-1.1420126416137082,-1.166238703369646,-0.8830817062559053,-1.1141429826471643,-0.9936556492426717,-0.994808849709221,0.5024025421506968,-0.1442468353137449,-0.07091021927362895,0.7138664256402971,0.7105037426500789,0.6748765763105962,0.6855860056211217,0.6828613228936712,-0.617553141917788,4,0.042927734873129175,1.0,0,0.7436705,0.73269665,0.7825044977557521,-0.005876257893829617,-0.0016080052113736087,0,0,0,0.0,0.042927734873129175,0.16680923710101503,0.023745674395744043
1714435200000,2024-04-30,1714435200000.0,2024-04-30 00:00:00,1714435200000.0,2024-04-30 00:00:00,1714435200000.0,2024-04-30 00:00:00,1714435200000.0,2024-04-30 00:00:00,1714435200000,0.5851932601172652,0.6933564459804978,0.5788050838185499,0.7118177670819164,-0.4395444897743768,0.5851932601172652,0.7012734355795842,0.7353597626023647,0.8370404662759512,-0.8757030775315466,-0.7158656353110171,-0.6994071223066064,-0.6295736352995347,0.7655404288190248,0.7161311825750474,0.8164268900311291,2.2588919930174027,0.7604050781164646,-1.9266544937142962,-1.0326368547532145,-1.3204380812297218,-1.0775211122210016,-0.8847155291635029,-1.2494290224227258,0.7012734355795842,0.10098867377392387,0.658713345602622,0.6801522039176853,-0.26266283944355284,-0.10141747706837052,0.1707151398962193,1.734027193279831,-0.07819088780950491,0.7735480176016533,2.230188049070819,-0.665804590049906,-0.5642460266065085,0.7131521170858288,-0.617178281953943,0.6863179359502811,-0.7579605986501062,0.7027462409992002,-0.7306756184861501,0.716301938372519,-0.6665540031847697,0.7471459591470183,-0.564001602975648,0.740456149242606,-0.5906962058279362,0.827010454006091,-0.6977427290544158,0.8456745008877767,-0.6122047903056963,0.7754000346028483,-0.7368099454364448,0.7782502974241743,-0.7218368402696741,0.7370713169986136,-0.31827520550361876,0.7268365783727521,-0.522784600364212,0.6432877885329013,-0.401537858596164,0.7437867520621958,-0.47001710057979357,0.732767746966082,-0.4383006498383566,0.824434962390087,-0.3835488043105927,0.7595336741445017,-0.22220611807452742,0.8848588988355532,-0.37487074962998224,0.9999240092549949,-0.6066701263285638,1.0268931740928278,-0.5083192047923389,0.9710246360378691,-0.5211902439513084,1.0708513997742177,-0.47631733502433654,0.9855041538052225,-0.706853846494471,0.9702742476727292,-0.736256493596589,0.9328148536675228,-0.5257891790853537,0.9611688633025478,-0.4969088964010606,0.8659044905971462,-0.5575769348183762,0.8488506478014919,-0.3259359874887923,1.013896874273093,-0.5360456430988814,1.0800598540542303,-0.7201821773550223,-0.4876827701790148,-0.04928546684864429,-0.9566026134745899,-1.0087634457887875,-0.5850459672591208,-0.5557440440192845,-0.87230523158303,-0.8830653816755436,0.9966171157195823,-0.17644522912393248,-0.16498001438188484,0.53969767035694,0.5851932601172652,0.6933564459804978,0.5788050838185499,0.7118177670819164,-0.4395444897743768,4,-0.17636850449995267,0.0,0,0.7202152,0.74095047,0.778201000610216,-0.004303497145536128,0.001572760748293489,0,0,0,-0.0,-0.17636850449995267,0.16680923710101503,-0.1568108191857288
1714521600000,2024-05-01,1714521600000.0,2024-05-01 00:00:00,1714521600000.0,2024-05-01 00:00:00,1714521600000.0,2024-05-01 00:00:00,1714521600000.0,2024-05-01 00:00:00,1714521600000,0.493653021161752,0.5434915619806843,0.47692221970232845,0.5856092636718456,-0.23413969720774647,0.493653021161752,0.6682181128624667,0.727166390677171,0.8225382693309456,-1.112930448068118,-0.8067882607682196,-1.2458933519574777,-0.6051289123691617,0.7429760597934522,0.6955747992939092,0.791720048015461,1.4162426582545418,0.7282908798710758,-1.49119806319132,-1.723022628029104,-1.4022236395271308,-1.5089097426755274,-1.3006998784021073,-1.4474446529672713,0.6682181128624667,1.0736342241469703,0.658713345602622,0.58594066535393,-0.17692898814841898,-0.11074600827041668,0.22488230680510823,1.0348600212195238,0.06293179827125014,0.454660146498048,1.8728682571000557,-0.6117341137944223,-0.49027141134769486,0.5878992698365504,-0.4392058227148396,0.7155306072404103,-0.6167790630984071,0.6889300006213623,-0.7570923016687515,0.7049200019272378,-0.7302119429411902,0.7186638864659171,-0.6658281589947307,0.7494384737438856,-0.5636093971728171,0.7431299403830617,-0.5905695478578362,0.8296840142197708,-0.6973262070734692,0.8482919443556671,-0.6117970044743608,0.7779997175588838,-0.736242243400416,0.7810611758703242,-0.7215560049667165,0.7397014917322708,-0.3180455638619897,0.7294650628244049,-0.5226400251963442,0.6459721928233034,-0.4014123145975722,0.7465693193432741,-0.46969298794324316,0.7357829827000782,-0.4380842551810161,0.8274232717965303,-0.38335699264137635,0.7625724091002929,-0.22199310534086406,0.8879038549836862,-0.3745375699816877,1.002841998682196,-0.6065668489367059,1.029602262246671,-0.5082554021402409,0.9737745911988664,-0.52100076099938,1.0735984315968554,-0.4760621144271598,0.9885307383261844,-0.706496069770272,0.9729372575761597,-0.7359545144891194,0.9356177594173456,-0.5255622464226188,0.9638312194404351,-0.496744541028633,0.868751026670624,-0.557456302615368,0.8516774579553928,-0.3256276060594595,1.0164428505964445,-0.5357437697799662,0.6991850662661941,2.520476252516974,1.3619695839638881,1.1208579602987518,2.906810456543697,-0.17001211146918893,2.644274132284341,2.3515344206608866,0.6146398619118819,0.11359304243881863,0.4644483989004265,0.4526132927152615,0.493653021161752,0.5434915619806843,0.47692221970232845,0.5856092636718456,-0.23413969720774647,2,-0.1564273637347937,0.0,1,0.73506075,0.6965735,0.769876434002481,-0.008324566607735062,-0.004021069462198934,0,1,1,-0.1570273637347937,-0.1564273637347937,-0.01641174138236312,-0.28870867987020554
1714608000000,2024-05-02,1714608000000.0,2024-05-02 00:00:00,1714608000000.0,2024-05-02 00:00:00,1714608000000.0,2024-05-02 00:00:00,1714608000000.0,2024-05-02 00:00:00,1714608000000,0.5234361505822295,0.49824867213034607,0.4917897748925017,0.4944678231611147,-0.542838009470043,0.5234361505822295,0.6381166409195006,0.714943979942766,0.8143672083241442,-1.2480407975135899,-0.9078145629305331,-1.3861935695615442,-0.9296191198211285,0.7274494164678613,0.6895213798822968,0.7652936396126664,0.4548161271649127,0.6908924780598148,0.4502979938092488,-1.6989580485853426,-1.2818217355741846,-1.2394055058583815,-1.4600126986404396,-1.0860295172503123,0.6381166409195006,1.217733749950755,0.6350977086718754,0.58594066535393,-0.05895049055615394,-0.31730771016248716,0.028603397055319755,0.06342846720337118,0.11505479772859104,-0.9439125994000579,-0.08647462463452804,-0.6081507263334694,-0.5944333472766651,0.49640113388407753,-0.23384279326428367,0.5903582162187854,-0.4388447556701848,0.7181285615226471,-0.6159601104143524,0.6911144316269012,-0.7566225278630214,0.7072891777118782,-0.7294653818409573,0.7209752644610127,-0.6654139848291524,0.7521086808156912,-0.5634847923293029,0.7458346394135247,-0.5901759233573617,0.8323078363422526,-0.6968998822734148,0.8508606259274841,-0.6112629706279298,0.7808106644187699,-0.7359592599606163,0.7836735234948373,-0.7212640823961564,0.7423247755451644,-0.31791926637139073,0.732116536759295,-0.5225043009201341,0.648782168241232,-0.4011013446419129,0.7495830850276539,-0.4694723123999444,0.7387814193305468,-0.43788556498951914,0.8304566951218322,-0.38311932239776036,0.7656251203890593,-0.22169133270163832,0.890836870473803,-0.3744485597671168,1.0055571955422216,-0.6064990388736957,1.0323385402458531,-0.5080674063269862,0.9765427710795378,-0.520738631427601,1.0766204673282755,-0.4757472245720826,0.9911887214465461,-0.7061987815191908,0.9757325609919892,-0.7356991592449265,0.9382869966727808,-0.5253949704905775,0.9666620394764883,-0.4966283695402633,0.8715744246467717,-0.5571022998874461,0.8542750758562507,-0.3253622348685968,2.58711537104117,1.2498488715529223,3.2997921780131727,2.8450534044276585,0.3222150718122698,0.7990768327576102,-0.3224081225802975,-0.31893932564100536,0.6987078045262672,-0.17417155505410536,-0.16316562891267447,0.4526132927152615,0.5234361505822295,0.49824867213034607,0.4917897748925017,0.4944678231611147,-0.542838009470043,2,0.06033211211872369,0.0,1,0.6080522,0.6368094,0.7564758967406013,-0.01340053726187962,-0.005075970654144557,0,1,1,0.06033211211872369,0.06033211211872369,0.04293021571521627,-0.24579497219505975
1714694400000,2024-05-03,1714694400000.0,2024-05-03 00:00:00,1714694400000.0,2024-05-03 00:00:00,1714694400000.0,2024-05-03 00:00:00,1714694400000.0,2024-05-03 00:00:00,1714694400000,0.6723264250350274,0.6411973005148937,0.5674283466736525,0.5279137241615297,-0.492784992620557,0.6723264250350274,0.6332552533693933,0.712340940609679,0.8104101394205314,-1.1416628302575607,-0.966363133182098,-0.7963454178099593,-0.2416410903173244,0.7253474425514769,0.6876262382754267,0.7629690443967206,1.5924132745137727,0.6142675846921529,2.3818668188359946,0.7300575007036254,-0.2949202198038055,-0.1492724818260645,-0.7333474766326673,-0.2977169472793097,0.6332552533693933,1.1108921345107619,0.6350977086718754,0.58594066535393,1.0624210263775875,0.3149204198548138,0.3259023943685993,1.0057127044806353,0.4970997004501358,-0.016210307612563132,1.1732283876458758,-0.5817139938741585,-0.5856365813822989,0.5261705648567155,-0.5424783406646415,0.49891885413866544,-0.2335257497246985,0.5930166316307952,-0.4380879927287991,0.7202904429127174,-0.6155229168117986,0.6934923741446923,-0.7558673716728738,0.7096080890653553,-0.7290374783924648,0.7236568287372986,-0.6652816633990092,0.7548100466840024,-0.563096954469235,0.7484919093109678,-0.5897729352900999,0.8348833160549826,-0.6963429287212077,0.8536516801796372,-0.6109986241244172,0.783423113564295,-0.7356651130141328,0.7862790316223207,-0.721101788360509,0.7449713354825399,-0.31780075164821825,0.7349023740940399,-0.5221701332631493,0.6518063495478342,-0.4008900227505046,0.7525799451932952,-0.46926966325243846,0.7418217779269722,-0.43763955139176997,0.8335051013382554,-0.382784448172074,0.7685745379986986,-0.2216117166211744,0.8935805152748323,-0.3743902175480741,1.0082990877714342,-0.6062997478382985,1.0350939620454616,-0.5078072765172443,0.9795698183257192,-0.5204154395596214,1.079254195625151,-0.4754863070965292,0.9939805666018856,-0.705947450415052,0.9783909950090874,-0.7355104646173231,0.9411219162429013,-0.5252766981249921,0.9694686493411186,-0.4962863530144847,0.8741657084677096,-0.5567967737790968,-0.4588927819972966,0.016481667435693157,-0.8086827226458077,-0.8724928189232267,-0.48186593121166105,0.08772534105791643,-0.4915980128634807,-0.4518357355555162,0.8072916124166669,-0.13591669086087688,-0.027179060118056497,0.8880351809236543,0.6723264250350274,0.6411973005148937,0.5674283466736525,0.5279137241615297,-0.492784992620557,2,0.28444782479617436,0.0,1,0.6080522,0.6082502,0.7417020835183203,-0.014773813222280996,-0.0013732759604013767,0,1,1,0.28444782479617436,0.28444782479617436,0.33958944698961435,-0.031262992585606275
1714780800000,2024-05-04,1714780800000.0,2024-05-04 00:00:00,1714780800000.0,2024-05-04 00:00:00,1714780800000.0,2024-05-04 00:00:00,1714780800000.0,2024-05-04 00:00:00,1714780800000,0.7119803547404587,0.6861628929402969,0.7179558692914465,0.6769664006825271,-0.6818333344065998,0.7119803547404587,0.6356565971668927,0.7094138614982763,0.8045177336201119,-0.99398433322124,-0.9822823807647606,-0.20439226834550936,-0.26047351089646836,0.7218279928836786,0.6798184868823539,0.7644755405563121,-0.013717525877070418,0.5929245537962137,0.565487248326832,2.013883090626981,-0.006615034548895165,-0.07924525160902166,-0.18350811540213094,-0.3799150839695279,0.6356565971668927,1.1769138991591617,0.6365169918082701,0.58594066535393,1.1047258165436384,0.30783775599046237,0.24134754273621944,-0.4835667091715487,0.539819137679261,-0.9613429381333548,0.36095170126903675,-0.5741184787726796,-0.6449308441317213,0.6749923587402086,-0.4924355006466035,0.528669162702767,-0.542095135174573,0.5016214368553977,-0.23284074774009153,0.5952751351084795,-0.4376918606989601,0.722649858249104,-0.6148136802348482,0.6958204229862618,-0.7554337721809075,0.7122941889979707,-0.728900334427198,0.7263687567370365,-0.6648720767036316,0.7574637362637239,-0.5626998640500178,0.7511030364606538,-0.5892448329138933,0.837678732459146,-0.6960658950758746,0.8562346101411631,-0.6107237755538796,0.7860287229199447,-0.7355015333546275,0.7889087956086661,-0.7209493806846343,0.7477535708373206,-0.3175057992352845,0.7379173824620734,-0.5219423015572936,0.6548143793106814,-0.40069602384426156,0.7556192242035512,-0.4690188476099139,0.7448758051751986,-0.4372934765923542,0.8364454137215085,-0.382694931093343,0.7713492359459264,-0.22155960844507838,0.896348552694191,-0.3742176124211517,1.0110597465348807,-0.6060244292927381,1.0381179859733096,-0.5074864876180394,0.9822302687658848,-0.5201474814524274,1.0820293542641617,-0.475266177351478,0.9966340862844729,-0.7057617882998488,0.981219478379958,-0.7353767849136061,0.9439329052925153,-0.5249290364187819,0.9720287691232089,-0.4959913769117889,0.36255921641007316,0.031731743676442443,0.7504575522368092,0.6172267894856451,0.6862160234190947,-0.2889964540177569,0.548695283843598,0.5224619730184976,0.4401876701105642,-0.14393404362526993,-0.015737027835462013,1.2363726914903685,0.7119803547404587,0.6861628929402969,0.7179558692914465,0.6769664006825271,-0.6818333344065998,2,0.058980174255928386,0.0,1,0.66842264,0.6569656,0.733327404440875,-0.00837467907744538,0.0063991341448356165,0,1,1,0.058980174255928386,0.058980174255928386,0.4185986660044645,0.025873284919861295
1714867200000,2024-05-05,1714867200000.0,2024-05-05 00:00:00,1714867200000.0,2024-05-05 00:00:00,1714867200000.0,2024-05-05 00:00:00,1714867200000.0,2024-05-05 00:00:00,1714867200000,0.7165595803209204,0.6909576277320126,0.7308706482113997,0.7147732219408112,-0.7363176297517231,0.7165595803209204,0.6406774747432289,0.7068286196324525,0.799618373947871,-0.862730693530196,-0.9675370605783591,0.22141762802202483,-0.24071512114254168,0.722939966421636,0.6812310976538657,0.765227626269302,-0.13638120791459307,0.6084825841075959,0.028269133494378772,1.7496466735314866,0.09881237792257458,0.8320328920637449,-0.2036311142426245,-0.09757245213589939,0.6406774747432289,1.2957709347340898,0.6409184305384823,0.58594066535393,1.094106202449257,0.30860754517361827,0.23803262699986888,-0.5959792405597122,0.5590077659329054,-0.6478636651154951,0.09961067009078862,-0.5707395064314622,-0.6615553134171346,0.7146280500234772,-0.6814454049271575,0.6773953608342157,-0.4920630227993201,0.5313573753395464,-0.5413022852377973,0.5039505234863012,-0.23249199679945462,0.5977139369402761,-0.4370404976572401,0.7249585963740639,-0.6144105120839931,0.698512024383642,-0.7552946274287174,0.7150103351306423,-0.7284771556441241,0.7290337916352885,-0.6644528202317438,0.7600710476394036,-0.5621790529293283,0.7539213266976456,-0.5889837697598567,0.8402681355371963,-0.6957779090867849,0.8588107854632802,-0.6105713497880463,0.7886585825551098,-0.7353479151851194,0.7916787194637135,-0.7205771967242618,0.7507672103832862,-0.31730587703622487,0.7409155752678172,-0.5217330344029,0.65786130742446,-0.4004557005754255,0.7586723764480343,-0.4686663262836335,0.7478280060386003,-0.4372006093158549,0.8392028732913572,-0.38263625251408806,0.7741458128793358,-0.2214045744885379,0.8991335997378812,-0.37397817853627263,1.014085011480771,-0.6056853891930293,1.0407623156297263,-0.5072205673802374,0.9850238113556425,-0.5199213117680888,1.084659161700868,-0.47510402796373075,0.9994596418632217,-0.7056302900055367,0.9840235921831064,-0.7349877227852009,0.946501154225452,-0.5246290915457655,-0.13758382631237404,-0.2646989708965047,-0.42457970625482455,-0.5512079831762243,-0.39606455125526197,-1.2549923494248052,-0.23818048634574837,-0.23157718089097476,0.976986281786774,-0.17497726157308324,-0.15127765396593648,0.8009508032819758,0.7165595803209204,0.6909576277320126,0.7308706482113997,0.7147732219408112,-0.7363176297517231,2,0.006431674062314485,0.0,1,0.7202152,0.7426297,0.7342404269713572,0.0009130225304821993,0.009287701607927579,0,1,1,0.006431674062314485,0.006431674062314485,0.42772263024943924,0.032471367517701744
1714953600000,2024-05-06,1714953600000.0,2024-05-06 00:00:00,1714953600000.0,2024-05-06 00:00:00,1714953600000.0,2024-05-06 00:00:00,1714953600000.0,2024-05-06 00:00:00,1714953600000,0.683613470876278,0.7230195807866342,0.7239704139299793,0.7193610895714425,-0.597840757933307,0.683613470876278,0.6368528304091584,0.6967296193733987,0.7923173011701314,-0.7962319926570072,-0.9418178986175815,0.37380100625489443,-0.6868061006185571,0.7217405198066202,0.6799744711248203,0.7641052347999336,0.4886023734315334,0.6041447734213496,-0.5352822671394226,0.030676267255511487,-0.25358481313815856,1.296372984073376,-0.22492683755450568,-0.24188582424646296,0.6368528304091584,1.2089257863764304,0.6409184305384823,0.58594066535393,1.1077399632983829,0.20100973865189226,0.2262811532095855,-0.012789792270307918,0.5986862433645416,1.212625563976847,-0.08783885250815425,-0.5677760123690747,-0.6184493056837034,0.7192051694356489,-0.73591862246868,0.7170055921118147,-0.6810324091809047,0.6800117353132953,-0.4912876595644559,0.533663497346245,-0.5408823263078674,0.5064473177430949,-0.2319074142279868,0.6001054189042484,-0.43667568281925695,0.7276385712471805,-0.6142820566163265,0.701233286845247,-0.7548658095221069,0.7176799009384053,-0.7280440463416138,0.731653194443882,-0.6639046052455468,0.7628868894149018,-0.5619220258302786,0.7565446728810484,-0.588712321067473,0.8428507653036111,-0.6956178902794405,0.8614128333671718,-0.6104282336928387,0.791428576521127,-0.7349729728844717,0.7946876804016104,-0.720322308798218,0.7537639352794976,-0.31712242054595946,0.743955766889505,-0.521474191400302,0.6609206592613455,-0.40011726478395776,0.7616227266788486,-0.46857153078984504,0.7506079733527462,-0.43713970751128406,0.8419836072274011,-0.3824626993278324,0.7769574816329009,-0.22118876863519196,0.9021646440430986,-0.37368225842659664,1.016735958430268,-0.6054039907836976,1.0435447676534606,-0.5069961459207786,0.9876797431643741,-0.5197546108014851,1.0874705903359734,-0.4749894433297886,1.0022606281540518,-0.7052470894522828,0.9865790784865051,-0.7346513381222494,1.107391719372689,0.31405950198201565,0.6426311331248069,0.34889417722425325,-0.05441933771485241,-0.5273241408999062,-0.4771598974761569,-0.5280023146183573,1.0428386040055921,-0.12742212795274135,-0.0009330238414191268,0.8880351809236543,0.683613470876278,0.7230195807866342,0.7239704139299793,0.7193610895714425,-0.597840757933307,2,-0.045978185693766105,0.0,1,0.8281467,0.8019129,0.740844937669709,0.006604510698351884,0.005691488167869685,0,1,1,-0.045978185693766105,-0.045978185693766105,0.36207853403663837,-0.014999792741523743
1715040000000,2024-05-07,1715040000000.0,2024-05-07 00:00:00,1715040000000.0,2024-05-07 00:00:00,1715040000000.0,2024-05-07 00:00:00,1715040000000.0,2024-05-07 00:00:00,1715040000000,0.6501213238165009,0.6809258625493325,0.7049782502187459,0.6852636047149475,-0.6590018760448187,0.6501213238165009,0.6460876478568337,0.6853972685779693,0.7833182966426556,-0.7819582818146739,-0.9182540665815263,0.34387197484654153,-0.7417664026201564,0.7237474123008991,0.6789213916097968,0.7696590964065396,0.1027734173554676,0.6489593104853663,-0.5501899652742462,-0.6077963017642825,0.2825290315910659,0.8229660056396547,-0.32837895692106955,-0.037098987720222895,0.6460876478568337,1.1659572071270843,0.6409184305384823,0.58594066535393,0.6314322073578218,0.2125065506773214,0.2277249062058687,-0.34785685674236516,0.14505481694154973,-0.5594038995552432,-1.036401816117452,-0.6007685038744913,-0.6363158566069954,0.6862742132193785,-0.5974699059118774,0.7215797714090947,-0.7354939493432271,0.7196028339425996,-0.6801909993377094,0.682203053762843,-0.49087924645303654,0.536141423442776,-0.5401973808470953,0.5088992446965224,-0.23158685540890966,0.6028352118794795,-0.4365606993005328,0.7303490211115905,-0.613883365953775,0.7039083483601843,-0.7544269529183021,0.7203041326275845,-0.7274787051167975,0.73447679490945,-0.6636324088100523,0.7655066022594126,-0.5616547564356763,0.7591611478411917,-0.5885618603312119,0.8454589119051253,-0.6954676248704182,0.8641624412221824,-0.6100772223685417,0.7944375641025488,-0.7347161218464159,0.7976793880106646,-0.7200880200976915,0.7568031216552696,-0.316894884778033,0.7470096588048377,-0.5211108937079558,0.6638841216277581,-0.40002668240714284,0.7643991903016437,-0.468509349400668,0.7534093931181907,-0.43695988797890983,0.8447804976046186,-0.38222199058332057,0.7799948345595434,-0.22092124061463864,0.9048464073974986,-0.37343742849405887,1.0195229629327742,-0.6051662910814487,1.0461849392985176,-0.5068307623818874,0.990506735805233,-0.5196367520319044,1.0902564860095647,-0.474651690775028,1.004810308806512,-0.7049158640257805,-0.293778656662726,-0.0924744059644284,-0.7733746558314939,-0.8430550979945096,-0.2970242029230579,-0.3827726472216963,-0.641735568076551,-0.6840533519084521,0.8379936907131253,-0.1449321425728074,-0.019546524103798726,1.2363726914903685,0.6501213238165009,0.6809258625493325,0.7049782502187459,0.6852636047149475,-0.6590018760448187,2,-0.04899281317093673,1.0,1,0.79543126,0.7978593,0.746383490268585,0.005538552598875923,-0.001065958099475961,0,1,1,-0.04899281317093673,-0.04899281317093673,0.2953464748944379,-0.06325772386907225
1715126400000,2024-05-08,1715126400000.0,2024-05-08 00:00:00,1715126400000.0,2024-05-08 00:00:00,1715126400000.0,2024-05-08 00:00:00,1715126400000.0,2024-05-08 00:00:00,1715126400000,0.6060475139877545,0.6276539263098786,0.6499892862701928,0.6549892854343531,-0.6893634832171139,0.6060475139877545,0.66207368785612,0.676905648698549,0.7699716189765486,-0.8229737778546105,-0.9079904602666827,0.15918429952481825,-0.6107015104411678,0.7193003969661437,0.678861292266926,0.7601406585590217,0.09415967731548834,0.5681915289625613,-0.720408475814758,-1.0296602491051696,0.5905619362389332,-0.5373389014880359,-0.4713196009535653,-0.44541312123246646,0.66207368785612,0.5761655855319127,0.6409184305384823,0.6165929170627139,0.31756047514833036,0.13050824072156864,0.1488130027488842,-0.33314066886147614,-0.1530252343381866,-0.44186815775577076,-1.3754356502907106,-0.6692053295754479,-0.6446937339532183,0.6527974705324279,-0.6586185886812386,0.6886699684086464,-0.5970749119248338,0.7241748038065866,-0.7346335046707343,0.7217635767739484,-0.6797389781087103,0.6845866551321005,-0.4902105740497768,0.5385736842803587,-0.539810310637641,0.511665430165659,-0.23148741721814944,0.6055919922773284,-0.43619997869040644,0.7330124682700723,-0.6134752145380471,0.706538437176639,-0.7538545063114835,0.7231308316330953,-0.7271970284977289,0.7371080210860907,-0.6633494317072172,0.7681194543613227,-0.5615067112106068,0.7618012742062616,-0.5884205944317459,0.8482129901300496,-0.6951003224730506,0.8671636816870459,-0.6098374030170978,0.7974293002838221,-0.7344800176632597,0.8007151384748132,-0.7197988270268914,0.7598561988195763,-0.31657361562536157,0.7499615734392203,-0.5210128749009323,0.6666854096681024,-0.39996729688524363,0.7671973899860086,-0.46832592325227823,0.7562255792741607,-0.43671075285069844,0.8478143484578746,-0.3819245385674313,0.7827102364231991,-0.2207004889680982,0.9076546125673236,-0.37323109975267565,1.0221696038428278,-0.60499090132126,1.0490025425738494,-0.506713851291598,0.9933092571877856,-0.5192902016824431,1.0927781537088481,-0.4743604677308749,-0.3475091673482045,-0.021883423318454512,-0.989669977706735,-1.0383644199276156,-0.5788564634775486,-0.9419003654447541,-0.882871348408092,-0.8930969398516699,1.0512659461558895,-0.09260796231699335,-0.1323309004184267,-0.24406172841816698,0.6060475139877545,0.6276539263098786,0.6499892862701928,0.6549892854343531,-0.6893634832171139,2,-0.06779320753550055,0.0,1,0.73134387,0.7454371,0.7462919025404234,-9.158772816153515e-05,-0.005630140327037458,0,1,1,-0.06779320753550055,-0.06779320753550055,0.20753078249154022,-0.1267624874020934
1715212800000,2024-05-09,1715212800000.0,2024-05-09 00:00:00,1715212800000.0,2024-05-09 00:00:00,1715212800000.0,2024-05-09 00:00:00,1715212800000.0,2024-05-09 00:00:00,1715212800000,0.6795868025713632,0.6432221704836099,0.6396736703985427,0.6112714790722504,-0.6789368627946596,0.6795868025713632,0.6842832330557874,0.6729795761664965,0.7622321829274463,-0.7489035034106544,-0.8842714007544775,0.34602747222810043,-0.31386507139855213,0.717843421233573,0.6772543686508037,0.7588710433594839,0.5055672285430625,0.5833617530176136,1.1145629595507178,-0.10464929372528074,0.8478590821087914,-0.30468616080790145,-0.2619403955752349,-0.25787803657919456,0.6842832330557874,-0.22695126099796492,0.6409184305384823,0.7016150203266827,0.4282808669691872,0.26807588657960246,0.1640139965900551,0.005277617368107174,-0.16569599424827802,-0.15495564860990657,-0.881406274350946,-0.6896659772598049,-0.6432608324137166,0.6087439320048097,-0.6889740226999832,0.655214729523724,-0.6582104863009602,0.6912808969942175,-0.5962628460301156,0.7263320157734275,-0.7341689154523247,0.7241220566494178,-0.6790088429858757,0.6869206021442885,-0.4898342881420533,0.5413280292477849,-0.539687509717871,0.5144560553625719,-0.23117051038138875,0.6083052054004932,-0.43583052572312336,0.7356301789226576,-0.6129407287200507,0.7093688945154716,-0.753568896527215,0.7257666558177966,-0.7269042347520818,0.7397323533089959,-0.663192307888801,0.7707561575475915,-0.5613677196629281,0.7645787937266378,-0.5880737991308038,0.851215929421961,-0.694848908757589,0.8701471099468512,-0.6096170497085769,0.8004650703146443,-0.7341886224894666,0.8037654308354456,-0.7193947857473539,0.7628063902558454,-0.3164881679529264,0.7527409988531826,-0.5209485544883061,0.6695064243293756,-0.3997917511221388,0.7700105724445744,-0.46807193829135274,0.7592640027023498,-0.4364031754616208,0.8505110767445179,-0.381678409481606,0.7855415837747965,-0.2205148162406909,0.9103313805228549,-0.3730793505284903,1.0249910612845885,-0.6048667923493581,1.0517950340925575,-0.506369847412035,0.9958617874554647,-0.5189912350025062,-0.635410612763099,-0.22128885717656757,-1.12757609726015,-1.1536542149331974,-0.7086924019950328,-0.7960234885320422,-0.905339021954554,-0.9044659635374073,0.6740934152308969,-0.18562486892901606,-0.12319674042880283,4.284325908949119,0.6795868025713632,0.6432221704836099,0.6396736703985427,0.6112714790722504,-0.6789368627946596,2,0.12134244739282041,0.0,1,0.71683216,0.70259106,0.74207592995581,-0.004215972584613481,-0.004124384856451946,0,1,1,0.12134244739282041,0.12134244739282041,0.3540555229412312,-0.020801710468244528
1715299200000,2024-05-10,1715299200000.0,2024-05-10 00:00:00,1715299200000.0,2024-05-10 00:00:00,1715299200000.0,2024-05-10 00:00:00,1715299200000.0,2024-05-10 00:00:00,1715299200000,0.5906096523149523,0.646407426527953,0.6219077005051716,0.6815450178623634,-0.6167506428565124,0.5906096523149523,0.6726605319387678,0.6647790783873092,0.7496505109452873,-0.8037447400209538,-0.876778322899819,0.12071258698025275,-0.5126555675836941,0.7098135214242379,0.6716773608041517,0.7480538062407831,0.8323479583229667,0.6892584393526033,-1.3965972933066684,-0.6005165907843166,-0.5693190567719607,-0.9258502802599275,-0.09225535371569266,-0.6582527525967432,0.6726605319387678,0.07962626858133447,0.6409184305384823,0.6857266556367462,-0.18031659543181128,0.4012517702606746,0.19158250114292175,0.3745627415280726,-0.30322020361908214,0.2255512196276933,-0.7424250090083354,-0.7083025596591465,-0.6211291459074519,0.6822493969396476,-0.6785495222288382,0.6111894888081121,-0.6885594130500811,0.6578418177553903,-0.6573770529381393,0.6934635124373596,-0.5958301995182712,0.72868759462527,-0.7334210665905891,0.7264298197517729,-0.6785918251804992,0.6896157546902458,-0.48971527530606074,0.5441076428497725,-0.5393047561317584,0.5172056228928609,-0.23084571168612986,0.6109759548304154,-0.4353438827525795,0.738452693585235,-0.6126761320288873,0.7120102957936513,-0.7532720300252137,0.7283955727854373,-0.7267414372028579,0.7423799038716443,-0.6630447682892331,0.7735311678641231,-0.5610261069056699,0.7675906411643004,-0.5878369803250747,0.8542011794849618,-0.6946178330010638,0.8731771905915483,-0.6093447596738862,0.8035153785340502,-0.7337816249867436,0.8067097324129912,-0.7192845801472092,0.7655825532424809,-0.31643218987308164,0.7555419205831686,-0.5207590993237873,0.672340888639306,-0.399548362950611,0.7730482840781461,-0.4677585332106007,0.761985112639729,-0.4361484594193934,0.8533295772927603,-0.38147096623695337,0.7882512377500093,-0.2203786329803335,0.9131707866260684,-0.3729722471548403,1.0277876698828163,-0.6045034473392816,1.054328945764204,-0.5060731220819019,1.315168338610976,0.6465735053890392,0.9840449954416097,0.668715147886959,-0.19944186854893659,0.3863290910626644,-0.22849304015207633,-0.2910577118117244,0.944360123547046,-0.18952947672206433,-0.18823038086601357,1.4105414467737258,0.5906096523149523,0.646407426527953,0.6219077005051716,0.6815450178623634,-0.6167506428565124,4,-0.1309283080833039,0.0,0,0.66842264,0.6849269,0.7365766082168936,-0.0054993217389163185,-0.0012833491543028375,0,0,0,-0.0006,-0.1309283080833039,0.3532430896274663,-0.14900648579470244
1715385600000,2024-05-11,1715385600000.0,2024-05-11 00:00:00,1715385600000.0,2024-05-11 00:00:00,1715385600000.0,2024-05-11 00:00:00,1715385600000.0,2024-05-11 00:00:00,1715385600000,0.5912163992495935,0.5691549477779402,0.6335829322530333,0.5932014492657727,-0.8041105479846804,0.5912163992495935,0.6554840905099371,0.6574287687790731,0.737881453606182,-0.8386628013210651,-0.8780946933424968,-0.0016159028518523382,-0.4750449084317892,0.7018259892028178,0.6645910404144301,0.7390860638846687,-0.5968147892619131,0.6559529635673667,-0.031018987744220173,-0.2040408546870688,-0.7815506554920362,-0.7111257995186383,0.3764100335965639,-0.6557103088817993,0.6554840905099371,0.10553215543312014,0.6409184305384823,0.6857266556367462,-0.31979644962356224,0.4020146813436478,0.19183367635821016,-0.9799696635432934,-0.4113837587747313,-1.2969064901755292,-1.2413996944421137,-0.7266853081227109,-0.6809402754047149,0.5933131708196658,-0.6163759460576113,0.68464773747162,-0.6781371472705968,0.6138378422386812,-0.6877153724470256,0.6600502577034116,-0.6569302982822894,0.695839963255484,-0.595127371760978,0.7309923340164672,-0.7329923097309543,0.7291092075869144,-0.6784585048960904,0.6923403196985339,-0.4893431982553352,0.5468453822700988,-0.5389128475203339,0.5199151175438789,-0.23041427474090242,0.6138325027988857,-0.43510576934164075,0.7410823085091586,-0.6124010243913404,0.7146447737671945,-0.7531068785426094,0.7310474553975277,-0.7265885554381002,0.7451628653587389,-0.6626836771678215,0.7765420617557833,-0.5607929765186072,0.7705854442235377,-0.5876194019160964,0.857232507727131,-0.6943325370942942,0.8762228875679646,-0.6089634099521052,0.8064597136528958,-0.7336705351522232,0.8094747444844183,-0.7192121724547089,0.7683804766260213,-0.31626624826981625,0.75835764217077,-0.5204970071178626,0.6753836434930208,-0.3992476912619136,0.7757655986205859,-0.46749887491751474,0.7648203869572533,-0.4359336496914508,0.8560209754167257,-0.38131837714513445,0.7911102362169755,-0.2202827268370351,0.9159865682589434,-0.3726545971857443,1.0303292241547612,-0.604189698348624,0.4612890823329574,0.6652008027415924,0.0005874659735624476,-0.19629536550989832,0.006950368253979984,-0.7825297238573191,-0.35729035365895895,-0.40920607901784417,1.0403958114082628,-0.18210549670157175,-0.16989080653957703,0.8880351809236543,0.5912163992495935,0.5691549477779402,0.6335829322530333,0.5932014492657727,-0.8041105479846804,4,0.0010273230927786425,0.0,0,0.66878825,0.64480895,0.7277644312987419,-0.008812176918151726,-0.0033128551792354077,0,0,0,0.0,0.0010273230927786425,0.3532430896274663,-0.14813224050575446
1715472000000,2024-05-12,1715472000000.0,2024-05-12 00:00:00,1715472000000.0,2024-05-12 00:00:00,1715472000000.0,2024-05-12 00:00:00,1715472000000.0,2024-05-12 00:00:00,1715472000000,0.6165000204776423,0.5837811583524629,0.6393091131826926,0.5934086528294564,-0.8005116452258287,0.6165000204776423,0.6412524668267211,0.6528466105221379,0.7306314286515391,-0.8244364036387167,-0.8761691932373153,0.04340089218067104,-0.3298494843393161,0.6914719561477135,0.6407997443331233,0.7444748075475328,-0.4492232967074987,0.6373124366743015,0.35902811256769407,-0.6257039379404116,-0.6640549236032262,-0.3185407260823473,0.34748610119896367,-0.782687049013629,0.6412524668267211,-0.17155795867707502,0.6092514424044679,0.6857266556367462,-0.24916024823360766,0.4200325966592526,0.10679791029897089,-0.8479936426975192,-0.46629635235538386,-0.16408308708347874,-0.9618651005800235,-0.7363360223056369,-0.6800487423847691,0.5939196386872179,-0.803697756974988,0.5957686395799581,-0.6159768991981668,0.6872606088867934,-0.6772967493491369,0.6160802658042633,-0.6872616142251939,0.66244792641269,-0.6562075860413987,0.698166457311741,-0.5947284507926126,0.7336699013468676,-0.7328548659972849,0.7318191115095609,-0.6780461029770954,0.6950189286455725,-0.4889621709919167,0.5495422709464385,-0.5383984426626788,0.5227965270952821,-0.23020672047759805,0.6165126206750733,-0.43485808489694977,0.7437050341271348,-0.6122484488923957,0.7173019108817505,-0.7529517804053466,0.7338335922943061,-0.7262152911759207,0.748176780849031,-0.6624366840202458,0.7795358422429136,-0.5605788091529,0.773623314497243,-0.5873504777161914,0.8602792158803195,-0.6939337275803468,0.8791574699096221,-0.6088599916119695,0.8092247892260488,-0.7335975406727971,0.812262419576232,-0.7189999226168438,0.7711934013506824,-0.3160357748550521,0.761395955508887,-0.5201738601497156,0.6781278492365699,-0.398998831690059,0.7785982618319248,-0.4672798253860074,0.7675356213172382,-0.4357755093634367,0.8588690976730189,-0.38121066962056505,0.793946946712431,-0.2199951644833349,0.9185637137405344,-0.37238106801909127,-0.3070098434586926,0.26086148336291226,-0.8865304469909268,-0.9505042926496016,-0.6220821447635362,-0.6070392770435291,-0.8925657906523597,-0.8801874614212917,1.0423278914280576,-0.06507362009679972,0.2852532325621652,1.2363726914903685,0.6165000204776423,0.5837811583524629,0.6393091131826926,0.5934086528294564,-0.8005116452258287,4,0.042765426094641956,0.0,0,0.6080522,0.6349989,0.7188716532659403,-0.00889277803280164,-8.060111464991415e-05,0,0,0,0.0,0.042765426094641956,0.3532430896274663,-0.11170175279469508
1715558400000,2024-05-13,1715558400000.0,2024-05-13 00:00:00,1715558400000.0,2024-05-13 00:00:00,1715558400000.0,2024-05-13 00:00:00,1715558400000.0,2024-05-13 00:00:00,1715558400000,0.6742104818227157,0.6453339193905389,0.6450582137425639,0.618255051469686,-0.6507431916407955,0.6742104818227157,0.6399150653638599,0.6502785980618425,0.7292993909467392,-0.7283244300438417,-0.8545057240080199,0.3174834310424624,-0.2236550433787851,0.6847579992377776,0.6190308887195187,0.755356244290881,0.45624596925715905,0.6512991907209137,0.8619751021073706,0.6959087237547978,-0.15573402993189878,0.3846975289853455,-0.10981410923927916,-0.5687748483278059,0.6399150653638599,-0.22331533552991478,0.6053811081045833,0.6857266556367462,-0.06240562494132119,0.475262800872019,0.004855212413419002,-0.0363952117625383,-0.4714398473139331,2.6462256028230433,-0.5237896469748298,-0.7442891977460813,-0.63443407213644,0.6191916309705142,-0.8000995859487887,0.5963747178825789,-0.8032585540917713,0.5984244416336523,-0.6151582268780692,0.6894463291388061,-0.6768453962544014,0.6185058560826789,-0.6865290309273564,0.6647965356884281,-0.6557954874467198,0.7008571226097767,-0.5946014871863099,0.7363781122111236,-0.7324308423311124,0.7344819722444359,-0.6776239772759319,0.6976527981877206,-0.4884612187323282,0.5524155916425958,-0.5381449617333944,0.5255135377535001,-0.22999067974894144,0.6191857035654756,-0.4347213591968754,0.7463510666353688,-0.6121051918142896,0.7200918993499934,-0.7525734657163193,0.7368487145017075,-0.7259596343985957,0.7511738016648632,-0.6622096963973377,0.7825730122442847,-0.5603140224029902,0.7766753249618573,-0.5869736464746375,0.8632159368604697,-0.6938250868508797,0.881904081136417,-0.6087920880142486,0.8120125226793691,-0.7333836369270045,0.8150657846759966,-0.7187071783115478,0.7742310519083261,-0.315750621891413,0.7641164784296003,-0.5199059401204174,0.6809790127048438,-0.3987890460462179,0.7813097856995178,-0.46711849002583433,0.7703979443862511,-0.4356638086090808,0.861694190033907,-0.38089139626247615,0.7965629427750314,-0.21974811780952952,0.19793224213605817,0.6005729023867872,-0.010738551967777085,-0.20606929633880972,-0.4686337938860508,-1.0229112400901401,-0.5508335401480942,-0.5832735521341096,1.0413116970922542,-0.14751192782978984,0.0378321134373873,1.933047712623797,0.6742104818227157,0.6453339193905389,0.6450582137425639,0.618255051469686,-0.6507431916407955,4,0.09360982875614732,0.0,0,0.656096,0.63755625,0.7110874249196978,-0.007784228346242483,0.001108549686559157,0,0,0,0.0,0.09360982875614732,0.3532430896274663,-0.028548305989420708
1715644800000,2024-05-14,1715644800000.0,2024-05-14 00:00:00,1715644800000.0,2024-05-14 00:00:00,1715644800000.0,2024-05-14 00:00:00,1715644800000.0,2024-05-14 00:00:00,1715644800000,0.6206962088409306,0.6309290677055788,0.6479533266875246,0.6760734025852162,-0.6281952355238477,0.6206962088409306,0.6357298864182038,0.6527906901864187,0.7239794745400037,-0.7185099158483328,-0.835120073041498,0.2858535197480952,0.03546224689855424,0.6795592008989407,0.6106829204681835,0.7538710869342488,0.17862961700116836,0.45822664858368206,-0.8579359139400143,0.20053720760288904,-0.2719576436589795,-0.4861970394635558,-0.5414151760167316,-0.48857636476877525,0.6357298864182038,-0.2502480487635142,0.6053811081045833,0.6857266556367462,0.01449859530666524,0.21885364231641724,-0.022629474487276317,-0.26172186763724836,-0.45267149276879526,-0.09003294833455262,0.019449179694700974,-0.7396578301581795,-0.6257752228215838,0.6768755489751156,-0.6503615834415186,0.6216304766892793,-0.7996611544025591,0.5990302271865812,-0.8023744250416434,0.6006787687398878,-0.6147212183894026,0.6918253309253607,-0.67611620282204,0.6208835677619146,-0.686110390694363,0.6675005160353611,-0.6556638950796768,0.7035775145046572,-0.5942070012646197,0.7390391543465173,-0.731996871937744,0.737099057907808,-0.6770722150648701,0.700485681498653,-0.48821518445271705,0.5551205990275601,-0.5378813643649366,0.5282234070057283,-0.2298722431859959,0.62187931782722,-0.4345930256755364,0.749132915382465,-0.6117538592336087,0.7231084852290611,-0.7523142145479396,0.7398470293875207,-0.72572463466572,0.7542131906907195,-0.6619293592222721,0.7856244551387218,-0.5599427455000131,0.7796232603286786,-0.5868715796547668,0.8659665970428702,-0.6937537176224784,0.8846748448608426,-0.6085925333434621,0.8148159422188516,-0.7330886686043089,0.8181011698624555,-0.7183471989421946,0.7769480407848198,-0.3155149231792138,0.7669513488990741,-0.5196798031019235,0.6837168262204769,-0.3986346917686723,0.7841698981842962,-0.4670044909550068,0.773238206272455,-0.43533380520809456,0.8642886191682305,-0.3806164382226197,-0.5958775549631515,0.17665383526252706,-1.1030258213071464,-1.134218436414374,-1.0319852274425552,-1.5234125906379647,-0.6336533236081521,-0.665383104851237,1.0076263902596905,-0.18527497892436717,-0.1904615814207616,0.2784445374319044,0.6206962088409306,0.6309290677055788,0.6479533266875246,0.6760734025852162,-0.6281952355238477,2,-0.07937324385273614,0.0,1,0.66842264,0.68320847,0.7084216629391027,-0.002665761980595094,0.0051184663656473894,0,1,1,-0.07997324385273614,-0.07937324385273614,0.2450198500286589,-0.10565557818927607
1715731200000,2024-05-15,1715731200000.0,2024-05-15 00:00:00,1715731200000.0,2024-05-15 00:00:00,1715731200000.0,2024-05-15 00:00:00,1715731200000.0,2024-05-15 00:00:00,1715731200000,0.8025181959686931,0.7605017914110273,0.667821879949789,0.6230936547274653,-0.4896903925456309,0.8025181959686931,0.6636742109296945,0.6746451501983893,0.7275289300859892,-0.46039919549061964,-0.7655706281399701,0.982430756959846,0.9397533212018416,0.6828870894856673,0.6249491286535707,0.7444283323275152,1.96435155134914,0.509097528419742,2.798110761727322,1.61486032186812,1.051895870735244,1.3933907961502863,0.2786644803955196,0.03778609659663515,0.6636742109296945,0.7545633045086325,0.7235397326472499,0.6857266556367462,0.990605599444065,0.5791071204146271,0.2905827285758667,1.1989352408624296,-0.11884032656674491,0.5829578162809584,1.534792385744583,-0.709639643667427,-0.59069367248005,0.6233858893395897,-0.6278182117984615,0.6792773414009547,-0.6499552511087168,0.6242737868837315,-0.7987782826780374,0.6012840864536201,-0.8018941979100871,0.6031141391876081,-0.614012242718072,0.6941544838333532,-0.6756998090834189,0.6236050699754484,-0.6859765005175411,0.6702332908451257,-0.6552563632142467,0.7062516408999303,-0.5938031352511245,0.7416543018118951,-0.7314304661472867,0.7399211715345748,-0.6767980550725409,0.703130682743099,-0.4879592980214388,0.5578184996309441,-0.5377354414629731,0.5309517800920995,-0.22976113000785486,0.6246960441912259,-0.43427569926105003,0.7521464080100314,-0.6115138112438523,0.726108369740059,-0.7520758907283668,0.7428873046114257,-0.7254345791430085,0.7572664321027603,-0.6615372065802697,0.7885711900948316,-0.5598423400354581,0.7823951520347454,-0.5868045729396405,0.8687410819755962,-0.6935443947823537,0.8874624350067871,-0.6083168602862123,0.8178513403060436,-0.7327260167948015,0.8208060794423121,-0.7180480427088121,0.7797804799487592,-0.3153164278282535,0.7696660093738885,-0.5195131267516546,0.6865926011767957,-0.3985257144742761,0.7870077986906149,-0.4666683118427163,0.7758607948382756,-0.4350494028078079,0.2349280140654267,0.05191436272739544,-0.2528548779824982,-0.41194463702335826,-1.0724351129271497,-1.4069108790958038,-0.1588403074668521,-0.22331052307035404,1.0419791496306257,-0.17388161929368354,-0.18058548278774028,0.017191404506868704,0.8025181959686931,0.7605017914110273,0.667821879949789,0.6230936547274653,-0.4896903925456309,2,0.2929323307247058,0.0,1,0.71683216,0.69031066,0.7066915293694357,-0.0017301335696670028,0.000935628410928091,0,1,1,0.2929323307247058,0.2929323307247058,0.6097264164960776,0.15632681776237867
1715817600000,2024-05-16,1715817600000.0,2024-05-16 00:00:00,1715817600000.0,2024-05-16 00:00:00,1715817600000.0,2024-05-16 00:00:00,1715817600000.0,2024-05-16 00:00:00,1715817600000,0.7647117787978519,0.7730029620493258,0.799150377247755,0.8057665886270452,-0.6310330970279884,0.7647117787978519,0.6757816660253956,0.6917171576592411,0.7293868329433849,-0.3056226561915654,-0.6775253387199197,1.2392650843495032,0.7045772952828806,0.6857591066058183,0.6339026133285457,0.7401912491560503,0.13118635523329875,0.4790609217404499,-0.5894056469934196,0.7309127287735071,0.3829010947029438,1.1243501292445612,0.2611992278666117,0.011733827390184737,0.6757816660253956,1.0467831468604172,0.7235397326472499,0.6857266556367462,1.0007224810291089,0.6377264804374414,0.30652691728381276,-0.3784248841190923,-0.20244705436210514,-0.7741742777110133,0.18454929240560766,-0.7024379512933698,-0.6310478274491058,0.8051242492913234,-0.4893415297689835,0.6258220408744413,-0.6274167120698458,0.6818928068403464,-0.6491247030295697,0.6265081509240653,-0.798298885711788,0.603719072515998,-0.8011243084576586,0.6055020446504373,-0.61360924747172,0.6968467499629295,-0.6755667080081169,0.6263541400150994,-0.6855624923836702,0.6729207183543523,-0.6548392009910025,0.7088807330994407,-0.593273947470996,0.7444751717583105,-0.7311482002407556,0.7425501913505042,-0.6765130447246805,0.7057687502985156,-0.4878178318143626,0.5605355637390542,-0.5375984482125351,0.5337939848145125,-0.2294830434248545,0.6277227909879368,-0.4340598534750409,0.7551429753525888,-0.6112932464910111,0.7291497198662464,-0.7517818032302758,0.7459412642862896,-0.7250293800609771,0.7602169709229255,-0.6614305569842992,0.7913408091355111,-0.559776435812618,0.7851891498813683,-0.5866075462073077,0.8715321432713151,-0.6932555864240327,0.8904940819580945,-0.6079773941955587,0.8205563186745303,-0.7324245941632664,0.8236302084496886,-0.717795109120654,0.7824916854355156,-0.3151705816922494,0.7725279905417798,-0.5193952856896037,0.6894472325747351,-0.39820302917010836,0.7896260037893374,-0.4663784737098768,0.3608520603445432,0.44197044295995835,0.09953015298903338,-0.02277072358946687,1.8696160637470531,2.836394280565485,0.8680905856977611,0.7759753740092628,0.5672772550181812,-0.1794913073635803,-0.1592227384919313,0.9751195585653328,0.7647117787978519,0.7730029620493258,0.799150377247755,0.8057665886270452,-0.6310330970279884,2,-0.047109732041908825,0.0,1,0.7006232,0.74108565,0.7099746540245424,0.0032831246551067172,0.00501325822477372,0,1,1,-0.047109732041908825,-0.047109732041908825,0.5338926363541652,0.1018525712247198
1715904000000,2024-05-17,1715904000000.0,2024-05-17 00:00:00,1715904000000.0,2024-05-17 00:00:00,1715904000000.0,2024-05-17 00:00:00,1715904000000.0,2024-05-17 00:00:00,1715904000000,0.834299555249167,0.7990678731195738,0.8195767434927763,0.7669712999339565,-0.6587747854107087,0.834299555249167,0.7104420522932462,0.7031779359729223,0.7367429550589278,-0.0893560694021514,-0.5618091351161633,1.6235049402539983,0.49804374195131035,0.6926276833957943,0.6580828216165222,0.7268342987431198,0.2357985832833651,0.3531513008405305,0.9844900647558015,1.8612204572373656,1.3385756503294588,1.4181815636267079,0.7559061916070383,0.26269714331025296,0.7104420522932462,1.3880658619534794,0.7540871916395977,0.6863511084771978,0.6423363117577,0.28734705932062826,0.23224028228695365,-0.3205964993171376,-0.35391854385854254,-0.40286413681303357,-0.4777611307139857,-0.70875572072371,-0.6410223622022778,0.7673352207980217,-0.6306554963056493,0.8074436611018271,-0.4889697151737126,0.6284633264474567,-0.6265940414257097,0.6840826725662565,-0.648679853419155,0.6289271193473759,-0.7975301663217305,0.606106577337399,-0.8006809451001249,0.6082296842991938,-0.6134808527383281,0.6995686306214535,-0.6751549239196467,0.6290590710533129,-0.6851387296549127,0.6755639864032771,-0.6542935751220025,0.7117105509407013,-0.5930122834945221,0.7471023460429944,-0.7308547962933658,0.7451723235771232,-0.676354745750444,0.7084292791495912,-0.48768503481522657,0.5633694789348664,-0.5372613889561036,0.5368304138803051,-0.22929512464453017,0.6307335719537883,-0.43386167087881194,0.7581820538333143,-0.6110206999833788,0.7322045507485667,-0.7513711914045454,0.7488933222320554,-0.7249188281511321,0.762993791590594,-0.6613605090923393,0.7941327182802246,-0.5595825165468152,0.787998412858155,-0.5863352724802222,0.8745646127907423,-0.6929003365962468,0.8931790587112252,-0.6076956345189827,0.8233804950062092,-0.7321697163025005,0.8263296048522812,-0.71760823940517,0.7853516082399001,-0.315067724649818,0.775367887203977,-0.5190487829213153,0.6920964954940996,-0.3979250680063274,-0.6279208362703839,0.12739735676003744,-1.1237294666907471,-1.1512169822355105,-1.0164887578780266,-1.0305257000573216,-1.0313541904643977,-1.029917667257639,0.8694035911648804,-0.19170148097345696,-0.19693820892859287,1.4976258244154044,0.834299555249167,0.7990678731195738,0.8195767434927763,0.7669712999339565,-0.6587747854107087,2,0.0909986983078892,1.0,1,0.828512,0.7964276,0.71822191288615,0.008247258861607598,0.004964134206500881,0,1,1,0.0909986983078892,0.0909986983078892,0.6734748696064508,0.20211972093337005
1715990400000,2024-05-18,1715990400000.0,2024-05-18 00:00:00,1715990400000.0,2024-05-18 00:00:00,1715990400000.0,2024-05-18 00:00:00,1715990400000.0,2024-05-18 00:00:00,1715990400000,0.8299488727041131,0.7971928483820313,0.8802662141911817,0.8374155315140429,-0.7811198816564334,0.8299488727041131,0.7443973358112789,0.7115250675655977,0.7411194940001778,0.07333404488782339,-0.43517356487385894,1.775131873715943,0.35756332060835394,0.6999643946863523,0.6794358162113698,0.7177800372251728,-0.7349839315485567,0.28620938999952455,-0.1029998206834104,0.16129980208753475,1.3089047112014482,0.9634091186015699,0.9641266362041261,0.2945729370814445,0.7443973358112789,1.3115254973708201,0.7540871916395977,0.7123725487043236,0.654424172262379,0.2741181902957183,0.15724301774377442,-1.1542952917450746,-0.39190316811387277,-1.0623396987367555,0.3052794321891528,-0.7052993806276705,-0.67639644734865,0.8368909910584318,-0.6583915442194324,0.7696789064094492,-0.6302533883506687,0.8099972192753694,-0.4881954330794561,0.6306944549685308,-0.6261543929924767,0.6864650803508874,-0.6479598262121493,0.6312979291258543,-0.797087578375065,0.608833975769458,-0.8005383707016136,0.6109844621164543,-0.6130823332524642,0.7022443561729074,-0.6747334279011193,0.6317209937346249,-0.6845849435885131,0.6784029004387495,-0.6540228118854065,0.7143510032509657,-0.5927402126560358,0.7497226380619517,-0.7306916460654828,0.7478177953996819,-0.6762060996696685,0.7112217537743595,-0.48735753751653726,0.5664027578201872,-0.5370314992976235,0.5398515780036264,-0.22912276889537161,0.6337823841316207,-0.4336162729724721,0.7612350435487704,-0.61063900595833,0.7351584512977749,-0.7512590204917547,0.7516730189688384,-0.7248461906439921,0.7657923194184298,-0.6611549105492625,0.7969400329121253,-0.5593144214438945,0.7910351956811114,-0.5859998911176949,0.8772539755996284,-0.6926051913130273,0.8959894745930935,-0.6074576248967813,0.8260799586586383,-0.7319813814216111,0.8291824922089356,-0.7174758724349014,0.7881893061267217,-0.31476148482202826,0.7779897977986558,-0.5187498581213361,0.8675336125322356,0.027088614615537975,0.6469615735600189,0.4538170096513625,-0.6120239291771672,-0.20148534838507257,-0.8189661637543726,-0.8339950859832124,0.6630589712192606,-0.19348464399136692,-0.20552540356159726,0.017191404506868704,0.8299488727041131,0.7971928483820313,0.8802662141911817,0.8374155315140429,-0.7811198816564334,2,-0.0052147727008610145,1.0,1,0.83715284,0.84680283,0.7304816866431161,0.012259773756966075,0.004012514895358477,0,1,1,-0.0052147727008610145,-0.0052147727008610145,0.6647480785408502,0.1958509398294801
1716076800000,2024-05-19,1716076800000.0,2024-05-19 00:00:00,1716076800000.0,2024-05-19 00:00:00,1716076800000.0,2024-05-19 00:00:00,1716076800000.0,2024-05-19 00:00:00,1716076800000,0.8046067043985772,0.8161050314202176,0.8491272279474446,0.8334734509815366,-0.7633191366231405,0.8046067043985772,0.771152036132302,0.717755042678612,0.7442435650888223,0.1640059690694908,-0.314881028636852,1.6870521501472873,0.2321146644722301,0.7046076533247262,0.6919625208993189,0.7131997065908168,0.05314792289035611,0.3037998975794616,-0.4046182375980958,0.2709994919230371,0.9979552402691292,1.1814364371107922,0.4678923944270613,0.12162317414908982,0.771152036132302,0.961702449560453,0.7540871916395977,0.7166911889691895,0.7569096029781167,0.29511045606633857,0.16566140851009542,-0.4648777314081649,-0.30842425519281863,0.03658486592705812,0.5857734774719084,-0.6997079829308658,-0.6709118084491491,0.8325423095656203,-0.7807117651329324,0.839189997486834,-0.6579834905104903,0.7722507058238568,-0.6294297262610352,0.8120881518637861,-0.48778773380494556,0.6331107650293364,-0.6254416964961808,0.6887977833004209,-0.6475495070136011,0.6340152758687112,-0.7969452763466528,0.61158852925665,-0.8000998864986733,0.613695524166721,-0.6126743562971807,0.7048751526956261,-0.6741824441659788,0.6345718778576865,-0.6843096632964755,0.6810568508400754,-0.6537413188468358,0.716984534993968,-0.5925893923376268,0.7523663711027385,-0.7305384322321585,0.7505992331619206,-0.675842487220102,0.7142392844410024,-0.4871344531076748,0.5694205437250743,-0.5368203289521642,0.5429075007195485,-0.22890869785292206,0.6368432630009432,-0.43327102471079104,0.7641850500307535,-0.6105354846338235,0.7379416365248107,-0.7511853085977923,0.7544741900591115,-0.7246332930543833,0.7686058079698137,-0.6608711102698668,0.7999763540303171,-0.5589840612304855,0.7937475576669827,-0.5857215955487307,0.8800674089427875,-0.6923556985944825,0.8986693840639963,-0.6072820015870427,0.828932886080441,-0.7318479604983248,0.8320126747229007,-0.7170903376983484,0.7908071350996436,-0.31449799862426986,-0.4451615021420926,-0.3719496543301923,-0.911761275912399,-0.9705235756929775,-1.1722892117998793,-1.2230519181129849,-1.2796334559571019,-1.250520126403877,1.001042634975013,-0.17306831082492813,-0.18330900149519894,-0.06989297313480985,0.8046067043985772,0.8161050314202176,0.8491272279474446,0.8334734509815366,-0.7633191366231405,2,-0.03053461380454303,1.0,1,0.83751816,0.82952595,0.7399212510002595,0.009439564357143437,-0.0028202093998226374,0,1,1,-0.03053461380454303,-0.03053461380454303,0.6139156388807503,0.15933609321398712
1716163200000,2024-05-20,1716163200000.0,2024-05-20 00:00:00,1716163200000.0,2024-05-20 00:00:00,1716163200000.0,2024-05-20 00:00:00,1716163200000.0,2024-05-20 00:00:00,1716163200000,1.0063814264394426,0.9553217172577788,0.8580906758842515,0.8066963233998574,-0.4823622721471437,1.0063814264394426,0.8183972158001717,0.7405932256573499,0.7525216799456612,0.5022027729801427,-0.14783836451871182,2.336227030359268,0.8861656953846113,0.7253900554438353,0.7528090587994896,0.6871318069312601,2.1636887856151943,0.45926739803927374,2.8859663790725447,1.3591906622647534,1.7949733498583968,1.220342453782521,1.9050910601204738,1.1938437841106544,0.8183972158001717,1.7837012642044585,0.9194880436648618,0.7166911889691895,1.448240423816053,0.8435714935270567,0.5191370620547084,1.156330642388833,-0.048535655467727735,3.4023348879782147,1.0094363389345327,-0.6743941570875986,-0.5969906244011961,0.8072117971329703,-0.7629146393656351,0.834844109371705,-0.7802774897380329,0.8417282214533013,-0.6571501364848694,0.7743707894847012,-0.6289894232132365,0.8143892743516548,-0.4871200675069751,0.6354788040201889,-0.6250362354256233,0.6914921868257732,-0.647418539675585,0.636760481345784,-0.7965075598059849,0.614299350342666,-0.7996511781657744,0.616363981060425,-0.6121400861644315,0.7077060641471848,-0.6739087150969134,0.6372435909989593,-0.6840234928885812,0.6837038417378071,-0.6535850527739139,0.7196407780309423,-0.5924477878695364,0.7551465343309374,-0.7301644112885096,0.7536125696072905,-0.6755936996421471,0.7172401821316677,-0.4869295762454174,0.5724741529876058,-0.5365591774599816,0.5459741426744125,-0.22860550448224962,0.6398099550403858,-0.43317840465956264,0.7669608628545656,-0.6104675126946264,0.7407460137255357,-0.7509693827592483,0.7572901442504358,-0.7243396777144157,0.7716435921390609,-0.6605218782867324,0.8026862541376019,-0.5587100239133175,0.7965768136832085,-0.5854865576768966,0.882751606353884,-0.6921714218503238,0.9015106617744304,-0.6071577246134586,0.8317631113926104,-0.7314595937281314,0.8346165527894681,-0.7167570577722884,-0.6614602223797837,0.05319632187126783,-1.1532764995741551,-1.1764380622033952,-1.0463791751404297,-1.050846096053669,-1.1751339414303892,-1.1583499968804183,0.2007423643091942,-0.18670429571870584,-0.19689910941850763,0.017191404506868704,1.0063814264394426,0.9553217172577788,0.8580906758842515,0.8066963233998574,-0.4823622721471437,2,0.2507743484336076,1.0,1,0.82799715,0.85284716,0.7506801081164832,0.010758857116223708,0.0013192927590802705,0,1,1,0.2507743484336076,0.2507743484336076,1.0186442816478798,0.450067846605289
1716249600000,2024-05-21,1716249600000.0,2024-05-21 00:00:00,1716249600000.0,2024-05-21 00:00:00,1716249600000.0,2024-05-21 00:00:00,1716249600000.0,2024-05-21 00:00:00,1716249600000,0.9560735236934502,0.9707752368931003,0.9811174145714113,1.0090848457558432,-0.5178770309070412,0.9560735236934502,0.8660984423930557,0.7622415714832099,0.7591621860997454,0.6919674441486586,0.025527003752858546,2.424024452472316,0.81768698487496,0.7482069567724055,0.7810305873328085,0.7034542958988891,0.5068770585157021,0.4967729157014888,-0.717557076642025,0.9794610691750368,1.855883427589803,1.158264533362166,1.6568104511660755,1.3870930871294107,0.8660984423930557,1.1321300592356018,0.9194880436648618,0.8649093777961974,1.400686744612903,0.8668661272027437,0.5463524796291804,-0.15417262960346045,-0.025101250338656275,-0.36930297292487746,0.515486505011245,-0.6578092861449202,-0.6048487036085677,1.0088937149400639,-0.482014899331558,0.8095298680060975,-0.7624841791260657,0.8373844325015993,-0.7794013927897467,0.8437946486594163,-0.6567034342124205,0.7766958630331876,-0.6282758040815756,0.8166372543583924,-0.4867444483542854,0.638194482537562,-0.6249069745491185,0.6942160552494321,-0.6470127694249753,0.6394612612622533,-0.7960596338617576,0.6169675504253282,-0.7990665518775697,0.6192190579809128,-0.6118756088652599,0.7103481392956433,-0.6736241509661255,0.6399082933985826,-0.6838645234337658,0.6863728021073916,-0.6534383207942837,0.7224301111367176,-0.5921002210755058,0.7581593864287159,-0.7299082159806431,0.7566089694618007,-0.6753650525330945,0.7202822260981092,-0.4866760584799192,0.5755389198903125,-0.5361927807252858,0.5489530236376073,-0.22852546344754343,0.6426173576263919,-0.43311766691619624,0.7697584644196093,-0.6102677653976853,0.7435649585824378,-0.7506716953193707,0.7603285127093109,-0.7239786516859704,0.7743612934525287,-0.6602318365161138,0.8055138164627871,-0.5584786390634893,0.7992834957823525,-0.5853131738194923,0.8855954386721678,-0.6920409201097026,0.9043284426867604,-0.6067939281729976,0.834367068906166,-0.7311238211050051,-0.2715313379768645,0.8173813430521861,-0.7338366165143326,-0.8149195095202646,-0.7934339132007329,2.694279364830454,-1.0831749431396789,-1.0404770722761878,0.9450159452049303,-0.15088365797334655,-0.08121353634896145,0.8009508032819758,0.9560735236934502,0.9707752368931003,0.9811174145714113,1.0090848457558432,-0.5178770309070412,3,-0.049988902243536804,1.0,0,0.90022165,0.8623786,0.7613190136986608,0.010638905582177616,-0.00011995153404609216,0,0,0,-0.0006,-0.049988902243536804,1.017433095078891,0.3775805467748412
1716336000000,2024-05-22,1716336000000.0,2024-05-22 00:00:00,1716336000000.0,2024-05-22 00:00:00,1716336000000.0,2024-05-22 00:00:00,1716336000000.0,2024-05-22 00:00:00,1716336000000,0.917704111774151,0.9204565009579779,0.9694457132806958,0.9583643615720231,-0.6412454048991685,0.917704111774151,0.8824815107367251,0.7842935449957531,0.7621511841329025,0.7793081112057381,0.1825059094616893,2.196481120434553,0.8406330143953757,0.7676610534620643,0.7971892851891245,0.7265776201089832,-0.12529359902566226,0.4764050993952249,-0.5663854381748097,0.8803472069383248,0.5230423600247072,0.4401334382437957,1.3316313800200255,1.1409259202478625,0.8824815107367251,1.1031076709603456,0.9194880436648618,0.8649093777961974,0.8374448399213825,0.8452276231130768,0.5194432320108212,-0.6604486796469875,-0.4302510857099729,-0.7426483811939786,-0.8551652353677157,-0.6805935612274441,-0.6380532066721079,0.958608950802911,-0.517522437193764,1.0110822353347064,-0.4816446553400764,0.8120824184939566,-0.7616143011100596,0.8394542143514884,-0.7789264689561247,0.8460756370716542,-0.6559807958024232,0.7789688070176611,-0.6278697315722546,0.8192806482102025,-0.48662566972204474,0.6409381365750316,-0.6245060138797597,0.6968939159597577,-0.6465974026103742,0.6421187598271376,-0.7954759748397706,0.6198224625582931,-0.7987742000632515,0.6218969929288165,-0.6116006248570212,0.7129832891956323,-0.6734661098922321,0.6425939890732522,-0.6837152460544443,0.6891714570691764,-0.6530790699887057,0.7254464479653694,-0.591862853197799,0.7611552668742664,-0.7296727182156442,0.7596479332442619,-0.6750827024721187,0.7233376193374109,-0.4863199096763546,0.5785138351188998,-0.5360938349653207,0.5517835027797111,-0.22847307326748978,0.6454439918844915,-0.43293830980402037,0.7725710889513998,-0.6099918333151827,0.7466040357477418,-0.7503057761442663,0.763049329542118,-0.7236786078195275,0.7771942227495424,-0.6599867219425756,0.8082180917552846,-0.5583080080512599,0.8021407237073823,-0.585190507774979,0.8884159484556698,-0.6916603973547288,0.9069092994626524,-0.6064797818427115,0.11568277069769542,1.0833989561063653,-0.4393799035181281,-0.5691775965476844,1.9400403065159209,0.48014426835039603,0.9232128201139238,0.8227844197155731,1.0290590260430386,-0.1328025756715073,-0.12832271004769616,0.017191404506868704,0.917704111774151,0.9204565009579779,0.9694457132806958,0.9583643615720231,-0.6412454048991685,3,-0.04013228163778937,1.0,0,0.85590667,0.89792854,0.7743275969995334,0.013008583300872512,0.002369677718694896,0,0,0,-0.0,-0.04013228163778937,1.017433095078891,0.3222950962929334
1716422400000,2024-05-23,1716422400000.0,2024-05-23 00:00:00,1716422400000.0,2024-05-23 00:00:00,1716422400000.0,2024-05-23 00:00:00,1716422400000.0,2024-05-23 00:00:00,1716422400000,0.8704079188808687,0.9056026080825523,0.8662928629671444,0.918819286233301,-0.5496644695742525,0.8704079188808687,0.8975148338173584,0.7977955283722616,0.7641183201557541,0.7734194366824347,0.30685611579626393,1.7433971831753428,0.49350028160205434,0.7774348543107549,0.8107891140382573,0.7318094797527998,1.2332272642863138,0.5439404134653967,-0.6979067481364839,-1.1282832430083845,0.48003305496176935,0.16806565184612277,0.803857204488646,0.4501988335471994,0.8975148338173584,0.7382991207641176,0.9194880436648618,0.9059685050676202,0.862875849678433,0.8551247287589923,0.5378777021996588,0.5078584462255412,-0.23713467687112827,0.33524124951679984,0.3306179122524787,-0.6683608731612216,-0.6107220422904445,0.920257186504867,-0.6408657277997708,0.9608297716403761,-0.5171445814803611,1.0135374314160734,-0.48087293342430737,0.8141717407139475,-0.7611434834059867,0.8417379590011368,-0.7781640541467637,0.8483026315102035,-0.6555687461361421,0.781627231088118,-0.6277402559223395,0.821957077946207,-0.4862542527635432,0.6436372500119083,-0.6240955489106972,0.6995269880580972,-0.646053996403022,0.6449668051346147,-0.7951841584530799,0.6225001529734899,-0.7984703522512036,0.6245678991877675,-0.6114481208121803,0.7156410612023693,-0.6733177066404314,0.6454049110810485,-0.6833501950709145,0.6921913363834461,-0.6528333865947354,0.7284460653974767,-0.5916447670079953,0.7641938749578757,-0.72938205860121,0.762700829996865,-0.6746878476222644,0.7262927092714233,-0.48622402916972696,0.5813368061742357,-0.5360288994172941,0.5546313456358956,-0.22831724445925672,0.6482836981644171,-0.4326897964943215,0.7756086683714952,-0.6096520559726986,0.7493286315088067,-0.7500015825802024,0.7658844022133912,-0.7234249127585262,0.7799061247361398,-0.6598057444819518,0.8110738857873789,-0.5581873222401512,0.804975542882865,-0.5848310399955172,0.8910018708785898,-0.6913315288705388,1.3709761476718778,1.1078100373581554,1.2628961358527704,0.8862079582607274,-0.7146592347367471,-0.26146159836890104,-0.8860801442463819,-0.8539738671376825,1.012462067284644,-0.18610509381173487,-0.1864150087617426,0.6267820479986186,0.8704079188808687,0.9056026080825523,0.8662928629671444,0.918819286233301,-0.5496644695742525,3,-0.05153751877808088,1.0,0,0.9382693,0.90400505,0.7866737345334935,0.012346137533960189,-0.0006624457669123229,0,0,0,-0.0,-0.05153751877808088,1.017433095078891,0.25414728793757213
1716508800000,2024-05-24,1716508800000.0,2024-05-24 00:00:00,1716508800000.0,2024-05-24 00:00:00,1716508800000.0,2024-05-24 00:00:00,1716508800000.0,2024-05-24 00:00:00,1716508800000,0.8937797457571889,0.8675008730058447,0.8790892425006733,0.8719581802196672,-0.6702133531308109,0.8937797457571889,0.9059747919587093,0.819247019910925,0.7696054240718707,0.789451105668763,0.40969284895276414,1.4446598961067385,0.9177695524765618,0.7864052583990517,0.8261657809498831,0.7332393184776497,0.41928293479778944,0.5056031752980132,0.2899797397048567,-0.5632947686867842,0.21673277167169377,0.4832210108316668,1.1939368158770736,0.39045322851096603,0.9059747919587093,0.6339522787684747,0.9194880436648618,0.9059685050676202,0.7678277395481565,0.650162792327314,0.46781167859859185,-0.19448990673143732,-0.20965672319960427,-0.7790872426757692,-0.29867388025730207,-0.6700805092817144,-0.6456629526847447,0.8729827470150704,-0.5493034128058821,0.9225026426168751,-0.6404614310857955,0.9633092408118713,-0.5163604520007932,1.0154711729178572,-0.4804669245403761,0.8164715400933137,-0.7603868559110759,0.8439678262414567,-0.7777256443024904,0.8509333904493552,-0.6554371709556427,0.7843176388364925,-0.6273386899242577,0.8245839823674681,-0.4858738982551848,0.6462929725027102,-0.623558202849365,0.7023593596745592,-0.6457844618541931,0.647634305679897,-0.7948808650714106,0.6251708154051084,-0.7983011657767344,0.6272594567864677,-0.6113049310124912,0.718431515049137,-0.6729546475229297,0.6484294521101125,-0.6831003836876918,0.6951947527376546,-0.6526076102297202,0.7314872326241337,-0.5913752268916078,0.7672464834168382,-0.7289760485534962,0.7656506398624487,-0.6745803897703125,0.7290781462891598,-0.48616112775499365,0.5841777486942532,-0.5358377104423055,0.5574908353341393,-0.22810036976527875,0.6513276952224974,-0.4323829662993805,0.7783252779319833,-0.6093700323348986,0.7521663039577329,-0.7497443276224516,0.7685993500255196,-0.7232374692121594,0.7827664624912657,-0.6596776160500539,0.8139071732565,-0.5578331754641161,0.8075880280580706,-0.5845207036625483,1.2407526667209545,1.209743563342704,1.2751423030559326,0.9671918737008973,-0.296552372940387,-0.26095430312226164,-0.5992561552751563,-0.6239507824629362,0.8121000276423862,-0.1396310395788605,-0.009149028889177986,1.14928831384869,0.8937797457571889,0.8675008730058447,0.8790892425006733,0.8719581802196672,-0.6702133531308109,3,0.02685157886243794,1.0,0,0.90027165,0.91023344,0.7984355951837472,0.011761860650253642,-0.0005842768837065471,0,0,0,0.0,0.02685157886243794,1.017433095078891,0.28782312274474053
1716595200000,2024-05-25,1716595200000.0,2024-05-25 00:00:00,1716595200000.0,2024-05-25 00:00:00,1716595200000.0,2024-05-25 00:00:00,1716595200000.0,2024-05-25 00:00:00,1716595200000,0.9227245496640495,0.8808062668345472,0.9548687349501717,0.8961585595383231,-0.8101533863763368,0.9227245496640495,0.919170417879086,0.8427036353140814,0.7757445347479452,0.8299577778950393,0.5004431617929845,1.2768271902591226,0.9755329305993775,0.7965779166984905,0.8443953912800278,0.7339381102912929,-0.5400618380301302,0.5108705092143699,0.3652377170567662,-0.028799264488259948,0.39610915635863103,-0.5871784597807186,0.4185212752977764,0.4640351491627117,0.919170417879086,0.46748271733612035,0.9194880436648618,0.9059685050676202,0.7677751583768249,0.640879407912055,0.47185565944148866,-1.0070321954427903,-0.177568880250637,-1.2332973526567301,-0.7098037297534968,-0.6744453095471448,-0.685480079586514,0.8963438242570302,-0.6698277862380481,0.8752585698863924,-0.5489187442306671,0.9250006246689089,-0.6396342011875698,0.9652817728002014,-0.5159462508642286,1.0176431442997458,-0.47980164073465503,0.8187181410358118,-0.7599522813721958,0.8466003148263885,-0.7775848098704313,0.8535980697930613,-0.655029687529674,0.7869595577464357,-0.6269276080141881,0.8271627470835069,-0.4853737777219057,0.6491398781596229,-0.6232920228781547,0.7050036016016036,-0.6455042411104939,0.6502948076351024,-0.7947119990413928,0.6278621426153966,-0.7981422684474032,0.6300746756081812,-0.6109537517384956,0.7214482777810471,-0.6727062537516536,0.6514378676353192,-0.6828707897652795,0.698238521521726,-0.6523287422588143,0.7345419152665281,-0.5909975688101686,0.7701956835414809,-0.7288652540761286,0.7684260804442595,-0.6745098055114619,0.7318845930068325,-0.4859756721544749,0.5870308017465491,-0.5355732867736744,0.5605395205244716,-0.22783155739657987,0.6540785245847782,-0.4321288839250048,0.7811574561390566,-0.609131796268559,0.7548849461639295,-0.7495542014082622,0.7714615023791376,-0.7231046894620173,0.7856046036348145,-0.6593034705149668,0.8165168151007858,-0.5575275225676155,0.6307843998512906,0.4773982817883673,0.85770375592705,0.6762953435272895,-0.39457919382686557,0.33417029282026783,-0.2608848083923061,-0.3010230827958166,0.5652242507647615,-0.1066312760668935,0.06330547065315854,0.8880351809236543,0.9227245496640495,0.8808062668345472,0.9548687349501717,0.8961585595383231,-0.8101533863763368,3,0.032384716754058074,1.0,0,0.8946258,0.91534334,0.8095628294354354,0.011127234251688267,-0.0006346263985653744,0,0,0,0.0,0.032384716754058074,1.017433095078891,0.3295289098041556
1716681600000,2024-05-26,1716681600000.0,2024-05-26 00:00:00,1716681600000.0,2024-05-26 00:00:00,1716681600000.0,2024-05-26 00:00:00,1716681600000.0,2024-05-26 00:00:00,1716681600000,0.8917798736509093,0.8780356039446607,0.9407224988471007,0.9250910022320946,-0.8086668309258548,0.8917798736509093,0.9315691905902156,0.8621816892806274,0.7818058736297625,0.808756144267373,0.5686044028187373,0.9631540806038468,0.787379930434491,0.8068493303707391,0.8563638691710569,0.7421432012225704,-0.36560995750668057,0.5186307995230374,-0.4698657657755654,0.10580161186769599,0.37059639951192597,-0.47891223132463706,0.4576039635879398,0.4786667263112797,0.9315691905902156,-0.010661965766085472,0.9194880436648618,0.9736899107191068,0.7788377337168774,0.6872109701676414,0.472019935215658,-0.853606265070455,-0.2622707536401102,-0.20403858043834272,-0.8675974465581353,-0.6812627306624625,-0.6848425437744634,0.9252753152953557,-0.8097393667304572,0.898604641128967,-0.669417280951235,0.8777793719068636,-0.5481235093772479,0.9270027418332374,-0.6391915424485326,0.9674856151637485,-0.5152694206273788,1.0197565112559095,-0.4794276004810302,0.8213607045857658,-0.7598127941259355,0.849266602730201,-0.7771512296808365,0.8562123525248072,-0.6546125746751266,0.7895543243651221,-0.6263894992293962,0.8299602713703946,-0.48512820384216837,0.651805687546302,-0.6230152757686953,0.7076409120299307,-0.6453487103865853,0.6529765343793417,-0.7945534034301466,0.6306771925614765,-0.7977552965757151,0.6331008495096571,-0.6107138128571762,0.7244483519470625,-0.6724779708343437,0.6544850599248033,-0.6825872912600832,0.7012953127243633,-0.6519385619566226,0.7374955022883489,-0.590895254674651,0.7729699697374479,-0.7287924555987135,0.7712233398988532,-0.6743026951735349,0.7347054683128539,-0.4857189581801795,0.5900779616267969,-0.5352473382561537,0.5633153477063267,-0.22760971654163936,0.656934244883663,-0.4319146178010381,0.7838682907950627,-0.6089560023149936,0.7577492995109524,-0.7494194919061373,0.7743015819045459,-0.7227180455617084,0.7882232554322609,-0.6589802151269901,0.5389976967437007,-0.03587695945883826,-0.1925000364464276,-0.34903324761904936,-0.9182774003616624,-1.049490389495424,-1.0689032915512222,-1.050649880894816,0.9564077464810254,-0.12839765141306067,-0.015824275864647606,0.8009508032819758,0.8917798736509093,0.8780356039446607,0.9407224988471007,0.9250910022320946,-0.8086668309258548,3,-0.033536201051989734,1.0,0,0.95782334,0.9160011,0.8196925259824968,0.010129696547061307,-0.0009975377046269607,0,0,0,-0.0,-0.033536201051989734,1.017433095078891,0.2849415609805308
1716768000000,2024-05-27,1716768000000.0,2024-05-27 00:00:00,1716768000000.0,2024-05-27 00:00:00,1716768000000.0,2024-05-27 00:00:00,1716768000000.0,2024-05-27 00:00:00,1716768000000,0.9274106321231153,0.9197004581127787,0.9437287630513307,0.8931946952026454,-0.7325391417177589,0.9274106321231153,0.9203370541663205,0.8800974435032394,0.7894061369515417,0.8288496229877487,0.6273403892794979,0.8322744706324405,0.7380095267459764,0.820531428704313,0.8701256299877578,0.7556133194590002,0.26101805208980655,0.5005113782912594,0.4593579790514893,0.20377261038741387,-0.49961859629066563,-0.029390150403496497,0.29238527855361984,0.7049596686171006,0.9203370541663205,-0.47909142900083196,0.8711333278529299,0.9736899107191068,-0.8618206234941467,0.6616126990600663,0.47478644183588103,-0.3431108318225821,-0.5889910504679118,1.4035190519325471,-1.2536063901740266,-0.7188734868298978,-0.6638133691520809,0.8943448719716112,-0.8082531135279757,0.9275175480098824,-0.8092988687122866,0.90111416646269,-0.6685799307064729,0.8798179573442462,-0.5477019757756119,0.9292308919249301,-0.6384746031279244,0.9696322009609998,-0.5148877284498847,1.022318857784082,-0.4793093764514039,0.8240363621460697,-0.7593830109159482,0.8518826132975559,-0.776707519437103,0.8587776654975897,-0.6540670098405903,0.7923621165668265,-0.6261228970546551,0.8325528023931982,-0.48487279415072065,0.6544645032211875,-0.6228617527032071,0.7103007254841467,-0.6452026707831066,0.6557845471451517,-0.7941671190805752,0.6337033022869446,-0.7974898840865493,0.6361110161090425,-0.6104933490076309,0.7274898319517796,-0.6721960625224177,0.6575446258758908,-0.6821908946760585,0.7042533593503042,-0.6518325023061847,0.7402780939328429,-0.5908280838383458,0.7757661682492695,-0.7285791043009483,0.7740356453094025,-0.6740168619768314,0.7377450029421124,-0.4854022738422999,0.5928456556280518,-0.5349770423359246,0.5661882656782743,-0.22742310941616328,0.6596785338484404,-0.43175688712223487,0.786727992671192,-0.6088316025903702,0.7605917301711749,-0.7490276626489453,0.7769238319511167,-0.7223837893727959,-0.21574311548767647,-0.0689381579624348,-0.7752232846910347,-0.8554355691358012,-0.09542301229577978,-0.9544050488314727,-0.3942346893764288,-0.4089044721768102,1.033370636516566,-0.1274170399547348,-0.0009172759080075239,0.8880351809236543,0.9274106321231153,0.9197004581127787,0.9437287630513307,0.8931946952026454,-0.7325391417177589,3,0.039954656440423175,1.0,0,0.88465136,0.9343437,0.8306029130022301,0.010910387019733347,0.000780690472672041,0,0,0,0.0,0.039954656440423175,1.017433095078891,0.33628095959552895
1716854400000,2024-05-28,1716854400000.0,2024-05-28 00:00:00,1716854400000.0,2024-05-28 00:00:00,1716854400000.0,2024-05-28 00:00:00,1716854400000.0,2024-05-28 00:00:00,1716854400000,0.8869624307482872,0.879227702012338,0.9044164888605138,0.9284024257364303,-0.6364285272405334,0.8869624307482872,0.9105072780942299,0.8989377174281004,0.7961358388804135,0.7789056175785658,0.663872347351587,0.5239480954385793,0.7952819987297062,0.8343924229776134,0.872779824590015,0.7824079680966152,0.2162749065448848,0.5040052989790988,-0.6007263271898947,-0.35634068202162433,-0.4563849886128903,0.014533382737676634,0.13344122881638007,0.7326446637910032,0.9105072780942299,-0.6644169711586688,0.8435832631398429,0.9736899107191068,-0.9003510657232016,0.6216412333266884,0.49048590836492717,-0.36199236864338635,-0.6342738627640774,0.7428777079390868,-0.7546860756975877,-0.7366961233891304,-0.6359252737235236,0.9299592424383956,-0.732140902680833,0.8966069728715256,-0.8078129341166914,0.9300131077478316,-0.8084126285144135,0.9031347307843726,-0.6681305898792429,0.8820760704440141,-0.5470148109205879,0.9314028134513135,-0.6380663302994941,0.972214547765171,-0.5147668166126099,1.0249199139996488,-0.4789395226142021,0.8266624371344322,-0.7589431704909322,0.8544497677354584,-0.7761290722808043,0.8615665582262853,-0.653796280389458,0.7949698844289037,-0.6258457127573265,0.8351385510815573,-0.48473160348524413,0.6571446366270536,-0.6227176034331423,0.7130926757201365,-0.6448449976884489,0.6588079826059807,-0.7939021959012087,0.6367134000646945,-0.7972458622880563,0.6391594075597338,-0.6102209248913923,0.7305447681005461,-0.671801800700586,0.6605085410937603,-0.6820829756768026,0.7070443940950051,-0.6517628459080808,0.7430819255992382,-0.5906305945167716,0.7785774840104989,-0.7282848788575902,0.7770731491064403,-0.6736651871846416,0.7404720379691325,-0.48513983453191595,0.595712978240752,-0.5347488671143674,0.5689569932642836,-0.2272862220118914,0.662558166655491,-0.4316454810452037,0.7895654545590726,-0.6084674763106598,0.7632183446667553,-0.7486888424168288,-0.6653113119041736,0.34779904234699127,-1.1569615291503494,-1.1800138799746613,-0.4569127002791317,-0.6054771702453595,-0.6698346993252018,-0.7044249741534035,0.05327203060314205,-0.18733845257261172,-0.19770591658659842,0.017191404506868704,0.8869624307482872,0.879227702012338,0.9044164888605138,0.9284024257364303,-0.6364285272405334,3,-0.043614122993425486,1.0,0,0.95782334,0.91916883,0.8390303975631558,0.00842748456092568,-0.0024829024588076676,0,0,0,-0.0,-0.043614122993425486,1.017433095078891,0.27800023746995683
1716940800000,2024-05-29,1716940800000.0,2024-05-29 00:00:00,1716940800000.0,2024-05-29 00:00:00,1716940800000.0,2024-05-29 00:00:00,1716940800000.0,2024-05-29 00:00:00,1716940800000,0.8560937968670825,0.8557098005267312,0.8987471900294993,0.8872705578672841,-0.6706400363367635,0.8560937968670825,0.9017443491133794,0.9027285812837716,0.8008988947046601,0.6875219721902387,0.6739648199177888,0.15680792675729457,0.12194145173170175,0.843101687922828,0.875531186960225,0.797981512916838,-0.07586882783758117,0.31464911983975546,-0.4745403961290732,-0.35904171175001104,-0.42242893131570014,-0.32289338084953867,0.11122996629383095,0.38133326416844165,0.9017443491133794,-0.5459364052297345,0.8435832631398429,0.9589580783195489,-0.9233897868876261,0.03191064865267749,0.4979525445156369,-0.5967181374290826,-0.6203873176547517,-0.4461907407138565,-0.41734226558379905,-0.7411152142408486,-0.6449503718587634,0.8895296448029164,-0.6360498295137116,0.9321984664300326,-0.7317170393820889,0.899117463124739,-0.8069272132671749,0.9320113538458307,-0.8079310074705668,0.9053780374019569,-0.6674042326030896,0.8842792221475666,-0.5466262698985802,0.9340004142968261,-0.637936081767539,0.9748342041163631,-0.5143893873163743,1.0274658559178318,-0.4785607612131787,0.8292403178706845,-0.758369507587078,0.8572398420740793,-0.775840140908423,0.8641462806441086,-0.6535148223354245,0.797570826004645,-0.625691937010109,0.8377496447008115,-0.48459906592540697,0.6599514814694205,-0.6223642378231705,0.7161100071088989,-0.6446004371520488,0.661815212532132,-0.7936586266155807,0.6397617443853231,-0.796944863384574,0.6422199454300386,-0.6098393951712271,0.7334988912882489,-0.6716945202289367,0.6633106864905259,-0.6820120853959106,0.7098559854252826,-0.651558350823114,0.7459003615807396,-0.5903576987438607,0.7816147532875553,-0.7279231197122192,0.7797893554335193,-0.6733730737575552,0.743311388552357,-0.4849183992520135,0.5984737545844736,-0.534580654814559,0.5718511857645241,-0.22718980934926022,0.6654169190685792,-0.43131626945949086,0.792182845443401,-0.6081530396627313,0.6239633554518442,0.6597973606055404,0.5652527626204823,0.28636157568127946,-0.8265146775541005,-0.7049657270144112,-0.8991872666116009,-0.8446664972292856,1.0293809983536375,-0.1914351723533846,-0.2016577103875654,0.2784445374319044,0.8560937968670825,0.8557098005267312,0.8987471900294993,0.8872705578672841,-0.6706400363367635,3,-0.03480263967343267,1.0,0,0.8803088,0.88327295,0.8432400539365389,0.004209656373383108,-0.004217828187542572,0,0,0,-0.0,-0.03480263967343267,1.017433095078891,0.23352245570272845
1717027200000,2024-05-30,1717027200000.0,2024-05-30 00:00:00,1717027200000.0,2024-05-30 00:00:00,1717027200000.0,2024-05-30 00:00:00,1717027200000.0,2024-05-30 00:00:00,1717027200000,0.8856892743242963,0.8772336813908186,0.8987209389794709,0.8575781765656586,-0.6200654294493427,0.8856892743242963,0.9039178395862633,0.9112886199478382,0.8107297811503672,0.6459066858487059,0.6733257599045903,0.0077892675049309424,0.4058658804659645,0.857661601643343,0.8701182762055802,0.835680218970184,0.2723179767085505,0.32774777568640784,0.3802806917683414,-0.403612226193847,-0.021399909036009024,-0.3164008635379795,-0.6186709145026975,0.7841584429240893,0.9039178395862633,-0.5886309380014976,0.8435832631398429,0.9589580783195489,-0.9827980932671064,1.1088107842411851e-05,0.3192269697652771,-0.31416468222519867,-0.7995017713669189,0.12410645952196071,-0.5657745306800509,-0.7516990597432724,-0.6312465646442078,0.8586752086363014,-0.6702543826903274,0.8917948387663563,-0.6356465651799225,0.9346917651772493,-0.7308579147757595,0.9011395694707914,-0.8064459351297206,0.9342363233977837,-0.8071591533921701,0.9075657564406486,-0.6669897184107233,0.8868956259417199,-0.5465029523425633,0.9366342568141396,-0.6375323374378952,0.9774001253791368,-0.5140029051329937,1.0299583337066351,-0.47806261023667196,0.8320372749357021,-0.7580832245248391,0.8598213179151475,-0.7755398349325107,0.8667192576749416,-0.6533585764825358,0.8001962751318071,-0.6255475498247139,0.8405058831016052,-0.48427215980856847,0.6629744730967474,-0.6221227429255552,0.7191106910961862,-0.6443756992037932,0.6648615929060435,-0.7933581765909025,0.6428222440567491,-0.7965249733112199,0.6451859162566871,-0.6097359229918687,0.7362824980233531,-0.671624053681459,0.6661324891085321,-0.6818041125093169,0.7126816596351654,-0.6512760343687827,0.7489393181564094,-0.5900215699140512,0.7843297091191564,-0.7276224541162893,0.7826212562293442,-0.673126181974254,0.7460324154584107,-0.4847552660390087,0.6013632100069923,-0.5344617088815865,0.5747254910645344,-0.22690088594837288,0.6680738318940129,-0.4310325639985275,-0.03961850516020819,0.30171009941473964,-0.35178792696153877,-0.4350309123002271,-0.18000755001460855,-1.020377749657363,-0.5195477328363589,-0.5414889781730494,0.5409666648823983,-0.18257151925914622,-0.18351698671447328,0.3655289150735829,0.8856892743242963,0.8772336813908186,0.8987209389794709,0.8575781765656586,-0.6200654294493427,3,0.03457036783296408,1.0,0,0.8060463,0.83507425,0.8424631177548504,-0.0007769361816885034,-0.004986592555071612,0,0,0,0.0,0.03457036783296408,1.017433095078891,0.2761657807265929
1717113600000,2024-05-31,1717113600000.0,2024-05-31 00:00:00,1717113600000.0,2024-05-31 00:00:00,1717113600000.0,2024-05-31 00:00:00,1717113600000.0,2024-05-31 00:00:00,1717113600000,0.8531317582541452,0.8578590447075696,0.87946465962834,0.8889816765831722,-0.6440354122879584,0.8531317582541452,0.8981364143778228,0.9126211354305784,0.8224903186514295,0.5602961412000216,0.6548901384254243,-0.2393347764598124,-0.015536902571760113,0.8705851136202671,0.8567240024275464,0.8791477945212411,0.2576738333290575,0.3297780533018199,-0.49849957462758254,-0.34446671160370257,-0.31537146573909136,-0.3290420270599671,-0.5529611562471024,0.6770188855533857,0.8981364143778228,-0.46294164776467356,0.8435832631398429,0.9559096023903382,-0.9586722206937068,-0.06054817821446824,0.21289760119619436,-0.3109630402640785,-0.8248806457109555,-0.37415846388677004,-0.0047262753400458615,-0.7477635554270823,-0.6372364951942237,0.8882570739542901,-0.6196900586845837,0.8609602219618945,-0.669843785954381,0.8943076533904812,-0.6348210181233928,0.9366863980175162,-0.7303941971479119,0.9033841430441371,-0.805674564354906,0.9364049298758474,-0.8067144880593187,0.910172868593477,-0.6668572775430875,0.8895469550874628,-0.5461187426415657,0.9392154161540468,-0.6371190354083826,0.979913896435655,-0.513495208962109,1.0327004904014216,-0.4778181265998171,0.8346289642424783,-0.757785660849698,0.8623960433113345,-0.7753726955351515,0.8693182835663175,-0.6532118635413056,0.8029630361776993,-0.6251936420793527,0.8435096433021363,-0.48404949614409487,0.6659812270607967,-0.621900840074802,0.7221525887154289,-0.6440980907881245,0.6679205008001966,-0.7929390233623969,0.6457881340927836,-0.7964100271866202,0.6479919534138957,-0.6096679836658917,0.7390872626126977,-0.6714172751228621,0.6689676884259159,-0.6815171194395571,0.7157223314741622,-0.6509285853904406,0.75166327091558,-0.5897426404455907,0.7871607496154529,-0.7273682256928645,0.7853316966722261,-0.6729438652434825,0.7488981895279013,-0.484639973699578,0.6042324550881377,-0.5341122372602591,0.5774112749617223,-0.22665264130916132,-0.6215778798027332,-0.40145914919595255,-1.1024101079696396,-1.1309984708670269,-0.6294951021601733,-0.2402172134725308,-0.47155978158190565,-0.42451676530905047,0.6850265044268684,-0.12648357260392254,-0.08360829623985931,0.2784445374319044,0.8531317582541452,0.8578590447075696,0.87946465962834,0.8889816765831722,-0.6440354122879584,3,-0.03675952392557724,1.0,0,0.8543928,0.820466,0.8403702794696989,-0.0020928382851514993,-0.0013159021034629959,0,0,0,-0.0,-0.03675952392557724,1.017433095078891,0.22925453417697073
1717200000000,2024-06-01,1717200000000.0,2024-06-01 00:00:00,1717200000000.0,2024-06-01 00:00:00,1717200000000.0,2024-06-01 00:00:00,1717200000000.0,2024-06-01 00:00:00,1717200000000,0.8621140037568636,0.8142624539266251,0.9099721901717022,0.8539150126176908,-0.7949765237882133,0.8621140037568636,0.8895156840654328,0.9148970526517789,0.8335703442052518,0.4969734396333185,0.6268836978826554,-0.3722357031683446,0.04234927118767031,0.8827042778673473,0.8417945243886185,0.9226693774004108,-0.9195199181849497,0.3126509675714512,0.08727267880881565,-0.019627224229936662,-0.4166491354085747,-0.48917617742999503,-0.3565267706084574,0.6161431757931846,0.8895156840654328,-0.53732301352297,0.8435832631398429,0.9559096023903382,-1.037039388699243,-0.06069633075935309,0.20879028985488507,-1.316494953980279,-0.8923109296303018,-1.1908625648154,0.16016656519271094,-0.7454819165243002,-0.6807037576236923,0.8557145323829357,-0.6436551679213564,0.8905230853542366,-0.6192903013815193,0.8634879304116697,-0.6690062866420401,0.8963334742812454,-0.634379470502101,0.9389083988500445,-0.7296475767346687,0.9055731826195649,-0.80523021931169,0.9390005348094268,-0.8065714563301704,0.9128155565690264,-0.6664473542187728,0.8921468976976727,-0.5457253499819715,0.9417454274057522,-0.6365781818924683,0.982669716346865,-0.5132454416084402,1.0352108599418912,-0.4775638458448371,0.837213873642808,-0.7576201064215249,0.8649967212042051,-0.7752157256543456,0.8720656762739859,-0.6528526561183486,0.8059707951869318,-0.6249517613437374,0.8464957736983931,-0.48384500838552813,0.6690272814888998,-0.6216266705114768,0.7252078633404407,-0.6437096013815939,0.6708830242278974,-0.7928242976350757,0.6485940182939826,-0.7963344736338729,0.6508173327693809,-0.6094683282920339,0.7419065688263986,-0.67113188807131,0.6720106174564132,-0.6811640509121702,0.7184554302729206,-0.6506400557205748,0.7545005010004703,-0.5895070587710599,0.7898699675362967,-0.7271803802151182,0.788191163689683,-0.6728147734201418,0.7517421378255907,-0.4843003194986171,0.6069088456204363,-0.533810699337627,-0.6577011096977214,0.8908019285582348,-1.1472923078272284,-1.1709905965300202,-0.16424617637013278,-0.0032962593145014645,-0.33281421581532045,-0.3937181032988059,0.4166243677924552,-0.17131425355939434,-0.1813962019092355,-0.06989297313480985,0.8621140037568636,0.8142624539266251,0.9099721901717022,0.8539150126176908,-0.7949765237882133,3,0.010528556012379342,1.0,0,0.8060463,0.83100474,0.8394792567888174,-0.0008910226808814814,0.0012018156042700179,0,0,0,0.0,0.010528556012379342,1.017433095078891,0.24219680939352428
1717286400000,2024-06-02,1717286400000.0,2024-06-02 00:00:00,1717286400000.0,2024-06-02 00:00:00,1717286400000.0,2024-06-02 00:00:00,1717286400000.0,2024-06-02 00:00:00,1717286400000,0.8622407995041408,0.8356351720120797,0.9053160128047727,0.8639694586172522,-0.769679296029185,0.8622407995041408,0.8853142965331883,0.9189750845231222,0.8397834936699468,0.439942856881019,0.5925379898944554,-0.4602631240768603,0.16474659373043565,0.8919821303454013,0.831296453176993,0.9549026713835798,-0.5020270334767508,0.2611242748847361,-0.038812719600284436,-0.260077569339335,-0.2572373676727511,-0.24285034500297228,-0.15424580267506083,0.41842153977072,0.8853142965331883,-0.5306793176057647,0.8435832631398429,0.9559096023903382,-1.0813858893768535,-0.07865084547879028,-0.05038829035145786,-0.9614467260951742,-0.9158087906952517,0.21732791245818467,0.7241678244589854,-0.7396206605613297,-0.673458334660487,0.864692646593077,-0.7945655899178212,0.8580014475003672,-0.6432502732373779,0.8930365142643671,-0.6184704709956608,0.8655375529173277,-0.6685568473910353,0.8985810997932727,-0.6336640972274996,0.9410739110582216,-0.7292196339789103,0.9081810898362283,-0.8050873000871805,0.9416325211407227,-0.8061316831624084,0.915406217262134,-0.6660277546602484,0.8946969274840852,-0.5452091103972654,0.9445116681365646,-0.6363100603791564,0.9852003611074082,-0.5129856896133437,1.0377146841493374,-0.4774233076714334,0.8398241742326897,-0.7574646288863203,0.8677453248356211,-0.7748331458411933,0.8750660749400067,-0.6526070035998088,0.8089612138610797,-0.624729501670662,0.8495277048056511,-0.4835919625862101,0.6720859252042309,-0.621242797607926,0.7281627024052747,-0.6436040474940755,0.6736825346320615,-0.7927488903402041,0.6514192570746559,-0.7961133569263262,0.6536558684738979,-0.6091925198189131,0.7449457316234391,-0.67078074937934,0.6747557519365137,-0.6808707555095506,0.7212989525305413,-0.6503962383313249,0.757218514588651,-0.5893332651146928,0.7927287062170105,-0.7270473113394013,0.7910283746979381,-0.6724380391956838,0.754371569535777,-0.48400742266505825,-0.6658980368836492,-0.6088527496424417,-1.156994671475352,-1.1799999293702588,-0.7344798746917182,-1.4172476445345132,-0.918124263697749,-0.9232649135245417,-0.07276702117866538,-0.18997525746079774,-0.19968974661548414,0.19136015979022583,0.8622407995041408,0.8356351720120797,0.9053160128047727,0.8639694586172522,-0.769679296029185,3,0.00014707538298242007,1.0,0,0.83751816,0.81922764,0.8375525992130555,-0.0019266575757619364,-0.001035634894880455,0,0,0,0.0,0.00014707538298242007,1.017433095078891,0.24237950596500535
1717372800000,2024-06-03,1717372800000.0,2024-06-03 00:00:00,1717372800000.0,2024-06-03 00:00:00,1717372800000.0,2024-06-03 00:00:00,1717372800000.0,2024-06-03 00:00:00,1717372800000,0.9032841000345857,0.9062077954115607,0.9183716841372456,0.8640846383102246,-0.6139472459318267,0.9032841000345857,0.8818827431063817,0.9116801980126421,0.8460420971379091,0.4434364248245688,0.5657928756493654,-0.3547208559301536,-0.7430086964774161,0.9059256730618543,0.801103114946393,1.0201382137318915,0.43595628065193653,0.10077060473607242,0.5417311068164777,0.34413584779065215,-0.22717280647546545,0.20787918925642374,-0.07765165009685718,0.7324934634290856,0.8818827431063817,-0.7222775235342214,0.8203934353197747,0.9559096023903382,-1.0413119632239702,-1.2146225247609839,-0.05161007182597461,-0.18544673080877103,-0.8814546243151249,1.8998783079617443,1.1353827937015852,-0.7217919504831599,-0.6299980967197533,0.8648193840219381,-0.7692735056174536,0.8669737946144571,-0.7941283446898059,0.8605305851059271,-0.6424220686121407,0.895063316837023,-0.6180326978792692,0.8678047342766584,-0.6678303513931667,0.9007733203772796,-0.6332568622318584,0.9436676530053233,-0.72908247620661,0.910824517216332,-0.8046478440084348,0.9442116866575302,-0.8056816611379156,0.9179463547147482,-0.6654791155164358,0.8974760134754678,-0.5449546138597299,0.9470577766359699,-0.6360313028207258,0.9877244020494208,-0.5128419892240785,1.0402483686820887,-0.4772913844728614,0.8425798313397604,-0.7570854496668284,0.8707461836760916,-0.774570859182059,0.8780486004641135,-0.652381255788339,0.8119960816437538,-0.6244548992970798,0.8525749015805208,-0.48323644737579213,0.6750478898938227,-0.6211386245602069,0.7309476644674874,-0.6435347267253894,0.6765019155499318,-0.792528185872688,0.6542576616507362,-0.7958086893016453,0.656699588137433,-0.6088528910088438,0.7476707839856797,-0.6704890905991223,0.677607554344817,-0.6806228497461372,0.7240259075624584,-0.6502162384031394,0.7600824934265982,-0.589210304285132,0.7955651392048184,-0.7266598905416966,0.7936452998704211,-0.6721125052972016,0.7268495624694452,0.09471935706124998,-0.14094247174025246,-0.3186268358863838,-0.7750643752216021,-0.4962561158776099,-0.9784190076402172,-0.9141579156546532,1.054728317736782,-0.10297290534272632,0.09110700263575768,0.9751195585653328,0.9032841000345857,0.9062077954115607,0.9183716841372456,0.8640846383102246,-0.6139472459318267,3,0.04760074048229712,1.0,0,0.8341382,0.85133725,0.8388639881107687,0.001311388897713206,0.0032380464734751424,0,0,0,0.0,0.04760074048229712,1.017433095078891,0.30151769040897003
1717459200000,2024-06-04,1717459200000.0,2024-06-04 00:00:00,1717459200000.0,2024-06-04 00:00:00,1717459200000.0,2024-06-04 00:00:00,1717459200000.0,2024-06-04 00:00:00,1717459200000,0.9715332855756317,0.9370400627709846,0.9572027682775017,0.9056718369128979,-0.5799588999570235,0.9715332855756317,0.8939113846710235,0.9127740887306872,0.8543836971075952,0.5308426617283012,0.5626971237754546,-0.026324492535485425,-0.005982814108870654,0.9142652700336308,0.8106071280628623,1.0270487784672562,0.33238654784841776,0.08457585600544701,0.9129617749822051,0.8295152165652555,0.3423468659819594,0.4451340928371105,0.08976522911221622,0.33310366082324244,0.8939113846710235,-0.10842499639724267,0.8859928698240483,0.9559096023903382,-0.8895880366080043,-1.1027378255032367,-0.015379676359110467,-0.30471928545114835,-0.8689751250731473,-0.0465166628137051,0.17284578714807808,-0.713302495057999,-0.6224846115483572,0.9058438071032225,-0.6135731191225042,0.867100450633469,-0.7688416822329139,0.8694985983710043,-0.7932474067352087,0.8625824915254969,-0.6419787662971318,0.897311748917061,-0.6173226445163974,0.8700173377466041,-0.6674157452686709,0.9033831428037292,-0.6331269782480816,0.9462979067704708,-0.7286592585090633,0.9134159721411959,-0.8041981451558148,0.946739572964203,-0.8050954107342995,0.9207190931084096,-0.665206684289628,0.9000411834079127,-0.5446899648382783,0.9495972367104429,-0.6358766177748658,0.9902771890401605,-0.5127070886055214,1.0429478659107903,-0.47696587829516734,0.8455833706374315,-0.7568255832117289,0.8737292026861504,-0.7743297281458306,0.8810780629022016,-0.6521024224516658,0.8150456585917436,-0.6240704453654293,0.8555126559953431,-0.4831407563828803,0.6778463424727368,-0.6210702201308568,0.7337536746754498,-0.6433311776399506,0.6793348559010869,-0.7922240725890232,0.657301350240397,-0.795434382545512,0.6594489383906744,-0.608570993335919,0.7505087705611125,-0.670242588843254,0.6803462758212719,-0.6804397688999965,0.7268952134062232,-0.6500888131500492,0.7629245240304989,-0.5888500444009395,0.7981806201255515,-0.726324950543866,-0.20985089116431752,0.14972214299336256,-0.5419985463113762,-0.6508846496349548,-0.19774244778201353,-0.5430417995251825,-0.4431908878038552,-0.4658309329626635,0.963459506242405,-0.16513771443599362,-0.09666608178150655,1.2363726914903685,0.9715332855756317,0.9370400627709846,0.9572027682775017,0.9056718369128979,-0.5799588999570235,1,0.07555672189783125,1.0,0,0.8946258,0.88521314,0.8432732905118325,0.004409302401063853,0.0030979135033506466,0,0,0,0.0,0.07555672189783125,1.017433095078891,0.3998561005883081
1717545600000,2024-06-05,1717545600000.0,2024-06-05 00:00:00,1717545600000.0,2024-06-05 00:00:00,1717545600000.0,2024-06-05 00:00:00,1717545600000.0,2024-06-05 00:00:00,1717545600000,0.9939058554662437,0.9630266698848655,1.0302115573377524,0.973954479691199,-0.6626552874441697,0.9939058554662437,0.9135126037855639,0.9181659169334052,0.8645350770050004,0.6213911954006469,0.5791787679134514,0.24552831914466783,0.37526837145809744,0.9255742379617494,0.8165404226992213,1.0445211624756374,-0.3791201291332025,0.06101780198555704,0.2642391532105676,1.012176264121691,0.6306950796132618,0.7977761157877903,0.32250519354471086,0.5212968523187095,0.9135126037855639,0.2653739296942768,0.9074968324222369,0.9559096023903382,-1.04909728956078,-1.152276469480023,-0.0354962593835434,-0.8914828256505676,-0.9332027778934929,-0.6467423420256951,-0.14906525837104875,-0.7121020945406651,-0.645709166069593,0.9740616021246552,-0.5795916836935573,0.9080985216565345,-0.6131746731027831,0.8696251932122601,-0.7679695822087523,0.8715435789269562,-0.7927692865652759,0.8648515493907671,-0.6412609198993171,0.899504810179741,-0.616918935074158,0.87263943222503,-0.6672832721090408,0.906028351317342,-0.6327242613802776,0.9488752112505202,-0.728226109545567,0.9159569560574833,-0.8036122942892142,0.9495044501849964,-0.8048021598952397,0.923274843667206,-0.6649234640625493,0.9025996499311847,-0.5445434341118166,0.9521645929843214,-0.6357313744290851,0.9929906884474831,-0.5123747978093597,1.0459300633682502,-0.47674421096801106,0.8485692641399227,-0.7565866903760505,0.8767590030706357,-0.774032235613674,0.8841232588226466,-0.6517122886443577,0.8179884470718196,-0.6239660985266984,0.8582652727174404,-0.4830779807313764,0.6806647511922219,-0.620869253824321,0.7365741428044309,-0.6430501332754227,0.6823772496180068,-0.7918504319442207,0.6600505348031118,-0.7951230757826284,0.6623036411114619,-0.6083328653309351,0.7532278591543692,-0.6700605660294463,0.6832225917095389,-0.6803101274174187,0.7297429343992025,-0.6497165570977058,0.7655503958951562,-0.5885390108738731,1.4156427578400947,0.9487544399654853,1.8993449490774508,1.523239790199349,0.3236013992458551,0.23666236288198708,0.2298452414225405,0.11390966911841309,0.8014009714542902,-0.18586840174698815,-0.1714943269801665,1.4976258244154044,0.9939058554662437,0.9630266698848655,1.0302115573377524,0.973954479691199,-0.6626552874441697,0,0.023028104361196622,1.0,-1,0.91704446,0.9190398,0.850481031915356,0.007207741403523427,0.002798439002459574,0,-1,-1,-0.02362810436119662,0.023028104361196622,0.9697649753666351,0.4320921329633134
1717632000000,2024-06-06,1717632000000.0,2024-06-06 00:00:00,1717632000000.0,2024-06-06 00:00:00,1717632000000.0,2024-06-06 00:00:00,1717632000000.0,2024-06-06 00:00:00,1717632000000,0.9807775921878176,0.9581931266023032,1.0189457889485665,0.9963758392238087,-0.7221032304515209,0.9807775921878176,0.9270371601460279,0.9259753749382724,0.8753526721584592,0.6656976488578594,0.601640573895594,0.3285691796679232,0.6455760612030219,0.9328018044241653,0.8251171397268552,1.050114193083727,-0.28263771999032306,-0.07967209820462003,-0.21805915364730188,0.5575520945696704,0.3978742639368358,0.6559473791859833,0.10883817910201388,0.2611320236980735,0.9270371601460279,0.420375632909215,0.9074968324222369,0.9559096023903382,-0.996312838885831,-1.2503243271641837,-0.053215502265397514,-0.8096454504871389,-1.0411653936162213,-0.6451850019923273,-0.8647337461418543,-0.727442117221183,-0.6617311744227286,0.996423881979007,-0.6622712572651837,0.9762724969439907,-0.579200522246424,0.9106034612286695,-0.6123569801875135,0.8716700760008939,-0.7674972973953857,0.8738069463744979,-0.7920023667340694,0.8670661087261854,-0.6408520459426552,0.902115138758872,-0.6167902894729841,0.8752960536727034,-0.6668732577712639,0.9086217194476179,-0.6323120065228518,0.9514011141310734,-0.7276607192879192,0.9187302376001116,-0.8033192646128008,0.9520485353346391,-0.8044973811513488,0.9258239179877722,-0.6647661997254715,0.9051849650840552,-0.5444058685573717,0.9548887717348475,-0.6353755157592351,0.9959782070036955,-0.5121483018661941,1.0488930701191195,-0.4765406446204907,0.8516010330188655,-0.7562919126856941,0.8798044728963703,-0.7736170526844648,0.8870567814311132,-0.6516062429009799,0.8207505944868302,-0.6238975787678651,0.8610415558155378,-0.48289287960501687,0.6834967846749804,-0.6205916825341551,0.7396135809438016,-0.6427042128749916,0.6851195297263653,-0.791539690085845,0.6629051235342972,-0.7948597186324605,0.6650464840546986,-0.6081571528102713,0.7560924784435078,-0.669931685632522,0.6860778009392577,-0.679931916226317,0.7323793694237553,-0.6493949647931133,0.2864562504489519,0.16100465618775106,-0.2613014668154526,-0.406828320440017,-0.537844034746823,0.3112582104265985,-0.7731259834084262,-0.7799182801753887,0.9446631418301858,-0.19118824419816008,-0.20213884606946947,0.10427578214854727,0.9807775921878176,0.9581931266023032,1.0189457889485665,0.9963758392238087,-0.7221032304515209,1,-0.013208759367120959,1.0,0,0.9092718,0.89241,0.8544697280416097,0.0039886961262537435,-0.003219045277269683,0,0,0,-0.0006,-0.013208759367120959,0.9685831163814149,0.413175972587454
1717718400000,2024-06-07,1717718400000.0,2024-06-07 00:00:00,1717718400000.0,2024-06-07 00:00:00,1717718400000.0,2024-06-07 00:00:00,1717718400000.0,2024-06-07 00:00:00,1717718400000,0.9240694910478057,0.9710063415377544,0.9507034788774631,0.9828565843590346,-0.5908310082714557,0.9240694910478057,0.9371267419874949,0.9281185949618327,0.8857569297722145,0.6147486862361008,0.6089427785928578,0.11806211168310676,0.09000288245192904,0.9374459342799449,0.8245440321284986,1.0607952399296492,0.9819266505369486,-0.027452217785819622,-0.8107404415488801,-0.4435538120860287,0.2754597383572886,0.2990922184881237,0.04191184965673476,0.10848596624810253,0.9371267419874949,0.23577580717215477,0.9074968324222369,0.9651539650686979,-0.8229057417019272,-1.123402847204263,-0.04473440060861495,0.2575377583883409,-0.9172921028762507,1.0111386794498098,0.16241563852787974,-0.7194435445716296,-0.6240965810826122,0.9833016569119186,-0.7217071132549285,0.9986204123769473,-0.6618623718653212,0.9787445069257155,-0.578394703621895,0.9126166971087633,-0.6119206183634066,0.8739333631209976,-0.7667386021082355,0.876015574638063,-0.7915609713712575,0.8696893807848034,-0.6407215862589575,0.904760817991415,-0.616391062928114,0.8779016810115665,-0.6664535654533269,0.9111647423895022,-0.6317724476245881,0.9541647186500581,-0.727379015526858,0.9212867941524967,-0.803014714880794,0.9545859778958649,-0.8043276566256559,0.9284003586037082,-0.6646185278189741,0.9079223077651933,-0.5440675051972688,0.9578803486480728,-0.6351322465497852,0.998946920041572,-0.5119402700228507,1.0519091658158313,-0.47628871645347054,0.854648098307813,-0.7558803743082155,0.8827385748144216,-0.7735035145112958,0.8898013863288077,-0.6515365957317428,0.8235356368050908,-0.6236962873955546,0.8638342944431392,-0.4826366422937115,0.6865389634887471,-0.6202499354748959,0.7423401014723652,-0.6424169795358022,0.6879693684213186,-0.7912768175497152,0.6656478044934853,-0.7946649939266868,0.6679252553716604,-0.6080328116636431,0.7589351931871653,-0.6695555195232582,0.6887281364969593,-0.6796050823325358,-0.6287600292041928,0.3348823977625158,-1.128448759200543,-1.155136846694276,-1.0276757173144202,0.16571555897191056,-1.1606453924269797,-1.1284893921695178,0.8233468429162313,-0.17925055892247008,-0.16370440811086698,0.8009508032819758,0.9240694910478057,0.9710063415377544,0.9507034788774631,0.9828565843590346,-0.5908310082714557,0,-0.05781953175899268,1.0,-1,0.85590667,0.88832396,0.8576902471029189,0.003220519061309157,-0.0007681770649445863,0,-1,-1,0.05721953175899268,-0.05781953175899268,1.0812245205294184,0.3314667995593883
1717804800000,2024-06-08,1717804800000.0,2024-06-08 00:00:00,1717804800000.0,2024-06-08 00:00:00,1717804800000.0,2024-06-08 00:00:00,1717804800000.0,2024-06-08 00:00:00,1717804800000,0.9234384526223061,0.8803104955420391,0.9805249607043188,0.9262178820292322,-0.8086924606073853,0.9234384526223061,0.9458490118055968,0.9281691087941655,0.8937346658083319,0.5650528067319676,0.6043796616465643,-0.046700405677653455,-0.09403241096500886,0.9433093686628881,0.8190950080240879,1.0797850732066754,-0.945659106674978,-0.06509636144963186,-0.0493610512475755,-0.6205198466462264,0.2231682724354998,0.035522102990792004,0.17617942977656917,0.1842717768936953,0.9458490118055968,0.025136802675491905,0.9074968324222369,0.96528446093118,-0.8160122826307528,-1.1516697811087964,-0.09696981314111194,-1.3443374630381715,-0.923358837043791,-1.3578438831057003,-0.48716360493112587,-0.7215055527668687,-0.6850759756026192,0.9266196380869843,-0.5904615814796185,0.985506616377545,-0.7212854866391107,1.0010816278040255,-0.6610276621335593,0.9807051184869842,-0.5779661819500668,0.9148539825431077,-0.6112125541224404,0.8761419076599877,-0.7663026572248206,0.8786352757390514,-0.7914190882487383,0.872347097374928,-0.6403172468080904,0.9073546917446551,-0.6159823653500037,0.8804577693775562,-0.6659048116311587,0.9139393323103654,-0.6315050427434135,0.9567069152027218,-0.7270861936759272,0.9238366721416982,-0.8028451227172341,0.9571514278548576,-0.8041682526881307,0.9311311962135402,-0.6642571352110259,0.9109188872267115,-0.54383668740762,0.9608534138227858,-0.6349087028184834,1.0019669234870812,-0.5116829253998663,1.0549435280028807,-0.4759347016136175,0.8575855746299593,-0.7557679262550147,0.8854842764841037,-0.7734288952894393,0.8925703061287178,-0.6513321266591071,0.8263365460489648,-0.6234182789879852,0.8668671614446176,-0.4823205307271215,0.6892800977014776,-0.6199662413927819,0.7451790980976688,-0.6421742742283912,0.6907052993779984,-0.7910824580395012,0.6685264793059009,-0.7945269765426912,0.6707830875278611,-0.6076688427864456,0.7615623350313516,-0.6692304856679456,4.0635617333115475,0.7615443872353433,3.2997921780131727,3.3554586077940396,-0.4904297172725064,-0.6290085289732287,-0.5713834915115504,-0.6191447185892949,-1.5139704070257956,-0.12003375390255067,0.008497929445090681,0.8009508032819758,0.9234384526223061,0.8803104955420391,0.9805249607043188,0.9262178820292322,-0.8086924606073853,1,-0.0006828906609437357,1.0,0,0.9382693,0.9200875,0.8636259901728085,0.005935743069889643,0.0027152240085804857,0,0,0,-0.0006,-0.0006828906609437357,1.0799757858171009,0.3305575533166125
1717891200000,2024-06-09,1717891200000.0,2024-06-09 00:00:00,1717891200000.0,2024-06-09 00:00:00,1717891200000.0,2024-06-09 00:00:00,1717891200000.0,2024-06-09 00:00:00,1717891200000,0.9363449139944573,0.8895531678794826,0.9802535179111974,0.9255460511956616,-0.8258174230804726,0.9363449139944573,0.9563889529412158,0.9313224098833179,0.9050455782236507,0.535083780586202,0.5944545202721194,-0.12115777560591014,0.21171880215318967,0.9398536045150931,0.8070182155497778,1.0864017371205008,-0.7921107724298784,-0.10468059731824231,0.13837497497116982,-0.4184750232371544,0.2909612186080531,-0.30124131643848945,0.10065180058993121,-0.35937894820844807,0.9563889529412158,-0.3202032977105981,0.9074968324222369,1.0075254746627147,-0.8216979683928922,-1.1872966484912386,-0.22163535874398754,-1.2184543710614917,-0.979359431594886,-0.6059058864523966,-1.0715007781630332,-0.7299451715527553,-0.6899386788645291,0.9259888899011983,-0.8082787379984526,0.9288610072751088,-0.5900680898613656,0.9879741660682355,-0.7204300079602594,1.0030249887381764,-0.6605800647387976,0.9828991668070411,-0.5772691678783732,0.9170354257559917,-0.6108101628891972,0.8787615583523961,-0.7661626886326158,0.8812896713601939,-0.7909825523745637,0.8749539010615797,-0.6399033382408854,0.9098982535613304,-0.6154472043120801,0.883240742967831,-0.6656323169244537,0.9164978304009523,-0.6312270272509634,0.959242474614779,-0.7269233798826761,0.9264138721308302,-0.8026858434067671,0.9598742092688968,-0.8037801264131923,0.9341253036221195,-0.6640099274953474,0.9138973170784688,-0.5436246587280444,0.9638763976752509,-0.6346325429370422,1.0050044529014641,-0.511321639214052,1.0578541372692911,-0.47583945939576305,0.8603376648559222,-0.755694030447857,0.8882542042765484,-0.7732104120714935,0.8953561762585684,-0.6510498451836736,0.8293713492643497,-0.623076006676495,0.8695586436870155,-0.48205857716299116,0.6921291480581394,-0.6197265723041291,0.7478996220145371,-0.6419951123430974,0.6935799527701948,-0.7909447033555127,0.6713842083744697,-0.7941262588126926,0.6734382920657748,-0.6073545446809326,-0.6207200987045572,-0.496019432248931,-1.1341444611650677,-1.160704743402275,-0.5059246279316447,-1.0302897539650617,-0.9321490025559004,-0.9419755634755929,0.9761284274271124,-0.164710092241327,-0.0844792456090472,1.4105414467737258,0.9363449139944573,0.8895531678794826,0.9802535179111974,0.9255460511956616,-0.8258174230804726,0,0.01397652581555442,1.0,-1,0.9594778,0.95558316,0.8723736589528176,0.008747668780009099,0.002811925710119456,0,-1,-1,-0.014576525815554419,0.01397652581555442,1.0496569650794099,0.3491541253096231
1717977600000,2024-06-10,1717977600000.0,2024-06-10 00:00:00,1717977600000.0,2024-06-10 00:00:00,1717977600000.0,2024-06-10 00:00:00,1717977600000.0,2024-06-10 00:00:00,1717977600000,0.932209452138847,0.9022709642223603,0.9816489672907531,0.9386617488921016,-0.7581049988485701,0.932209452138847,0.9605030498520675,0.9316619613403702,0.9162013467637943,0.4980271394025468,0.5787558176343971,-0.2013297689534874,-0.06244155305170899,0.9386760958125636,0.8040631256981919,1.087305125830923,-0.6082431641722102,-0.1853581477753197,-0.0976905190853129,-0.0038581223971126794,0.04890150577079312,-0.45807286267805786,0.22793955307140717,-0.23388396376880238,0.9605030498520675,-0.448311629602589,0.9074968324222369,1.0282679654810782,-0.8894089193353352,-1.2306837943894182,-0.22012050881804623,-1.0655475615896872,-1.171128706766071,1.7109639243915664,-1.1124980997311058,-0.7516173673233025,-0.671019653892135,0.9388894150775455,-0.8254002186063576,0.9282306642507282,-0.8078385530940717,0.9313559180914842,-0.5892584729179897,0.989927649700656,-0.7199686976026435,1.0052048636237287,-0.6598561647138819,0.9850355443597586,-0.5768740996917994,0.9196387593830149,-0.610681980320887,0.8814159070938643,-0.7657315487717962,0.8838929078264229,-0.7905358297460686,0.8775112431367823,-0.6393617348631173,0.9126731892611033,-0.6151822338547324,0.8858116818144652,-0.665349030964526,0.9190496443278323,-0.6310727710974137,0.9618061452172807,-0.7267704828231715,0.9291452663642725,-0.8022980011183153,0.962865255167225,-0.8035138923347148,0.9371010824718519,-0.6637827414402245,0.9169239747402325,-0.5433624661131894,0.9669163427071327,-0.634245998121878,1.0079217608524935,-0.5112242220676984,1.0605553617148564,-0.47577698155595194,0.8631134640757123,-0.7554775862346216,0.8910410146636427,-0.7729092857120773,0.898387415612827,-0.6507024382369327,0.8320731556877413,-0.6227918671472923,0.8723735351303303,-0.4818375585897183,0.6948639587527442,-0.6195496984532749,0.7507650964203051,-0.6418682899283155,0.6964333860961871,-0.7905446915158573,0.6740392215491698,-0.7937796151318104,-0.6371437962753238,-0.26021767319863354,-1.1338865918314525,-1.1603329620166363,-1.1062440074957114,-1.4505832453797374,-1.2235637881041432,-1.1942792743035657,0.9339263622043232,-0.18720478245175398,-0.19872481024479655,-0.06989297313480985,0.932209452138847,0.9022709642223603,0.9816489672907531,0.9386617488921016,-0.7581049988485701,1,-0.004416600970222007,1.0,0,0.9347711,0.94564694,0.879343937776669,0.006970278823851372,-0.0017773899561577267,0,0,0,-0.0006,-0.004416600970222007,1.048427170900362,0.34319544989080164
1718064000000,2024-06-11,1718064000000.0,2024-06-11 00:00:00,1718064000000.0,2024-06-11 00:00:00,1718064000000.0,2024-06-11 00:00:00,1718064000000.0,2024-06-11 00:00:00,1718064000000,0.8455823932328035,0.8791238245313134,0.85588226775691,0.9336071082829829,-0.5335821632078941,0.8455823932328035,0.9425888624901011,0.9287340223917943,0.9236958980616276,0.34506642712972785,0.5341713037180342,-0.6024397536002898,-0.376726080528397,0.9351174427541556,0.8050960795249439,1.0784288747347488,0.9667164077744294,-0.11570844875747915,-1.2380792336052566,-0.6941723575573677,-0.7440353282829479,-0.9014912315197731,-0.19089671542658013,-0.3715921212423623,0.9425888624901011,0.04316212559848803,0.9074968324222369,0.9481399340788358,-0.8468975989880336,-1.0237679144104799,-0.12360054282152445,0.29952695786674927,-1.0394666743564802,2.543845095862816,0.04377700579096629,-0.7446452433987104,-0.6052040381617956,0.9347558552856077,-0.7577015617349803,0.9411229027684227,-0.8249563633841478,0.9307258795372115,-0.8069528232904774,0.9333531271569733,-0.58882744335758,0.9921158415824519,-0.7192254700754823,1.007326468331558,-0.6594432789640351,0.9876117450221182,-0.5767484894100389,0.922277933352435,-0.6102840588122951,0.8840190932042686,-0.7652903256707254,0.8864464480862501,-0.7899536583819423,0.8802950211926066,-0.6390931982657821,0.9152322004624597,-0.6149067391857425,0.8883759006110286,-0.665191728635795,0.9216286735524449,-0.6309279315800218,0.9645276223558473,-0.7263971837089983,0.9321395853005917,-0.8020319691531478,0.9658377508874798,-0.8032691107318324,0.940125924688658,-0.6635021635753463,0.9199668973916675,-0.5429946717186237,0.9698387596882635,-0.6341410258800693,1.0106356675146788,-0.5111603009232127,1.0632844125425482,-0.47559271983670615,0.865905751340761,-0.755179201733974,0.8940724768333034,-0.7725392342371706,0.9010702189977716,-0.650413944212521,0.834895149826107,-0.6225518159234124,0.8750598045634554,-0.48167473939859246,0.69773794473118,-0.6194245219146466,0.7536087246126232,-0.6414976537379019,0.6990804250155105,-0.7901986691449632,0.08316862269801165,0.04918542110649045,-0.34285451343336126,-0.4496140955789417,-0.19458211877283532,-0.7259756180032713,-0.3533026471274916,-0.37484629178511103,0.7167672388124501,-0.18608168701775582,-0.15988699873808684,2.281385223190511,0.8455823932328035,0.8791238245313134,0.85588226775691,0.9336071082829829,-0.5335821632078941,0,-0.0929266043240472,1.0,-1,0.92482597,0.9089152,0.8821569578873921,0.0028130201107231523,-0.00415725871312822,0,-1,-1,0.0923266043240472,-0.0929266043240472,1.2375514957947074,0.21837685778893845
1718150400000,2024-06-12,1718150400000.0,2024-06-12 00:00:00,1718150400000.0,2024-06-12 00:00:00,1718150400000.0,2024-06-12 00:00:00,1718150400000.0,2024-06-12 00:00:00,1718150400000,0.8826579531053574,0.8963018602316961,0.8908182328968506,0.8477799430803085,-0.5703414169741894,0.8826579531053574,0.926765903800026,0.9306136298633199,0.9305153676159313,0.26915421551335766,0.48260986972207687,-0.6993216545104928,0.07696121533465143,0.9357218878871923,0.8048383907844202,1.0800323232374316,0.7028848831076097,-0.043431047404421406,0.48876507652728024,-0.49811255801675913,-0.6645513472591541,-0.3431361077767698,-0.029493708273483486,-0.13186517384814295,0.926765903800026,-0.09164410001745173,0.8948782694275176,0.9481399340788358,-0.7528668532743636,-1.0066570072396437,-0.14772711542895298,0.05065913137790583,-0.8341789688018796,-0.39440392285522335,0.4946047354310668,-0.730767084002609,-0.6170289163767786,0.8481686396153489,-0.533224376310782,0.9369919981706376,-0.7572722190186093,0.9436118908086281,-0.8240646507420982,0.9327235751721304,-0.8064715392409787,0.9355772446638234,-0.5881268945849828,0.9942461150215897,-0.718799775815879,1.009893774614542,-0.6593114101016013,0.9902256854986257,-0.5763578177697142,0.9248648194741761,-0.6098766913055415,0.886572579796667,-0.7647149533660496,0.8892277866373927,-0.7896626654842803,0.8828671538076444,-0.6388140108916669,0.9177845260199996,-0.6147539399940075,0.8909666509917555,-0.6650440209578281,0.9243614086228599,-0.6305729931100622,0.9675181726042644,-0.7261415021274937,0.9351155909903153,-0.8017873744643086,0.9688603447692037,-0.802967190218034,0.9431673759233796,-0.6631096878182093,0.9228956120370334,-0.5428953079053437,0.9725623389697982,-0.6340720910973924,1.0133763739825787,-0.5109719711292735,1.066033092823633,-0.47533761127990715,0.8689385113815865,-0.7548124449515777,0.896756468303166,-0.7722315362217073,0.9038791396742125,-0.6501701574023991,0.837591512489487,-0.6223746541030046,0.8779048713214702,-0.4815596729478606,0.7005906651155865,-0.619058308290095,0.7562375621061096,-0.6411774872020654,-0.660865441285855,-0.015942471681854403,-1.154844576526017,-1.1783757308284544,-0.38058393281031094,-0.3424131719158209,-0.7764302630838911,-0.7921954859691832,0.7846850577118766,-0.17459199596024697,-0.18148925688647136,0.017191404506868704,0.8826579531053574,0.8963018602316961,0.8908182328968506,0.8477799430803085,-0.5703414169741894,1,0.043846182429139624,1.0,0,0.86343414,0.883951,0.8823276194790393,0.00017066159164713657,-0.0026423585190760157,0,0,0,-0.0006,0.043846182429139624,1.2362089648972305,0.2717980317629942
1718236800000,2024-06-13,1718236800000.0,2024-06-13 00:00:00,1718236800000.0,2024-06-13 00:00:00,1718236800000.0,2024-06-13 00:00:00,1718236800000.0,2024-06-13 00:00:00,1718236800000,0.823444022819448,0.8365017034228793,0.8647471950012178,0.884107228744959,-0.6414042926013875,0.823444022819448,0.9043881104587915,0.9262093251021953,0.9371483698592318,0.12517091447533862,0.4112147811387788,-0.9747328870452997,-0.4831190146422728,0.932251359998923,0.808623723558258,1.068139936495228,0.14065679329858674,-0.05565073645654878,-0.8743404564759508,-0.9394784767662345,-0.9012717186984431,-0.7026809824822111,-0.46211410825613125,-0.3683103524272265,0.9043881104587915,-0.02064571546450957,0.8521706746058647,0.9253555284258186,-0.6567407458942995,-0.925966112871081,-0.14605409191836208,-0.39744672752749544,-0.7443630663917885,-0.5780219606833585,0.6428744802798132,-0.7186350748378063,-0.6357096220596682,0.8852271469607537,-0.5699761561473669,0.850460401840688,-0.5328431545855017,0.9394829815323107,-0.7564041626325214,0.9455996347681861,-0.8235794164470169,0.9349480924534294,-0.805700160133534,0.9377449630628448,-0.587729483920295,0.9968186405420021,-0.7186634078482429,1.0124994433720642,-0.6589030989469586,0.9927854670518692,-0.5759578392086022,0.9274009341242276,-0.6093431746333113,0.8893538839111179,-0.7644277240695586,0.8917962992047962,-0.7893602248179195,0.8854325629290899,-0.6386590774249833,0.9203640386759575,-0.6146104722954338,0.8937079777167973,-0.6646825468377747,0.9273562371031676,-0.6303303788072875,0.9704901367950777,-0.7259064794557551,0.9381405885504649,-0.8014856806692722,0.9718999737301056,-0.8025460629247165,0.9460929785229503,-0.6630029415754396,0.9256311143074194,-0.542830094932885,0.9753119350959014,-0.6338696299457377,1.016135926665747,-0.5107113922142088,1.0690555191948854,-0.4750228560556133,0.8716294232938486,-0.7545075410435924,0.8995662063427344,-0.7719712749039067,0.9065569243949252,-0.6499901805180403,0.8404425924482635,-0.622249270416174,0.8807266997523706,-0.4812206257230965,0.7032363805900871,-0.6187420344046817,-0.6503889005254259,8.700348403819933e-05,-1.1534585464044709,-1.1773053204442128,-1.12739878527539,-0.5662319956561307,-1.2658984032145004,-1.2436019962164853,0.9864440953325183,-0.1908263553320705,-0.20214340243027507,0.017191404506868704,0.823444022819448,0.8365017034228793,0.8647471950012178,0.884107228744959,-0.6414042926013875,0,-0.06708593071368552,1.0,-1,0.8700131,0.8510963,0.8793567017707068,-0.0029709177083324656,-0.003141579299979602,0,-1,-1,0.06648593071368551,-0.06708593071368552,1.3848853991987102,0.18647827712234033
1718323200000,2024-06-14,1718323200000.0,2024-06-14 00:00:00,1718323200000.0,2024-06-14 00:00:00,1718323200000.0,2024-06-14 00:00:00,1718323200000.0,2024-06-14 00:00:00,1718323200000,0.7953520208293533,0.793306352348442,0.8147449698846458,0.8252439830520539,-0.6384798629390502,0.7953520208293533,0.8860804285094229,0.9221209879763228,0.9369139246396149,-0.028711688512537043,0.32188014119756,-1.2238424966156884,-0.45917343001813116,0.9259665036690661,0.8129517193073059,1.049547298538925,0.21758121185700452,-0.05937179801003359,-0.44512187316797347,-0.4843387977318211,-0.769621178407717,-0.9501601761932132,-0.857769897954077,-0.5275033206275418,0.8860804285094229,0.2738458622181008,0.8521706746058647,0.896443754117374,-0.7229235598089392,-0.9324781469383537,-0.5911874223426455,-0.31738770498752994,-0.8696362572956314,-0.21850255141354613,-0.4860212812865776,-0.7257984447274219,-0.6341047170636894,0.8260404515205831,-0.641024583196777,0.8874951046357855,-0.5695870559730285,0.8529931819438987,-0.5320535383044518,0.9414739141872569,-0.7559345476828921,0.9478159755688285,-0.8228024697331268,0.9371162275338075,-0.805255809568209,0.9403400333051051,-0.5876030508218547,0.9994291631587426,-0.7182424161778759,1.0150503398543977,-0.6584851424850581,0.9952926946265367,-0.5754334574813991,0.930171091212719,-0.6090791144101942,0.8919223453769739,-0.7641291805775609,0.8943580987209268,-0.7891918516322687,0.8880244380281032,-0.6385136001757764,0.9230971281034951,-0.6142586597759054,0.8967060711920716,-0.664435281109894,0.9303327892221865,-0.6301074407325582,0.9735123666776663,-0.7256163961091815,0.9411821656908446,-0.8010648577355884,0.9748217222212331,-0.8024307467358986,0.9488225889442415,-0.6629328295476804,0.9283916683025152,-0.5426381240139789,0.9780797800681797,-0.6335900485306433,1.0191609295006843,-0.510390063657761,1.071691330441541,-0.4747620527554729,0.8744439223688938,-0.7542496767038461,0.9022451525710424,-0.7717788831562102,0.9093969362519964,-0.6498627718413111,0.8432708442721755,-0.6218825001722399,0.8833150700014627,-0.4809282631373527,1.598431697041407,1.6661780731242954,0.9331546126015068,0.6340285695424005,-0.3926955119844094,-0.7230902083367361,-0.7386677871236618,-0.7634637472891469,0.9135625366446909,-0.14650670768819196,-0.16292942993545934,-0.15697735077648842,0.7953520208293533,0.793306352348442,0.8147449698846458,0.8252439830520539,-0.6384798629390502,1,-0.03411525399614712,1.0,0,0.8246172,0.8381317,0.8754351377945937,-0.003921563976113096,-0.0009506462677806304,0,0,0,-0.0006,-0.03411525399614712,1.383454467959191,0.14600126933740065
1718409600000,2024-06-15,1718409600000.0,2024-06-15 00:00:00,1718409600000.0,2024-06-15 00:00:00,1718409600000.0,2024-06-15 00:00:00,1718409600000.0,2024-06-15 00:00:00,1718409600000,0.8021170530944354,0.7592289853320564,0.8480347848743557,0.7972044856719525,-0.8078545494255769,0.8021170530944354,0.8688247009656872,0.9178757668700204,0.9381376580227363,-0.14178892732201256,0.22673732394608048,-1.304495170320139,-0.47490101303593646,0.9215423319070504,0.8164181650464893,1.0359701697169348,-0.8489183987866702,-0.05281915590770363,0.057861259865212615,-0.7256055968873422,-0.7314197553787191,-0.8847968302276797,-0.9167687268290685,-0.42376369678150133,0.8688247009656872,0.3255161753704484,0.8521706746058647,0.896443754117374,-0.7039225330082001,-0.9341052085316526,-0.6114853257851876,-1.2487937737830728,-0.8488177971887665,-1.2824442812546941,-0.19246193700029637,-0.7256724759549968,-0.6839336163038766,0.7979613701614449,-0.6381007481325206,0.8283464277983611,-0.6406202524290997,0.8900099961299065,-0.5687845973469301,0.855050909388125,-0.5316357144370581,0.9436928748790447,-0.7551796153897739,0.9499755883760463,-0.8223544294648814,0.9397115486500257,-0.8051128884040086,0.9429715223767106,-0.5872100601115428,1.0019852734162806,-0.7178115359444062,1.0175480980396823,-0.6579385346997177,0.9980443157924019,-0.575174453882665,0.9327230113022627,-0.6088045622803705,0.8944840939389636,-0.7639630598440642,0.8969465631636019,-0.7890337200641909,0.8907665891761775,-0.6381572085124241,0.9260920912463646,-0.614018270213456,0.8996861246553094,-0.664208041405186,0.933358160985109,-0.6298320154867061,0.9765517006175549,-0.7252111596748798,0.9441080345808345,-0.800949632583622,0.9775440358908586,-0.802354947604772,0.9515777280126516,-0.6627270502325006,0.9311697347946359,-0.5423726488618587,0.9811067479501778,-0.6332458860502757,1.021810478835533,-0.5101236857565098,1.0744679220811066,-0.47454202095796366,0.8771296342301025,-0.7540590912714306,0.9050858564145421,-0.7716425439637666,0.9122133649604057,-0.6494905603306228,0.8458711383680411,-0.6215657363620313,1.980340148577819,1.3707672462909832,1.7122267663053197,1.288989539907421,-0.020996893672819036,-0.13697285519328675,-0.22340179839997057,-0.29977417934767886,0.9653662937125708,-0.11594919323512422,-0.09274137311534843,0.10427578214854727,0.8021170530944354,0.7592289853320564,0.8480347848743557,0.7972044856719525,-0.8078545494255769,0,0.00850570827496977,1.0,-1,0.82799715,0.82160395,0.8703144064079004,-0.0051207313866933335,-0.0011991674105802375,0,-1,-1,-0.00910570827496977,0.00850570827496977,1.361751426887281,0.15574882181712968
1718496000000,2024-06-16,1718496000000.0,2024-06-16 00:00:00,1718496000000.0,2024-06-16 00:00:00,1718496000000.0,2024-06-16 00:00:00,1718496000000.0,2024-06-16 00:00:00,1718496000000,0.8202436388697643,0.77791350450062,0.8553933157017238,0.8035587045135089,-0.8094813016026663,0.8202436388697643,0.8523114396710729,0.9149041619674149,0.9376778112650983,-0.2063507213729751,0.1371056966353413,-1.2279664797740453,-0.351649380057683,0.9162544636197355,0.8143879065206971,1.0269336916582936,-0.6610493222741252,-0.067578273751957,0.22255246711595594,-0.09586162042365079,-0.7014927605747296,-0.24916745136824997,-0.7898782714694282,-0.46982357446672235,0.8523114396710729,0.06898241578268902,0.8481957706272836,0.896443754117374,-0.6811027284254755,-0.9187756864067851,-0.6755155978121683,-1.0887934857049213,-0.820565382086714,-0.2714205546557773,0.31140731734878935,-0.7232165579371644,-0.684548117509812,0.8047232909186559,-0.8074409971816172,0.8002853830508588,-0.6376970441449803,0.8308898894571725,-0.6397929670212952,0.892039136037624,-0.5683582941570243,0.857324749914985,-0.5309537782038618,0.9458552183755322,-0.7547461642763847,0.9525657784338121,-0.8222102122590713,0.9423432710328935,-0.8046734268583355,0.9455501537617833,-0.5868077179927158,1.004488588255875,-0.7172489505150895,1.0202936429978808,-0.6576672279259582,1.0005687299200359,-0.5749051378408364,0.9352682662028737,-0.6086523078485505,0.8970725102359141,-0.7638070490976993,0.8996862142868475,-0.7886484931253538,0.8937649959481528,-0.6379135599712593,0.9290687877760141,-0.6137973895747728,0.9027138941899604,-0.6639273984656494,0.9364000414165425,-0.629446456886432,0.9794728251393499,-0.7251005965926166,0.9468381491537576,-0.8008738938654759,0.9802924688514443,-0.8021331387140656,0.9543507434514518,-0.6624430068680482,0.9341991248989248,-0.5420454368530102,0.9837667752086947,-0.6329601435384035,1.0245965218253879,-0.5098988716817876,1.0770997658722468,-0.4743799453815479,0.8799743688058735,-0.7539240514349737,0.9079030243134367,-0.771246335633002,0.914791711618619,-0.6491690072306684,0.5231649530387005,-0.07351805150704091,0.04895731839494737,-0.15444712277205866,1.1907289566721195,-0.9963685504101121,0.8350871916474684,0.6874911152780878,1.036042969771107,-0.18983306394170457,-0.19447829653685877,0.8009508032819758,0.8202436388697643,0.77791350450062,0.8553933157017238,0.8035587045135089,-0.8094813016026663,1,0.0225984296249524,1.0,0,0.8232342,0.82597345,0.8660964466781679,-0.00421795972973249,0.0009027716569608435,0,0,0,-0.0006,0.0225984296249524,1.3603343760311484,0.1818669302310858
1718582400000,2024-06-17,1718582400000.0,2024-06-17 00:00:00,1718582400000.0,2024-06-17 00:00:00,1718582400000.0,2024-06-17 00:00:00,1718582400000.0,2024-06-17 00:00:00,1718582400000,0.8133367369014483,0.7911362400730051,0.8183784647088652,0.822956894226384,-0.6265017168308546,0.8133367369014483,0.8354039922256662,0.9085397311052951,0.9371343364335684,-0.2657821758027381,0.052957166100925365,-1.15182789247412,-0.6842718226396772,0.9126216009275462,0.8152202537672134,1.0181311126106438,0.1262096718109683,-0.0963263614339725,-0.14018973558497108,0.08234979702118285,-0.7167311722935968,-0.5209600216490078,-0.5913462410620736,-0.37825431275994065,0.8354039922256662,-0.4404559105862457,0.8005680914151843,0.896443754117374,-0.6849552562091672,-0.9874951516946654,-0.6751105937887077,-0.40534023041076317,-0.676709727217549,3.4650573164254617,1.6049017909078522,-0.7034317594492074,-0.6310940032730354,0.8228415395549876,-0.809067418605762,0.8070429602849662,-0.8070009918630515,0.8028423988365363,-0.6368707804264363,0.8329646869463182,-0.6393502716313488,0.8942894885154066,-0.5676644068869414,0.8595442941760962,-0.5305687022366159,0.9484470525165131,-0.7546070716435156,0.9551927289633754,-0.8217670978812743,0.9449221530293707,-0.8042237224339137,0.9480774708100419,-0.5862804142018191,1.0072376987433969,-0.7169687993592481,1.022809040474981,-0.6573851720596589,1.0030865582019024,-0.5747559097138683,0.9378410979120897,-0.6085093530748145,0.8998121260681495,-0.7634266548550319,0.9026836710010241,-0.788384322505681,0.8967453853872817,-0.6376896654346367,0.9320942584334485,-0.6135244599110875,0.9057577180134981,-0.6635348353487411,0.9393265517669972,-0.6293417796308448,0.9821939574853741,-0.7250279516713464,0.9495937515646738,-0.8006522552537977,0.9830592288208424,-0.8018275403075885,0.9573789365934362,-0.6620934827872588,0.9368720678075425,-0.5417740694122806,0.986560026663475,-0.6327187171654607,1.027241796385272,-0.5097331922757946,1.079912407697552,-0.474265413843096,0.8827958423946213,-0.7535313345500365,0.9104827431427234,-0.7709036610314702,3.7347157432545908,0.8148225755588433,1.2873305016331085,0.9161443996584365,-0.9485886006812903,-1.024884720388218,-1.1156008474333174,-1.1031599543893609,0.9860679686577511,-0.19108880789066152,-0.20102819535063735,0.2784445374319044,0.8133367369014483,0.7911362400730051,0.8183784647088652,0.822956894226384,-0.6265017168308546,0,-0.008420549262452282,1.0,-1,0.82799715,0.82632,0.8623126926794457,-0.003783753998722217,0.00043420573101027315,0,-1,-1,0.007820549262452282,-0.008420549262452282,1.3787934872947596,0.17191496152341168
1718668800000,2024-06-18,1718668800000.0,2024-06-18 00:00:00,1718668800000.0,2024-06-18 00:00:00,1718668800000.0,2024-06-18 00:00:00,1718668800000.0,2024-06-18 00:00:00,1718668800000,0.7615665052900974,0.7646656805615032,0.7758085019519976,0.8149890667342927,-0.5533767330383462,0.7615665052900974,0.823454284446773,0.8936830525999873,0.9357262534972511,-0.3807613310368367,-0.03843496994935512,-1.2524130022094435,-1.5211837969687922,0.9079574048701469,0.8212881821577004,1.001006081345983,0.3581955543167554,-0.09393098547258974,-0.7889748303623675,-0.40996436854757623,-0.5508409890583282,-0.483333473371065,-0.8097964826171536,-0.44133670625976035,0.823454284446773,-0.2558025128060282,0.8005680914151843,0.8616723198668055,-0.9079249898200519,-1.1403155524587079,-0.6468033575328277,-0.17624066466218055,-0.7803769536662907,0.19308228886030498,-0.30725330692614106,-0.7064076090575674,-0.6078331901597808,0.8159378143460715,-0.6261250374334506,0.8251495706554303,-0.8086270646325626,0.8095967120061742,-0.8061155547951201,0.8049388569866474,-0.6364287596198869,0.8352525525380066,-0.6386332806537401,0.8964845513915978,-0.5672714108599477,0.8621705675401912,-0.530446601812506,0.9510755320335155,-0.7541784006327514,0.9577664852713398,-0.8213136705508624,0.9474497371702607,-0.8036378646789013,0.9508419827557155,-0.5860197931025442,1.0097583872068556,-0.7166775852167282,1.0253178781155692,-0.6572285806888641,1.0056334749528637,-0.5746158043915742,0.9405692901787648,-0.6081587093522127,0.9028095693710596,-0.763165923667393,0.9056630416087564,-0.7881414491859705,0.8997733850031366,-0.6374130800413044,0.9351362190188062,-0.6131422515164516,0.9086883386375222,-0.6634280629758356,0.9420578807784302,-0.629273040604025,0.9849413047459376,-0.7248150331843924,0.9523671992101943,-0.8003468858222927,0.986085939586658,-0.8014521150985843,0.9600454971207313,-0.661803193299368,0.9396742048024063,-0.5415449749665546,0.9892155447570825,-0.6325405190599016,1.0300624398024167,-0.5096160683562754,1.082699599319468,-0.4739278039590353,0.8853835539445727,-0.7531917330464533,0.522002528595363,1.1595581961599055,-0.28257469221475734,-0.43320527540116405,-0.18322031528271415,0.6022991625667526,-0.34369512727219503,-0.40958429052266043,1.0092231439949941,-0.17789805286969126,-0.16553220781210948,0.6267820479986186,0.7615665052900974,0.7646656805615032,0.7758085019519976,0.8149890667342927,-0.5533767330383462,1,-0.0636516577482763,1.0,0,0.82799715,0.8285691,0.859102822196424,-0.0032098704830216818,0.0005738835157005351,0,0,0,-0.0006,-0.0636516577482763,1.3773662112023826,0.09732063148243908
1718755200000,2024-06-19,1718755200000.0,2024-06-19 00:00:00,1718755200000.0,2024-06-19 00:00:00,1718755200000.0,2024-06-19 00:00:00,1718755200000.0,2024-06-19 00:00:00,1718755200000,0.7539654440374737,0.7311011524209095,0.8013475182976457,0.7627798305841398,-0.7503506079648916,0.7539654440374737,0.8051501527598891,0.8767055214487215,0.92746833078695,-0.47863812975974834,-0.13204125130410468,-1.2831587472575698,-1.7858509306158106,0.9014578452229846,0.825492842925992,0.9820941786624632,-0.5799059245463103,-0.11256624244420951,-0.1527218138618536,-0.6222998671660346,-0.779847002546996,-0.3556448584992646,-0.8936619391565652,-0.5449776539992761,0.8051501527598891,-0.49205047227212456,0.7436531215040046,0.853849446740212,-1.1215627599273659,-1.1920374064670727,-1.3574283780551841,-1.0038507956772535,-1.0101490403404443,-1.133060014008594,-1.176519063892421,-0.733469590454443,-0.6663746724037662,0.7641913939268674,-0.553014921488707,0.8182502800577766,-0.6257239006692422,0.8276945764694105,-0.8077410592366423,0.811687953900414,-0.8056344640280857,0.8072445193782679,-0.6357127194223725,0.8374867149996104,-0.6382249735917506,0.8990960850947294,-0.5671465284430304,0.8648310753262436,-0.5300658225403584,0.95365093070407,-0.75373969374276,0.9602886066375514,-0.8207232101714416,0.9502144205008284,-0.8033448311894257,0.9533855258636299,-0.5857488021537969,1.0122725005715256,-0.716515700631651,1.0278562997583447,-0.6570815424213554,1.0083426714507924,-0.5742716536867444,0.9435623923057694,-0.6079191516230604,0.9057889255966992,-0.7629262311285419,0.9086903435139706,-0.7878418433382646,0.9028173953073095,-0.6370259639957654,0.9380628988947805,-0.6130385763391262,0.9114274493826446,-0.6633579336078527,0.9448145993237533,-0.6290711312065927,0.9877070519724085,-0.7245213897436712,0.9553954947734202,-0.7999717357558793,0.988744595863386,-0.8011398598169782,0.9628432432483427,-0.6615578662168732,0.9423423496245108,-0.5413760699575828,0.9920422909206457,-0.632414389931049,1.0328581788471012,-0.5092714925920758,1.085223672708271,-0.4736367064906628,1.0450127632546546,1.293876598507038,0.43842754805291423,0.19088618217365635,-0.3275182191030863,0.26936259509204785,-0.7472616011675136,-0.7422062274064044,0.9734894483377742,-0.18648559193037606,-0.19530120114746014,0.10427578214854727,0.7539654440374737,0.7311011524209095,0.8013475182976457,0.7627798305841398,-0.7503506079648916,0,-0.009980823998723909,1.0,-1,0.828512,0.8282857,0.8561713339162158,-0.002931488280208172,0.00027838220281350967,0,-1,-1,0.009380823998723909,-0.009980823998723909,1.3996678652101853,0.08636846738944426
1718841600000,2024-06-20,1718841600000.0,2024-06-20 00:00:00,1718841600000.0,2024-06-20 00:00:00,1718841600000.0,2024-06-20 00:00:00,1718841600000.0,2024-06-20 00:00:00,1718841600000,0.7495683134405263,0.7614578171153489,0.7957243119289896,0.7573004399605264,-0.6953842199742057,0.7495683134405263,0.7946426980313438,0.8603457815073781,0.9207124033321363,-0.5576978602765633,-0.22347909872919525,-1.2530477529066417,-1.761719567251288,0.8963477843830737,0.8299157718554786,0.9659239952740237,-0.0022658753028309865,-0.08654447450684781,-0.10566033378389127,-0.6027691770577782,-0.5000437910284785,-0.42665415462613787,-0.895954687407347,-0.46787941004656186,0.7946426980313438,-0.44720724728685163,0.7405769913548832,0.8493240004061087,-1.302304493233942,-1.1870091996612657,-1.3897909549449778,-0.4897480991523168,-1.0302610167353448,0.40228023186594636,-0.5888376878700987,-0.7415847526988163,-0.6498638572439008,0.7565938287051551,-0.749948747482122,0.7665370989770223,-0.5526294572804039,0.8207986183870244,-0.6249018216788849,0.8297718416513792,-0.8072595932237869,0.8139893305196714,-0.8048633573393223,0.8094972312863603,-0.635305042450912,0.8401217896353596,-0.6380947130349472,0.9017428850852988,-0.5667579082554226,0.867440877177338,-0.5296759261170217,0.9561748024413289,-0.7531674322269571,0.963049784678386,-0.8204276289115371,0.9527582179314685,-0.8030402775090283,0.9559224279466907,-0.5855986059798939,1.0148159071586944,-0.7163636784785756,1.0305592693077679,-0.6567215936805157,1.011328554818194,-0.5740367170412551,0.9465370931027434,-0.6076990402623871,0.9088162176528459,-0.762630483432347,0.9117337883242167,-0.7874238233789778,0.9057484103378067,-0.6369208208935371,0.9407945488586817,-0.6129705023016334,0.9141913197603956,-0.6631521054178047,0.9475890881014497,-0.6287922917378732,0.9907335227456857,-0.7241603299485917,0.9580626014260331,-0.7996597138125798,0.9915369041280409,-0.8008756889620476,0.9655051484622591,-0.6613767286137003,0.9451766183602829,-0.5412566257307586,0.9948445490123816,-0.6320456166406335,1.0353981189529518,-0.5089742639009884,-0.3979650539925849,0.2605526589844628,-1.0064483932733226,-1.0526116694791308,-0.6175366020999016,-0.6909240291860372,-0.817255825046767,-0.8380137997946292,1.0517033657246466,-0.18039630996963926,-0.17431542972026828,0.53969767035694,0.7495683134405263,0.7614578171153489,0.7957243119289896,0.7573004399605264,-0.6953842199742057,1,-0.005832005474151192,1.0,0,0.8281467,0.82828474,0.8535186154590406,-0.002652718457175185,0.00027876982303298714,0,0,0,-0.0006,-0.005832005474151192,1.3982280644910592,0.08003276054068387
1718928000000,2024-06-21,1718928000000.0,2024-06-21 00:00:00,1718928000000.0,2024-06-21 00:00:00,1718928000000.0,2024-06-21 00:00:00,1718928000000.0,2024-06-21 00:00:00,1718928000000,0.721260961226626,0.7072578184340054,0.7485699953990617,0.7507895936427559,-0.6729013066224709,0.721260961226626,0.7841046137122814,0.8459956013427348,0.9142856614960891,-0.6532216195267472,-0.3166292907330304,-1.276825465121987,-1.6749575029388801,0.8893977682059233,0.8356253591325327,0.9442878047690091,-0.1472862529419423,-0.19134856479970241,-0.46009994229095713,-0.41329741778808216,-0.5055456757214467,-0.7205245213764896,-0.6651786102603617,-0.5747564454559556,0.7841046137122814,-0.23628148142632865,0.7405769913548832,0.8201905915886626,-1.298088604528812,-1.2402506299964795,-1.3979232031082853,-0.6076327980616049,-1.0935038738877703,-0.05449217347760323,-0.44957540389541734,-0.7467595577378682,-0.6424477488569612,0.7521987205237597,-0.694993535314615,0.7589444140550438,-0.7495210667302169,0.7691104159563285,-0.5518329254972749,0.8228812092151293,-0.6244625638926239,0.8320617347451614,-0.806487957651184,0.8162375754052982,-0.8044191873083102,0.812143474103697,-0.6351750032191208,0.8427904825507802,-0.6376909348138364,0.9043379627013098,-0.5663600205009365,0.8700014145884959,-0.5291640089251931,0.9589371036399033,-0.7528819248993253,0.9655883805138411,-0.8201204370383165,0.9552953736036407,-0.8028706830634147,0.958487367216808,-0.5854575891820978,1.0175225306924296,-0.7159923730053217,1.0335427863142752,-0.6564754135657064,1.0142955142978112,-0.5738208792508461,0.9495611970532539,-0.6074270437001156,0.9118596544804305,-0.7622176428661158,0.9146636073352715,-0.7873094366232215,0.9084882677889788,-0.6368517727261478,0.9435515623766115,-0.6127704672321245,0.916972479780203,-0.662867996331098,0.9506176303846942,-0.6284490208005683,0.9933908993464465,-0.7238602574459089,0.9608607232698,-0.7993957431313378,0.9941910819085641,-0.8006803510644491,0.9683356998532603,-0.6612484849847587,0.9479869121786928,-0.5409058151645949,0.9973965905291236,-0.6317270897906022,4.0635617333115475,1.994742980224691,2.3069091494825917,1.762110865185207,-0.7629087015703232,-0.9105584707872043,-0.8486552237113965,-0.8645185267208036,1.0449589935189707,-0.19241825770050502,-0.20247885653051265,0.6267820479986186,0.721260961226626,0.7072578184340054,0.7485699953990617,0.7507895936427559,-0.6729013066224709,0,-0.037764873069366156,1.0,-1,0.8281467,0.8281154,0.851102130630699,-0.0024164848283416696,0.0002362336288335154,0,-1,-1,0.03716487306936615,-0.037764873069366156,1.4873579060992608,0.03924546042810784
1719014400000,2024-06-22,1719014400000.0,2024-06-22 00:00:00,1719014400000.0,2024-06-22 00:00:00,1719014400000.0,2024-06-22 00:00:00,1719014400000.0,2024-06-22 00:00:00,1719014400000,0.7255664390231853,0.6856828965701981,0.7717879340193831,0.7233592695259892,-0.8240919652429801,0.7255664390231853,0.7732167032128998,0.8319947156443285,0.9095470956789464,-0.7167619946202076,-0.4044529622401641,-1.2028611047637692,-1.6207302081199066,0.882653937903923,0.8389498775306913,0.9258744632953332,-0.8556922409003773,-0.18299859333288887,0.02391166040674561,-0.3123701768704343,-0.5178448881090192,-0.6504847389618263,-0.7996364346887086,-0.5626465419039469,0.7732167032128998,-0.18977674975832212,0.7405769913548832,0.8201905915886626,-1.306942756758057,-1.2333059620038538,-1.4299650913653963,-1.2445707036997322,-1.0925836894491747,-1.3275915664511766,-0.5981633073205657,-0.7492006366759242,-0.6882201633807654,0.7239043879889636,-0.6725151932122083,0.754552129073537,-0.6945776352667051,0.7615213984749465,-0.7486557194460058,0.7712329248164562,-0.5514105355812163,0.8251754779583411,-0.623750417987058,0.8342980104541884,-0.8060434371240893,0.8188811287344023,-0.8042763295584244,0.8148225533603978,-0.6347718487921136,0.8454090764625055,-0.6372775982427019,0.906882807551678,-0.5658382236355683,0.8727872429903396,-0.5289119050366724,0.9614773661598086,-0.7525851644902278,0.968120349595249,-0.8199493177948485,0.9578605524859134,-0.8027114016042544,0.9612097742938452,-0.585111361506751,1.020507436283663,-0.7157381102989545,1.0365072081348385,-0.6562491778341092,1.0173143168809786,-0.5735540663470223,0.9526020499237224,-0.6070460879517192,0.9147894566081594,-0.762104805315916,0.9174012004347816,-0.7872342542733286,0.9112528244298111,-0.6366489919902174,0.9463263263052841,-0.6124941481805605,0.9200026029664441,-0.6625183932766501,0.9532860525852,-0.6281640343735602,0.9961823272363612,-0.7236065378187663,0.9635231623922736,-0.7992005560806741,0.9970170295595148,-0.8005418925866554,0.9711420227471379,-0.6608740299084522,0.9505538705428703,-0.5406030987305857,2.875609818778284,1.7369884694624445,1.8856521175826382,1.8363723876824463,-0.8380098744009851,-0.8315653419005344,-1.0539517731931978,-1.0403558700399589,0.16621944946448067,-0.18673077734612586,-0.19055727227911873,0.4526132927152615,0.7255664390231853,0.6856828965701981,0.7717879340193831,0.7233592695259892,-0.8240919652429801,1,0.005969375895843676,1.0,0,0.8281467,0.83095086,0.8491852381399146,-0.0019168924907843055,0.0004995923375573641,0,0,0,-0.0006,0.005969375895843676,1.485865491355601,0.04544910722945228
1719100800000,2024-06-23,1719100800000.0,2024-06-23 00:00:00,1719100800000.0,2024-06-23 00:00:00,1719100800000.0,2024-06-23 00:00:00,1719100800000.0,2024-06-23 00:00:00,1719100800000,0.6846373677604248,0.6869845785989608,0.7414425485233066,0.727271789070093,-0.8134765414162867,0.6846373677604248,0.7539292166145675,0.8141845740272904,0.9027048918830098,-0.8152630250874122,-0.4953351680441739,-1.2453320824014613,-1.8936195485087228,0.8718654004389959,0.8412271208655735,0.8999600473440775,-0.3644067034980528,-0.1433026814983229,-0.6529386999043639,-0.6261618629074435,-0.833351342515953,-0.5911416997617441,-0.7340306552289825,-0.7901655074600972,0.7539292166145675,-0.16684256837421174,0.7339382474679618,0.7824982594781781,-1.3542262900887683,-1.2371351477932162,-1.4186976012562624,-0.7910469017245122,-1.0277062974531288,0.058615172947854365,-0.30975544334079624,-0.7498012677043578,-0.6846958692791875,0.7282078855247456,-0.8236751115907474,0.7262759714170748,-0.6721041118281549,0.7571312350676151,-0.6937314912374112,0.7636497682207039,-0.7481878932155276,0.7735599909535581,-0.550722163808395,0.8274163143679015,-0.6233453217979348,0.8369343574260678,-0.8059004562592763,0.8215577067833251,-0.8038370467430048,0.8174523037655836,-0.6343591479815961,0.8479789841360328,-0.63673670202302,0.9096585665335916,-0.5655806508801884,0.8753624181698428,-0.5286497335812477,0.964010997117981,-0.7524200743262016,0.9706806277537251,-0.8197886006450826,0.9605831351996252,-0.8023235544195957,0.964200677936871,-0.5848749466804126,1.0234733472070132,-0.7155043998005151,1.0395242728919725,-0.6559697526711328,1.020350872997376,-0.5731800694245021,0.9555263869831226,-0.6069427874527573,0.9175270177434839,-0.7620306510345881,0.9201636760144659,-0.7870141838320099,0.9140346245970513,-0.6363689808287157,0.9493549337918289,-0.612153905845465,0.9226794547772402,-0.6622280368141055,0.9560850794824055,-0.6279232566223473,0.9988352539671213,-0.7234190757598411,0.9663540318677001,-0.7990622061132108,0.9998184346678667,-0.8001399896117217,0.9737016098208483,-0.6605505020687363,-0.49329565275029014,-0.29384512415794345,-1.0290709055392362,-1.0712446601512133,-0.9146179711237328,-1.19338528821185,-1.0839106811362653,-1.0813089824891382,1.0204536514205387,-0.1925781690709242,-0.20437214003809145,0.017191404506868704,0.6846373677604248,0.6869845785989608,0.7414425485233066,0.727271789070093,-0.8134765414162867,2,-0.05640981867609862,1.0,1,0.8281467,0.8293454,0.8472979722781194,-0.0018872658617952176,2.9626628989087855e-05,0,1,1,-0.057009818676098625,-0.05640981867609862,1.3441467504402476,-0.013524487344450331
1719187200000,2024-06-24,1719187200000.0,2024-06-24 00:00:00,1719187200000.0,2024-06-24 00:00:00,1719187200000.0,2024-06-24 00:00:00,1719187200000.0,2024-06-24 00:00:00,1719187200000,0.5703290509470326,0.6400772787267818,0.5511402450379638,0.6853638838259168,-0.4367555059849478,0.5703290509470326,0.7193658631074242,0.7885789007366514,0.8911760862813536,-1.0385692859475426,-0.6147948090230664,-1.6421599392918125,-2.1042229069019336,0.8520690519120456,0.8461156352738929,0.8515816371284868,1.8267278273796614,0.08269094545446595,-1.7790753340134868,-1.3784942204314754,-1.415885451632875,-1.2911319325809059,-1.1270976312441312,-1.2820118265976197,0.7193658631074242,0.5386362240794198,0.6841779772033821,0.6648542318844064,-0.6864621871144455,-0.8874577963010585,-1.201282779048441,1.3419013829282855,-0.6469916724690176,3.4650573164254617,1.0312372875403502,-0.7212754552179008,-0.5624651473639786,0.6872976391725542,-0.8130618461030679,0.7305767045991111,-0.823231626178321,0.7288687354424775,-0.6712658225102975,0.7592629952714507,-0.6932763442015123,0.7659816497699088,-0.7474354820021917,0.7758350117954462,-0.5503328229510962,0.8300554072293553,-0.6232161890893426,0.8396042336063885,-0.8054608264502431,0.8241847705149784,-0.8033875244774965,0.8200341016290487,-0.6338190377520362,0.8507708251388738,-0.6364685568711519,0.9122187994258052,-0.56531281646348,0.8779308610792312,-0.5285046348150768,0.9665728455563147,-0.7522650339241369,0.9733996182171616,-0.8193974819659603,0.9635741055879852,-0.8020575189697953,0.9671730211041247,-0.5846577418708837,1.0264914317235136,-0.7152159080641843,1.0425594205017332,-0.6555788243639102,1.023266122423532,-0.5730788503763193,0.9582536014333399,-0.6068749620556378,0.92028946394636,-0.7618134782903297,0.9229435349641362,-0.7867109231262128,0.917064899480829,-0.6360243019533081,0.9520237036660458,-0.6118714878645426,0.9254842809675154,-0.6619826522761344,0.9587488047241176,-0.6277455473053025,1.0016604562854876,-0.7232862826928635,0.9691606945442249,-0.7986605947119059,1.0023688927779646,-0.7997923027029168,1.4863944755965521,1.0831762438759032,0.20694419620920387,-0.023818859755275153,-0.255473643520226,-0.6738529479459535,-0.6937948187578545,-0.7197681199862838,1.0560018068414334,-0.17788389060752338,-0.20009249578014893,-0.4182304837015241,0.5703290509470326,0.6400772787267818,0.5511402450379638,0.6853638838259168,-0.4367555059849478,2,-0.16696184315401286,1.0,1,0.79543126,0.77734184,0.8406433914012011,-0.006654580876918281,-0.004767315015123064,0,1,1,-0.16696184315401286,-0.16696184315401286,0.952763688363254,-0.1782282571637206
1719273600000,2024-06-25,1719273600000.0,2024-06-25 00:00:00,1719273600000.0,2024-06-25 00:00:00,1719273600000.0,2024-06-25 00:00:00,1719273600000.0,2024-06-25 00:00:00,1719273600000,0.6300734581794096,0.6044042107355829,0.6238162087173473,0.5715632803353331,-0.6013174906059376,0.6300734581794096,0.7006634066268064,0.7733300744282449,0.88261422212684,-1.1233868641212021,-0.7281208710156876,-1.5569887197861174,-1.3617441393531513,0.8341167166163982,0.8298030613880635,0.8318755848750752,0.12409002581998856,0.0044854173867066045,0.912096658549958,-0.8961509343235197,-0.8275052584779998,-0.8726288710083893,-0.8876604348505512,-1.1700311165753128,0.7006634066268064,0.5760721274759135,0.6768720245264145,0.6648542318844064,-0.25336574515297033,-0.7707870962391445,-1.103609958061562,-0.31770586353965713,-0.6778161845043148,-0.7872265339095948,-0.4558597246128277,-0.7284827088159312,-0.6176404360496345,0.5730418973083347,-0.4364174059844956,0.6896927369636607,-0.8126206358477048,0.733167391271953,-0.8223405163484248,0.7310223223555433,-0.67081586164805,0.7615976624837614,-0.692541803463311,0.7682616896730591,-0.7470037016310731,0.7784946862924725,-0.5502092244456802,0.8327278370703605,-0.6228155896551978,0.842224098522673,-0.8050109505345919,0.8267637050183099,-0.80280189192534,0.8228335721907066,-0.6335513276828976,0.8533549225812364,-0.6361897748352139,0.9147723431501364,-0.5651644446722521,0.880525602754275,-0.528368417538983,0.9692929870412095,-0.7518868507957541,0.9763892234809236,-0.8191291181920818,0.9665465203321915,-0.8018129210583738,0.9701955105153224,-0.5843892708311756,1.0295274058474408,-0.7148128082942973,1.0454716909368833,-0.6554725409780776,1.0259761318044078,-0.5730124062511088,0.9610065384752726,-0.6066756277997738,0.9230692954932909,-0.761514114130752,0.9259733498321293,-0.7863383069623023,0.9197425601654894,-0.6357381215058048,0.954822969751265,-0.6116329135034818,0.9281562472501073,-0.6618014713756504,0.9615804404253199,-0.6276197697818918,1.004461065218175,-0.7228996030094355,0.9717209123618763,-0.7983131644401404,0.7146014109898873,2.3051448922218074,-0.1361776302588006,-0.3121712027719208,0.06562887938834389,-0.5536237205054986,-0.41856587836883496,-0.3676878403965054,1.0376616314082796,-0.1879646969886727,-0.20165518372803756,-0.24406172841816698,0.6300734581794096,0.6044042107355829,0.6238162087173473,0.5715632803353331,-0.6013174906059376,2,0.10475427673405613,1.0,1,0.6833,0.7064523,0.827878460333251,-0.01276493106795018,-0.006110350191031899,0,1,1,0.10475427673405613,0.10475427673405613,1.1573240361702744,-0.09214415260242137
1719360000000,2024-06-26,1719360000000.0,2024-06-26 00:00:00,1719360000000.0,2024-06-26 00:00:00,1719360000000.0,2024-06-26 00:00:00,1719360000000.0,2024-06-26 00:00:00,1719360000000,0.5931796191063964,0.6071628013535187,0.6418763706869965,0.6317479599319019,-0.6904085408041775,0.5931796191063964,0.6777945937157908,0.7528473745619793,0.8716796773067644,-1.228505476607594,-0.8407905196010759,-1.5478737266444234,-1.7958896260724373,0.814991732627727,0.8145556588079211,0.808400342989525,-0.1112098256781952,-0.07107203958501813,-0.6143865325114276,-0.8743279980700154,-0.991728740936272,-0.9384149803768765,-1.1265250085671703,-1.240605819674305,0.6777945937157908,0.6347109209963678,0.672645611004927,0.6648542318844064,-0.2463068113291406,-0.8508786965368536,-1.1226531780020528,-0.5207732163129014,-0.5725561574640572,-0.712659802389624,0.5645455213429155,-0.7194712183611061,-0.6447050572608564,0.6327588257074899,-0.6009459316916048,0.5755103873310753,-0.43605693669046025,0.692303171528611,-0.81173323466044,0.7353176583968855,-0.8218556800677748,0.7333749227961137,-0.6700886304740876,0.763880605858823,-0.6921218660169643,0.7709243860277785,-0.7468651958615773,0.7811862569299883,-0.5498242229020578,0.8353504450024924,-0.6224054928510814,0.8447953607871991,-0.8044248807651693,0.8295613382523334,-0.8025089830963029,0.8254289913438059,-0.6332729961711203,0.8559322620164975,-0.6360350756420745,0.9173530068317399,-0.5650251456425261,0.8832698551141219,-0.5280331264878747,0.9722830297153925,-0.751627693259144,0.9793601742807232,-0.8188823670505366,0.9695690587603331,-0.8015112233544823,0.9732350548029447,-0.5840130479365906,1.0324414243597417,-0.7147028843086131,1.048176060373293,-0.6554027361068899,1.0287132564608554,-0.5728169652254106,0.9637774998598265,-0.6064002511354579,0.9260991038675799,-0.7611461801633828,0.9286485576440966,-0.7860284339284714,0.9225479428342297,-0.6354963194414812,0.9574870348892672,-0.6114568646177015,0.930992792681103,-0.6616731966011935,0.9643879215959362,-0.6272519412759431,1.007010045374703,-0.7225653153249663,-0.6576151950241403,0.23742025863695496,-1.1525713903083805,-1.1763056620296608,-0.5094482339244343,0.5357489633465616,-0.598523114719875,-0.6055347149901522,0.7288039077954959,-0.1879307936948691,-0.19740251720367036,0.10427578214854727,0.5931796191063964,0.6071628013535187,0.6418763706869965,0.6317479599319019,-0.6904085408041775,2,-0.058554821813344704,1.0,1,0.656096,0.6370079,0.8097218950400326,-0.018156565293218407,-0.005391634225268227,0,1,1,-0.058554821813344704,-0.058554821813344704,1.0310023116386784,-0.14530348997898968
1719446400000,2024-06-27,1719446400000.0,2024-06-27 00:00:00,1719446400000.0,2024-06-27 00:00:00,1719446400000.0,2024-06-27 00:00:00,1719446400000.0,2024-06-27 00:00:00,1719446400000,0.6249792229131373,0.6035924707864078,0.6379794134076793,0.5944158908852996,-0.6906418464836067,0.6249792229131373,0.6600740975013649,0.7388045449161721,0.8631087577433022,-1.256086907286826,-0.9367009928097757,-1.315154883708292,-1.3348143314148737,0.8002339243147261,0.8015389473787057,0.7917429482981223,-0.1085087996026629,-0.09419750442503569,0.4616067515559187,0.43526432511674795,-0.7926773721600279,-0.7549517875384527,-0.9569442367046582,-1.0128278828030417,0.6600740975013649,0.39757760351742094,0.6495756010650542,0.6648542318844064,-0.1193528001661175,-0.8146554802363992,-1.1023571073641845,-0.5323092892266033,-0.5818300136922426,-0.23862228494504353,-0.16972477941953654,-0.7187582657475572,-0.6455633105348203,0.59588195558099,-0.6900188678048511,0.635188956532084,-0.6005501925517509,0.5781759745842708,-0.43530114811847787,0.694484997484294,-0.8112508470585037,0.7376675312380849,-0.821079294328555,0.7356765578156979,-0.669673537141775,0.7665450503250862,-0.6919875201821887,0.7736187669746587,-0.7464381788975398,0.7838294249578595,-0.5494300232095776,0.8379246306747669,-0.6218686019516503,0.8475880709882407,-0.804131729915684,0.8321540309447675,-0.8022045585006419,0.8280176198314161,-0.6331185573676946,0.8585354098716377,-0.6358898189757636,0.9200869399657102,-0.5646828322288657,0.8862690603872195,-0.5278044952619166,0.9752544495892533,-0.7513894560300717,0.9823817101783248,-0.8185780575703482,0.97260864277615,-0.8010903951733386,0.9761566242101178,-0.5839111630790643,1.035149103325463,-0.7146306634983334,1.0509080016169776,-0.6551978225381441,1.0314694680238792,-0.5725468238051405,0.9668052062468022,-0.6060611411986625,0.9287742770541492,-0.7608402779281407,0.9314522528175531,-0.7857663067299432,0.9252206998962706,-0.6353178382223236,0.9603188730890333,-0.6113322815099759,0.9338055185001677,-0.6612986578350585,0.9669496587972084,-0.6269342460055352,1.439108492112338,1.3936909658824341,1.275502965435565,0.9125220633261151,-0.7371975477943742,-0.8357941349126734,-0.8912754100831471,-0.8937906852477506,0.9671375106551665,-0.17680451389655413,-0.17506653023499397,0.2784445374319044,0.6249792229131373,0.6035924707864078,0.6379794134076793,0.5944158908852996,-0.6906418464836067,2,0.053608726231433756,1.0,1,0.6080522,0.6345467,0.7930583549430587,-0.016663540096973906,0.0014930251962445018,0,1,1,0.053608726231433756,0.053608726231433756,1.1398817585387255,-0.09948429876231146
1719532800000,2024-06-28,1719532800000.0,2024-06-28 00:00:00,1719532800000.0,2024-06-28 00:00:00,1719532800000.0,2024-06-28 00:00:00,1719532800000.0,2024-06-28 00:00:00,1719532800000,0.573755702534773,0.5955949376005455,0.6123787736760804,0.6255952821291497,-0.6649753835706942,0.573755702534773,0.6390941997655976,0.7231249919202868,0.8538719172747097,-1.334092667986003,-1.0297615229033095,-1.2755804148404661,-1.4099383378200496,0.7829797654671667,0.7892581569788767,0.7688457920680686,0.15899338702362253,-0.09963513595136946,-0.8389257842381697,-0.5761733657186009,-0.9289034333349883,-0.8352605956788306,-0.9714980011131038,-1.1561000072466194,0.6390941997655976,0.30983890653887464,0.6495756010650542,0.6648542318844064,-0.0693568879325131,-0.7698982615800267,-1.0728708361936203,-0.25410599656177135,-0.5047984099190078,-0.03397563207233581,-0.14883463578552733,-0.7175667089109325,-0.6360390099269644,0.6276669334829809,-0.690252126048327,0.5983357742811352,-0.6896040341723563,0.6378257176704495,-0.599736912013207,0.580445939281254,-0.434905659428495,0.6968607996449108,-0.8104779125678464,0.7399663233050726,-0.8206316258232743,0.7383522560776108,-0.6695408928459814,0.7692410570051218,-0.6915722277978751,0.7762649536976798,-0.7460011577845721,0.7864255228415596,-0.5489127858910395,0.8407192167340983,-0.6216026739340924,0.8501734582575561,-0.8038270547100771,0.8347399408364083,-0.8020350386622092,0.8306314345253338,-0.6329735458742535,0.8612858239953424,-0.6355339299525485,0.9230822237333459,-0.5644492031843267,0.8892503061300538,-0.5275944887127006,0.9782763067156324,-0.7510954735625643,0.9854204816439259,-0.8181537231982273,0.9755302962084397,-0.8009751684518068,0.9788785988308655,-0.5838442771160011,1.0378840862048544,-0.7144189404036053,1.0536593780832826,-0.6549149433468001,1.0344936791041834,-0.5722140046808203,0.9694691713238767,-0.6057796835630674,0.9315779484064769,-0.7605815571544368,0.9341226118773803,-0.785572508891413,0.9280577164465678,-0.6351915054383546,0.9631265705717122,-0.610967662469103,0.9363769914259028,-0.6609750563332975,4.0635617333115475,1.84776280880918,-0.17341894406228547,-0.3469677832792716,-1.1972460654050083,-1.1946609190927346,-1.3050025532966953,-1.2798769650336765,1.0605978508049432,-0.19371787060865248,-0.2058533432162074,-0.5053148613432027,0.573755702534773,0.5955949376005455,0.6123787736760804,0.6255952821291497,-0.6649753835706942,2,-0.08196035724132156,1.0,1,0.656096,0.6272697,0.7772877105517939,-0.015770644391264743,0.0008928957057091624,0,1,1,-0.08196035724132156,-0.08196035724132156,0.9644962851547041,-0.17329088733717157
1719619200000,2024-06-29,1719619200000.0,2024-06-29 00:00:00,1719619200000.0,2024-06-29 00:00:00,1719619200000.0,2024-06-29 00:00:00,1719619200000.0,2024-06-29 00:00:00,1719619200000,0.5959423903090386,0.5588128793364531,0.6263753813056206,0.5797319248123431,-0.7996626598307002,0.5959423903090386,0.6206575737751971,0.7085366333390981,0.8443926943230565,-1.3521372152546716,-1.1079879535968635,-1.0695932841631024,-1.279374446318477,0.7661835145388379,0.7669733805407677,0.7585892379964508,-0.652227347016427,-0.08137991881205302,0.31267225044861063,-0.04392919477806704,-0.8274455043601053,0.0916490129793426,-0.8383842549637862,-1.1252913199382104,0.6206575737751971,-0.17026123394561107,0.6102355868460205,0.6648542318844064,-0.01128872653262882,-0.7363613722359006,-1.0787410300072091,-1.0335687710030375,-0.45882221460390904,-1.172199333282649,0.5454608301606058,-0.7138940886132286,-0.679569853553593,0.5764669728424853,-0.6645908816673506,0.6301003350870343,-0.6898372424124528,0.6009903363500129,-0.6887596284642252,0.6400496157556587,-0.5993034635172471,0.5828941578629442,-0.43425520313119254,0.6991866176112091,-0.8100325312360621,0.7426403098926853,-0.8204875392025769,0.7410587287194861,-0.6691303961690022,0.7718889900101903,-0.6911471561823406,0.7788642687982252,-0.7454309803929714,0.7892341692739178,-0.5486577370606104,0.8433073876407706,-0.6213261877203209,0.8527520837991601,-0.8036573900264669,0.837351186773976,-0.8018758274502809,0.8333896674848121,-0.6326182155241136,0.8642873708579072,-0.635290639140595,0.9260592640974219,-0.564234574661039,0.8922788921552097,-0.5273347488557208,0.9813153385369054,-0.750685002735619,0.9883404165328147,-0.8180374477417407,0.9782524299088861,-0.8008994286920816,0.9816267201872694,-0.5836475907334359,1.0406382999144002,-0.7141269044121656,1.0566824433771256,-0.6545668181682681,1.0371390066853796,-0.5719378820517926,0.9722651318675809,-0.6055419330524463,0.9342482736154722,-0.7603903263303197,0.9369581997801212,-0.785435158240692,0.9308709455224747,-0.6348221849146836,0.9656887093165121,-0.6106527921030548,0.3905592205166367,1.6468188605739082,-0.14715150979575112,-0.32241416210074725,-0.5032078161772079,-0.4265818581675946,-0.5908477715953033,-0.5841453501451872,1.0441520319538171,-0.14981595962000654,-0.14996797601885056,0.017191404506868704,0.5959423903090386,0.5588128793364531,0.6263753813056206,0.5797319248123431,-0.7996626598307002,2,0.03866922398548356,1.0,1,0.6080522,0.6193497,0.762263863445339,-0.01502384710645488,0.0007467972848098636,0,1,1,0.03866922398548356,0.03866922398548356,1.0404618320240018,-0.1413226874887723
1719705600000,2024-06-30,1719705600000.0,2024-06-30 00:00:00,1719705600000.0,2024-06-30 00:00:00,1719705600000.0,2024-06-30 00:00:00,1719705600000.0,2024-06-30 00:00:00,1719705600000,0.6670747594926222,0.6274206726099165,0.6396802983416349,0.5967235201677279,-0.7649496970140771,0.6670747594926222,0.6181596172365659,0.6976988198772266,0.8383057409500467,-1.257271524840258,-1.1507069646806127,-0.5765352773392562,-0.888387870897469,0.7531011531647881,0.7372756508871572,0.7649754799046715,0.2501460194186491,0.0031896061827374838,1.0814951880821568,0.31056978348479286,-0.2021191138487916,0.1655460624195494,-0.49504232050734154,-0.9145791135700494,0.6181596172365659,-0.3089146869092966,0.5933548407733067,0.6648542318844064,0.24844496750891873,-0.5311216998315029,-0.965912712668591,-0.22111175154302207,-0.3346363863188631,0.4241007809391942,1.0416380930219327,-0.7065987246752311,-0.6695493185650493,0.5986434560750818,-0.7992507731702537,0.5789332627662824,-0.6641814990114977,0.6327395541460247,-0.6889927551958108,0.6032426818538201,-0.6883056291770993,0.6424599851565408,-0.5985995054170834,0.5852954548216861,-0.43389098920089886,0.7018768758515231,-0.8098892480057958,0.7453451906878212,-0.8200447928727583,0.7437179037424773,-0.6687102122589401,0.7744901662354073,-0.690591751940719,0.781674979616878,-0.7451466267267166,0.7918432047521959,-0.548392516144952,0.8458887887901052,-0.6211728154448665,0.855356446874904,-0.8034980424339291,0.8401075368247068,-0.8014881403373183,0.8363941856562288,-0.6323753223200387,0.867271127695193,-0.6350670754313349,0.9290849702177001,-0.5639692285466538,0.8953233777436609,-0.526970247177128,0.9842358240779425,-0.7505728739969014,0.9910592966184214,-0.8179610120308319,0.9810006974681019,-0.800677787144625,0.9843931894917282,-0.5833757746762075,1.0436620375577497,-0.7137677761721206,1.059321661454218,-0.6542777150379042,1.0399221452483556,-0.5717047082776646,0.9749244996911989,-0.6053665050040725,0.9370838413510474,-0.7602548222373845,0.9397699027528609,-0.7850362320621483,0.9334433526519033,-0.6345031764013304,0.7144095905438967,0.5651568469520742,-0.2987340778980993,-0.45255769619723374,-0.7222296724090288,-0.9613766911730929,-0.9391619531135047,-0.9467527503912244,1.0556171262386898,-0.18815269250556915,-0.1997585052492632,-0.06989297313480985,0.6670747594926222,0.6274206726099165,0.6396802983416349,0.5967235201677279,-0.7649496970140771,2,0.11936115023919736,1.0,1,0.6080522,0.61425203,0.7481842433586675,-0.014079620086671518,0.0009442270197833613,0,1,1,0.11936115023919736,0.11936115023919736,1.2840137033135663,-0.03882997578312941
1719792000000,2024-07-01,1719792000000.0,2024-07-01 00:00:00,1719792000000.0,2024-07-01 00:00:00,1719792000000.0,2024-07-01 00:00:00,1719792000000.0,2024-07-01 00:00:00,1719792000000,0.6710171207666884,0.6586450418679433,0.7116711572396696,0.6662219771464349,-0.6535183987116251,0.6710171207666884,0.6324806348515457,0.6876286707848908,0.8320539050920488,-1.1652502261427706,-1.1656155734846332,-0.1903584819624909,-0.8365740242361626,0.7444876972832958,0.7221876952767514,0.7639789667378084,-0.3609550429546365,-0.0420249451179878,0.01977504440746335,0.827285198883862,0.49820623483534765,0.4548682171268362,-0.35049690380101195,-0.6754757211630873,0.6324806348515457,-0.24002521719758488,0.5971441412336727,0.6683808789839388,-0.44999151133761905,-0.5257856166709405,-0.9678210421398752,-0.7834723432756557,-0.7977439811388363,1.2275425606181223,-1.0211326087192474,-0.739186135008103,-0.635200235728505,0.6697431086480231,-0.7645448682293369,0.6010955009240349,-0.798812523583327,0.581597196692301,-0.663345978722612,0.6349673801998784,-0.6885387020916484,0.6056764241803109,-0.6875727061138832,0.6448218322503233,-0.5981998353603206,0.5880311571723766,-0.4337762167564498,0.7045968891851861,-0.8094487659939997,0.748002655827875,-0.8195917406507489,0.7463310613065315,-0.6681608506819912,0.7773020712788978,-0.6903155759121157,0.7842870784943694,-0.7448510609233538,0.7944454102875972,-0.5482456548804601,0.8484957744916689,-0.6210288081528573,0.8581077517602044,-0.8031100445517751,0.8431113394543739,-0.8012222188106162,0.839381128892017,-0.6321521263178642,0.8703014333545542,-0.6347908913174823,0.932127121645508,-0.5635972007222911,0.8982553980002278,-0.5268718682464059,0.9869557466801364,-0.7504991900900828,0.9938045739303422,-0.8177374088868758,0.9837673031508058,-0.8003724137653657,0.987419831377856,-0.5830409432623023,1.046304840702573,-0.7134693417501842,1.0621005968804431,-0.6540334056946979,1.0425632924947297,-0.5715327291674444,0.9777535393919989,-0.6052423684899231,0.9398955227809122,-0.7598608578680315,0.9423394769526687,-0.784691165267569,1.6187104634210168,0.5743640264244588,0.44997884612086053,0.18641659813465555,0.7570932351496732,-0.8936896135441204,0.11985065841787468,0.03651224173505657,1.0373216896950248,-0.18092856664299614,-0.1662543955506964,0.8880351809236543,0.6710171207666884,0.6586450418679433,0.7116711572396696,0.6662219771464349,-0.6535183987116251,2,0.005909924214588358,1.0,1,0.66842264,0.66957325,0.7407063758696977,-0.007477867488969836,0.006601752597701682,0,1,1,0.005909924214588358,0.005909924214588358,1.297512051205231,-0.0331495337826736
1719878400000,2024-07-02,1719878400000.0,2024-07-02 00:00:00,1719878400000.0,2024-07-02 00:00:00,1719878400000.0,2024-07-02 00:00:00,1719878400000.0,2024-07-02 00:00:00,1719878400000,0.6418300765463182,0.635681136935553,0.6627663362974497,0.6723693208581573,-0.7022350576647969,0.6418300765463182,0.63415279659848,0.6791564466320942,0.8248430514155612,-1.12099375795203,-1.1682764353260748,-0.020285585316844462,-0.7472079254630337,0.7326046906550592,0.6970872276154819,0.7675960162309228,0.025860251656091272,-0.0728695262950595,-0.4869653103222016,0.3498267525890478,-0.03385787902615583,0.027125360751044606,-0.5043636612786606,-0.8586676054778346,0.63415279659848,-0.22233087033626295,0.5971441412336727,0.6683808789839388,-0.5382910140014557,-0.5621043722759664,-0.9589956676557941,-0.4149765525934851,-0.8189387452872839,-0.5577792834668998,-0.8137145492923649,-0.7543577454538489,-0.649592829680855,0.6736836566730678,-0.65313622625436,0.6721494826003928,-0.7641140585189362,0.6037487299817802,-0.797929948463395,0.5838645192301987,-0.6628978461471461,0.6373809768924956,-0.6878057031769257,0.6080626326668445,-0.6871538407153143,0.6475337827733924,-0.5980726086299255,0.590793433253636,-0.43341609104920836,0.7072706089487462,-0.8089980215274097,0.7506139910601213,-0.8190017440174164,0.7491506543962049,-0.6678880195542533,0.779915942299247,-0.6900284779772545,0.7868923385923619,-0.7446866612063052,0.7970720537093285,-0.5481077781042073,0.851249001772255,-0.6206757660669248,0.8611096371294076,-0.8028439018505,0.8460975153511634,-0.8009777262550808,0.8424136166436738,-0.6318763882170226,0.8733473127051792,-0.6344043139714073,0.9350542051531926,-0.5634965706500318,0.9009971585854468,-0.5268073088520305,0.9897019821209564,-0.7502833431356398,0.9965683903050079,-0.8174293977400157,0.9867939773548697,-0.7999972589552229,0.9900781203778276,-0.5827631140845271,1.0490862425368206,-0.7132170273816549,1.0647357712916161,-0.6538530350397351,1.045381476999899,-0.571411073614667,0.9805582474752857,-0.6048789494722104,0.942465056990338,-0.7595201583546297,-0.2044318861024455,1.969437172999896,-0.582216404057957,-0.6351964050907956,-0.6890815109296783,-0.5890939166027485,-0.7197079858619934,-0.7404514306458122,0.4061266673765839,-0.18692765682804557,-0.18974735775669507,0.53969767035694,0.6418300765463182,0.635681136935553,0.6627663362974497,0.6723693208581573,-0.7022350576647969,2,-0.0434967206008422,1.0,1,0.7291588,0.7196639,0.7387047131308796,-0.0020016627388180774,0.0054762047501517586,0,1,1,-0.0434967206008422,-0.0434967206008422,1.1975778114368891,-0.07520435837452266
1719964800000,2024-07-03,1719964800000.0,2024-07-03 00:00:00,1719964800000.0,2024-07-03 00:00:00,1719964800000.0,2024-07-03 00:00:00,1719964800000.0,2024-07-03 00:00:00,1719964800000,0.565821326536226,0.5994795480959918,0.5895809329468982,0.6417273503436943,-0.6215749069191323,0.565821326536226,0.6302615849532975,0.6658438804129058,0.8138027778376562,-1.1775384989717537,-1.1822439591377125,-0.17729052333032005,-0.9963131535471406,0.7198929886243052,0.6852908797233438,0.7539287822326833,0.5750515520161419,0.0343239597917044,-1.21697867755105,-0.9669459740193707,-0.263813296012587,-0.14498299021747382,-0.6750050212368108,-0.9236757247594262,0.6302615849532975,-0.09506776990037809,0.5971441412336727,0.6602149644211668,-0.28278063472586246,-0.4319599445329504,-0.9145963927380147,0.1488328361416251,-0.6730351591998757,0.44283685705617065,0.39315351246039854,-0.7440095265133356,-0.6218095752189183,0.6445100367372044,-0.7018429800857612,0.6760874994124875,-0.6527292991236422,0.6747683909587254,-0.7632436108444899,0.6059989452191021,-0.7974507473341181,0.5863105669650845,-0.66217319182089,0.6397461877637869,-0.6873867875108804,0.6107892506064392,-0.6870198714470421,0.6502739697987234,-0.5976773811053959,0.5935125495677681,-0.4330472443970908,0.7098992677747848,-0.8084108779694569,0.7534324148171108,-0.8187064194629186,0.7517759339182907,-0.6676043852334432,0.7825229694282083,-0.6898689724391337,0.7895218682197452,-0.7445322709023745,0.7998396901779489,-0.5477687055659447,0.8542516176888562,-0.6204345014215132,0.8640937569774402,-0.802599204753098,0.8491294776178515,-0.8006761563433855,0.845461264578392,-0.631490409623144,0.8762822807682196,-0.6342993319992948,0.9377866192887298,-0.5634305173752348,0.9037634643089815,-0.526617180097504,0.9924666922399773,-0.7499857617715662,0.9995944035189049,-0.8170510733161575,0.9894524386788912,-0.7996852329889409,0.9928701759682216,-0.5825284763152132,1.0517249218181726,-0.7130306242978431,1.06755039738622,-0.6537253431078085,1.048174589397208,-0.5710543210858294,0.9831148369503723,-0.6045651353415717,0.38813114836005,0.8019295282098053,0.20984471666494903,-0.0027989125450087926,-0.25393463199828364,-0.8863828015335643,-0.5299407141269269,-0.5729496178723195,0.9592098040533692,-0.17562612153933885,-0.17951154508717718,0.10427578214854727,0.565821326536226,0.5994795480959918,0.5895809329468982,0.6417273503436943,-0.6215749069191323,2,-0.11842503613899591,1.0,1,0.71683216,0.71805966,0.7367408535039572,-0.0019638596269223596,3.7803111895717834e-05,0,1,1,-0.11842503613899591,-0.11842503613899591,0.93732957969922,-0.18472331565520572
1720051200000,2024-07-04,1720051200000.0,2024-07-04 00:00:00,1720051200000.0,2024-07-04 00:00:00,1720051200000.0,2024-07-04 00:00:00,1720051200000.0,2024-07-04 00:00:00,1720051200000,0.4439746605474583,0.5299835557090272,0.4718261570253148,0.5677878101205134,-0.47806003594198654,0.4439746605474583,0.6045170302044234,0.6442209043967908,0.7965434176767853,-1.3739673590119938,-1.2345445036848153,-0.7095849847996235,-1.3091037126164184,0.7025552137748963,0.6909550578057391,0.7099478903535866,1.2769542125702822,0.15305046139370562,-1.987352650928641,-2.079019469325715,-1.1571592361561196,-1.1498347736185688,-0.7390044550923311,-1.2102036996036638,0.6045170302044234,0.8603099260255005,0.5971441412336727,0.5348126058229493,0.19976118042467766,-0.11652287145465919,-0.7924044641325874,0.9525856286176686,-0.34948447939003335,0.5905954184199749,1.6605208856510698,-0.7120506861311874,-0.5684845349870821,0.5685362461795812,-0.621199229245844,0.6469326191656497,-0.701425611727964,0.6787045056185677,-0.6518977814881758,0.6769637587653412,-0.7627724170161485,0.6084309372792228,-0.7966823039631508,0.5887096012694851,-0.6617598061887534,0.6424601635374779,-0.6872528005857014,0.6135430782403635,-0.6866056403976506,0.6529693591428509,-0.5972727592625718,0.5961895904065537,-0.4325613510132911,0.7127288075339956,-0.8081171327272032,0.7560559591344854,-0.8183994934057831,0.7543943366402454,-0.6674468815623684,0.7851541686939172,-0.6897191903045337,0.7922916202887297,-0.7441555691463965,0.8028477818647534,-0.5475373830538816,0.8572365209677777,-0.6202128115076041,0.86712431123187,-0.8022973867408428,0.852176699647415,-0.8002554997174571,0.8483999731961239,-0.6313856067434888,0.879029622258105,-0.6342303907594893,0.9405443351215554,-0.56323617799405,0.9065468960237024,-0.5263541821120784,0.9954929172469866,-0.7496199700600499,1.002249340344887,-0.8167363593171207,0.992244612822532,-0.799421258856507,0.9955239946879272,-0.5823553939671595,1.0545416359943418,-0.7128985929946993,1.0703397086349453,-0.6533523704737737,1.0507096536156928,-0.5707463746599469,0.8950534859885237,0.8358953381519187,0.36690179688463853,0.16595390687158093,-1.1520721281374744,-0.9477518324104602,-0.9202475820981549,-0.9272175799569043,0.8090193827898275,-0.18297753749377313,-0.19411500549317762,-0.06989297313480985,0.4439746605474583,0.5299835557090272,0.4718261570253148,0.5677878101205134,-0.47806003594198654,2,-0.21534477453275447,0.0,1,0.66878825,0.6760066,0.7309635127029295,-0.005777340801027764,-0.003813481174105404,0,1,1,-0.21534477453275447,-0.21534477453275447,0.5201357781632556,-0.3602888894272471
1720137600000,2024-07-05,1720137600000.0,2024-07-05 00:00:00,1720137600000.0,2024-07-05 00:00:00,1720137600000.0,2024-07-05 00:00:00,1720137600000.0,2024-07-05 00:00:00,1720137600000,0.4279779471697239,0.41673283138748374,0.35253018621796817,0.4454322745365667,-0.2875051272933031,0.4279779471697239,0.583782837899472,0.6234689957139712,0.778028786068106,-1.5356134977861025,-1.3102289683849844,-1.0342954027657674,-1.2813909993343795,0.6840943215430291,0.6899514647866021,0.6713124317149604,1.2957571670302686,0.2869816734949359,-0.31015728004777665,-1.985015946894522,-0.9702958314400021,-1.7096088432453704,-1.086311520821378,-1.2748649125916556,0.583782837899472,1.4534271682250217,0.5971441412336727,0.5183490811863993,0.16801167764020694,-0.1170686028763561,-0.8159701447557561,0.9900621996266569,-0.07838686781024343,0.4665988945552343,2.7107999781699506,-0.6553030667622392,-0.5022102990722538,0.4467456223271148,-0.47771353786154097,0.5710076304095268,-0.6207991484231179,0.6495637078461776,-0.7005770742653851,0.6808968336222179,-0.6514522917158051,0.6793506871613092,-0.7620152593992853,0.6108153214786656,-0.7962398989368216,0.5914439413296853,-0.6616277617381324,0.6452022340336294,-0.6868385197711508,0.6162531196507444,-0.6861816504770872,0.6556211126293873,-0.5967426370515105,0.5990501753731051,-0.43232365253408933,0.7153688471907099,-0.8078118420333568,0.758672631657067,-0.8182285277961939,0.7570362845155545,-0.6672989843082485,0.7879251446145169,-0.6893529891399744,0.7953005159445995,-0.7438974659031922,0.8058385572986223,-0.5473248876078806,0.8602676117271377,-0.6199389002275882,0.8701703920686029,-0.8018763970511886,0.855114507475905,-0.8001403243097165,0.8511543964531887,-0.6313167843512595,0.8818010571336465,-0.6340279114078787,0.9433197541708223,-0.5629675179600928,0.909577557539873,-0.526029946734502,0.9981489833853946,-0.7493158845931647,1.0050390897504498,-0.8164700792048445,0.9948986000114183,-0.7992260692050935,0.998349728422745,-0.5822329448105751,1.0573331777637276,-0.7125139602154192,1.0728677167207608,-0.6530301474488908,-0.5443782121439633,0.7891046438857994,-1.0351811019651844,-1.0703873130172248,0.5765638149257023,-0.4002727627772878,-0.11966048496595011,-0.044827120442868434,0.6878702239361917,-0.17619799048064064,-0.1643958627134248,0.53969767035694,0.4279779471697239,0.41673283138748374,0.35253018621796817,0.4454322745365667,-0.2875051272933031,2,-0.0360306900353482,0.0,1,0.6080522,0.5849361,0.7170726625856418,-0.013890850117287634,-0.00811350931625987,0,1,1,-0.0360306900353482,-0.0360306900353482,0.46536423712861263,-0.3833381221644624
1720224000000,2024-07-06,1720224000000.0,2024-07-06 00:00:00,1720224000000.0,2024-07-06 00:00:00,1720224000000.0,2024-07-06 00:00:00,1720224000000.0,2024-07-06 00:00:00,1720224000000,0.4909466363765047,0.4541733633702171,0.45654394636684653,0.43117577772952315,-0.7204260475972014,0.4909466363765047,0.5688491318083826,0.6068679363742017,0.7620037066111273,-1.562127832413081,-1.3763278754166783,-0.9011898149688896,-0.9696595227961915,0.66784604281718,0.6713418718734426,0.6579563007705805,0.2888469542400898,0.3932082219001675,1.0280808207579593,-0.7616445141162702,-0.7216270603991853,-1.3075868523658214,-0.6157618162518276,-1.1353255773953874,0.5688491318083826,1.5543149539054169,0.5971441412336727,0.5183490811863993,0.4106366975287999,0.05694541387344239,-0.6932460478889938,-0.07719428727393964,0.13000202937351568,-1.3182407477546294,1.4696248955524198,-0.6433908987534114,-0.6520343139732531,0.4307562664752036,-0.2871973730350878,0.4492952388238227,-0.4773442159494083,0.5736753925973732,-0.6199787906807837,0.6517785408556889,-0.700120346934559,0.6832812644598103,-0.6507313622434192,0.681688101903885,-0.7615803335438143,0.6135408410582899,-0.7960976611608361,0.5942049504890338,-0.6612189556964687,0.6478996465088408,-0.6864144791307617,0.6189204887831242,-0.6856275835337183,0.6584654715017954,-0.5964804558232931,0.6017362838610196,-0.432076397747392,0.7180019674704948,-0.8076418216156476,0.7613129446956162,-0.8180679553021382,0.7598151392102702,-0.6669370782028269,0.7909345053576764,-0.6891023591723966,0.7982921535459352,-0.7436602036828573,0.808873669395571,-0.5470621288252608,0.8633141274006957,-0.6195553740576418,0.8731057862746857,-0.8017611220209306,0.8578672253228862,-0.8000646186023448,0.8539323398542313,-0.6311146399814627,0.8845892733305556,-0.6337483055192222,0.9463485169031358,-0.5626364789100948,0.9122572798060505,-0.5257611036652187,1.0009395097205542,-0.7490587223686272,1.0076896312839114,-0.8162731518126037,0.9977244341144018,-0.7990877173668052,1.0011509050226126,-0.5818740598217119,1.0598653264005777,-0.7121814741733782,1.7857124422059485,0.9854599346139706,0.4848345110145767,0.21163114466718613,2.1599950182847505,0.2835178968098987,1.2602996644904434,1.1867941150230301,1.0568141838430036,-0.17101178810309414,-0.18106637090069927,-0.06989297313480985,0.4909466363765047,0.4541733633702171,0.45654394636684653,0.43117577772952315,-0.7204260475972014,2,0.14713068657672967,0.0,1,0.47343478,0.4913061,0.6955966327997171,-0.021476029785924777,-0.007585179668637143,0,1,1,0.14713068657672967,0.14713068657672967,0.6809642834223311,-0.2926082366928243
1720310400000,2024-07-07,1720310400000.0,2024-07-07 00:00:00,1720310400000.0,2024-07-07 00:00:00,1720310400000.0,2024-07-07 00:00:00,1720310400000.0,2024-07-07 00:00:00,1720310400000,0.3976300948558638,0.4522737073029213,0.4445292797013987,0.49300415981775947,-0.7292207887362498,0.3976300948558638,0.5305256065343674,0.5865600820725366,0.7447809626151155,-1.6923342887530881,-1.4564684693697911,-1.0961734618235712,-1.0935178962777174,0.6473341118338972,0.6595903718518477,0.6274183381360243,0.4443401691322532,0.4682693374808355,-1.5805596270794366,-0.5212129251608267,-1.6456530074586713,-1.761408287247232,-1.2095258732208722,-1.3926157748815857,0.5305256065343674,1.6301033609503304,0.5971441412336727,0.4871156270113032,0.22291615683085306,0.19718956898103304,-0.6002424943160439,0.14769769597150723,0.21036364017144074,-0.3194915058810296,0.3109694415801709,-0.6380195338479651,-0.6528600013110928,0.4936959938730207,-0.7200302714071715,0.4333161537424585,-0.2868688919177686,0.45202179088252314,-0.4765739970783468,0.5759488330270658,-0.6195406693705366,0.6541814622226065,-0.6993835788765523,0.6856160760194759,-0.6503204451054799,0.684385342288026,-0.7614407228944156,0.6162936472240895,-0.7956601257126014,0.5969227059383887,-0.6608004948539143,0.6505535561758061,-0.6858603494825305,0.6217748677215743,-0.6853521477629857,0.6611275016453806,-0.596207849375389,0.6044153400827463,-0.43193992037700035,0.7206578217226828,-0.8074821390776595,0.7640906010484042,-0.8176771662486002,0.7628274940400112,-0.6666895050307656,0.7939266417134389,-0.6888720082245735,0.8013278560677743,-0.743367403859361,0.8119234443600888,-0.5466935743762026,0.8662504412864999,-0.6194513047212302,0.8758539345555583,-0.8016853502030431,0.8606436013601991,-0.7998430730342894,0.8567266272153966,-0.6308354845443518,0.8876210686389199,-0.6334041136307529,0.9490181145709194,-0.5623618658965959,0.9150640807746877,-0.5255341747993799,1.003591155303853,-0.7488686660363545,1.0105134125834516,-0.8161335499467198,1.000525717929079,-0.7986861009384834,1.003700938948771,-0.5815642364488984,-0.6452253615089141,0.9404029571461588,-1.1323584876764123,-1.1586205050285383,4.255430749946366,0.35569357861948203,3.678740309575671,3.6565481234089936,0.8330085353352584,-0.18786022276188816,-0.1940904197124983,0.3655289150735829,0.3976300948558638,0.4522737073029213,0.4445292797013987,0.49300415981775947,-0.7292207887362498,2,-0.19007471404504517,0.0,1,0.47343478,0.5080507,0.6777563367940299,-0.01784029600568715,0.0036357337802376266,0,1,1,-0.19007471404504517,-0.19007471404504517,0.36145547793089716,-0.42706552382125607
1720396800000,2024-07-08,1720396800000.0,2024-07-08 00:00:00,1720396800000.0,2024-07-08 00:00:00,1720396800000.0,2024-07-08 00:00:00,1720396800000.0,2024-07-08 00:00:00,1720396800000,0.43165061046817654,0.44328195391960573,0.38640354559677426,0.3992436510400207,-0.5036311150604921,0.43165061046817654,0.4964801429897675,0.5767475726698112,0.7286918625837732,-1.7313032997346092,-1.528739929028892,-0.9869022246266231,-0.6337607480414287,0.6310552955234923,0.6473131892778966,0.6066199670062359,1.1998092907804867,0.41008400616414237,0.5448032511844154,-0.033105526140665836,-1.4711605433109691,-1.037605011977637,-0.8153178157595862,-1.1594875192837926,0.4964801429897675,1.106361201658576,0.5690902739160032,0.4871156270113032,0.3826902717870822,0.04478935224675386,-0.5587082960770346,0.888349141745259,0.5746446216058086,2.0110330119641646,0.8887250784102884,-0.6154859795362593,-0.5764776263950175,0.40042237234774136,-0.7288232243903038,0.49621545177561693,-0.7196090042545725,0.4360504240649779,-0.2861652459946537,0.4543891825842776,-0.4761689805989006,0.5783999073350767,-0.618830125251758,0.6565355462967452,-0.6989621653653166,0.6883117490889555,-0.6501892677358305,0.6871118489731883,-0.7610105918785054,0.6190025914239952,-0.7952123843347821,0.5995982964163832,-0.6602532635033501,0.6533992986009994,-0.6855848790016891,0.6244517669148661,-0.6850658163583342,0.6637825489787036,-0.5960567194904902,0.6071145984464251,-0.4318118206732731,0.7234468698476444,-0.8070933779585087,0.7671025004850303,-0.817409037069398,0.7658228412208594,-0.6664619810022057,0.7969626857896037,-0.6885875914798437,0.8043781095712025,-0.7429585206782507,0.8148666516450467,-0.5465939832234196,0.8690003307416643,-0.6193829691157589,0.8786261109154753,-0.8014636182969807,0.8634364266816673,-0.7995378287189606,0.8597598612246214,-0.6304918339307833,0.8903068364539792,-0.6331183461789517,0.9518179501507332,-0.5621299871747593,0.9177388533009049,-0.5253669017286043,1.006415594358458,-0.748734006803132,1.0133125035620973,-0.8157285746208542,1.0030759508797957,-0.7983386662420425,2.20677965207079,1.0598875080376151,1.6286674398439653,1.2377670125854228,0.23881683989873095,-0.15994686580202572,-0.3561082045832448,-0.30797173381794607,0.9135604443169841,-0.1833738404566158,-0.1907767166639029,0.10427578214854727,0.43165061046817654,0.44328195391960573,0.38640354559677426,0.3992436510400207,-0.5036311150604921,2,0.08555820108295564,0.0,1,0.6080522,0.5388204,0.6645400641599601,-0.01321627263406977,0.004624023371617381,0,1,1,0.08555820108295564,0.08555820108295564,0.47793915947720045,-0.3780462807009972
1720483200000,2024-07-09,1720483200000.0,2024-07-09 00:00:00,1720483200000.0,2024-07-09 00:00:00,1720483200000.0,2024-07-09 00:00:00,1720483200000.0,2024-07-09 00:00:00,1720483200000,0.4836241010380596,0.44616003314356484,0.4663022474259267,0.43610288257621765,-0.6321968280704287,0.4836241010380596,0.47397826599374504,0.5663852143319861,0.7138808611283055,-1.6742378352662095,-1.574609237979096,-0.6202804890162709,-0.6699875879051281,0.61771602593125,0.6284285049547103,0.5998565488643743,0.008147233004091219,0.3993231665654739,0.8400114147059135,-0.13913373371931592,-1.0178847860607376,0.20654176595442195,-0.6641655634359277,-0.9827387100935802,0.47397826599374504,0.24802727805301739,0.49603253735092684,0.4871156270113032,0.6537742326175117,0.02954697330644985,-0.49131218092501394,-0.35087569984241834,0.5886118554044857,-0.7438459942600083,0.4454608138403287,-0.6049566656944411,-0.6223755853476629,0.43442724056947907,-0.5032794178416427,0.40300174460671606,-0.7284000722995478,0.49891934029756535,-0.7187541115223527,0.4384301502164151,-0.2858041851552477,0.4569174489962108,-0.4755050955208009,0.5808041807919968,-0.6184260905811605,0.6592428228898884,-0.6988273010493634,0.6910367981809687,-0.6497829055209724,0.6897925435733713,-0.7605703969754545,0.6216687911888673,-0.7946289534920342,0.6024579507322875,-0.6599816115567289,0.6560633818363553,-0.6852985116550394,0.627121640406923,-0.6849067538521285,0.6664591217409778,-0.5959148235465823,0.6099354619598748,-0.4314950270567441,0.726463098378074,-0.8068266920611201,0.7700973593073768,-0.8171625028806082,0.7688610841170015,-0.6661809931899638,0.8000132161225448,-0.6881899622009782,0.8073223289657758,-0.7428468668194512,0.8176295919581463,-0.5465286193861544,0.8717741073345447,-0.6191821967950695,0.881415018770339,-0.8011581234120992,0.8664693142272352,-0.7991628289955678,0.8624533004069969,-0.6302065255143076,0.8931177965602902,-0.6328768984108182,0.9544828245646555,-0.5619589839903468,0.9205770705957023,-0.5252486314212435,1.009215387961123,-0.7483423126214322,1.0158586659163573,-0.8153781834927051,1.2474342324664633,1.1823004910708985,0.08518364753423828,-0.09390107550709632,-0.6366315320932879,-0.8056532804127952,-0.8832580996356159,-0.8772166627516529,0.8685758294007623,-0.03989010322329276,0.15766532008598616,0.53969767035694,0.4836241010380596,0.44616003314356484,0.4663022474259267,0.43610288257621765,-0.6321968280704287,2,0.12040638727120445,0.0,1,0.47343478,0.5080507,0.6496540226576127,-0.014886041502347402,-0.0016697688682776324,0,1,1,0.12040638727120445,0.12040638727120445,0.6558924742764907,-0.30315908031031547
1720569600000,2024-07-10,1720569600000.0,2024-07-10 00:00:00,1720569600000.0,2024-07-10 00:00:00,1720569600000.0,2024-07-10 00:00:00,1720569600000.0,2024-07-10 00:00:00,1720569600000,0.4710247274086491,0.4918380845925954,0.5013713800261321,0.4889062281668466,-0.6459855005940213,0.4710247274086491,0.46049520123366194,0.5577418663159991,0.6987929583110868,-1.6292933244919978,-1.601894603708441,-0.3622228181379845,-0.592298496612525,0.6039720386222971,0.6073805699975845,0.5947403900728051,0.20275151138158148,0.4284624300438718,-0.24920275543859205,0.6618713418029852,-0.6686229364210943,0.23419109809141378,-1.0432056792483106,-1.0089397552775812,0.46049520123366194,-0.3330159933142136,0.4240648311545441,0.4871156270113032,0.5307594274794877,0.011476339762213263,-0.49297929408818525,-0.1497834465152118,0.5235449607072002,-0.31972307903324276,-0.3695342372400599,-0.6086264729319542,-0.6265533045385115,0.48637682646032204,-0.6318189907370837,0.43698476978473016,-0.5029046153926775,0.4057506574826755,-0.7275421070049459,0.5012505137175589,-0.7182931880434918,0.4409685508404866,-0.28520225260634363,0.4594021790973877,-0.47513198221656444,0.5835416752216138,-0.6182973307405766,0.6619786631886778,-0.6984105473503153,0.6937159271067725,-0.6493669353862155,0.6924286359297143,-0.759996295830812,0.6245224197811727,-0.7943372634133505,0.6051426782022851,-0.6596991982671091,0.6587204763391403,-0.6851394283754161,0.629812222161273,-0.6847573888592218,0.669263356617255,-0.5955665925693917,0.6129637809534089,-0.43127956046328036,0.7294625996723745,-0.806581492616882,0.7731352677684746,-0.8168584565548581,0.7719133965918086,-0.665787967097123,0.8029580210114339,-0.688081674491011,0.8100871854451254,-0.7427734980477764,0.8204153629924608,-0.5463362232421987,0.8745645078895858,-0.6189048863585401,0.8844469779828332,-0.8007828225974766,0.8691609060137778,-0.7988509345526515,0.8652695381602904,-0.6299654715383277,0.8957984793971576,-0.6326986841822662,0.9573151449032865,-0.5618380304606627,0.9233915823252473,-0.524900975245604,1.0117628546075428,-0.7480036112799529,0.883889234788278,1.1026309059749666,-0.009051387400714563,-0.20578639774176258,-0.7268787868968986,-0.41574871698092347,-0.8868092919479906,-0.8856046204379562,1.0485458585984,-0.17970333065059044,-0.19309682905677636,-0.15697735077648842,0.4710247274086491,0.4918380845925954,0.5013713800261321,0.4889062281668466,-0.6459855005940213,2,-0.026051997000081206,0.0,1,0.47343478,0.49651206,0.6350864041219728,-0.014567618535639926,0.0003184229667074767,0,1,1,-0.026051997000081206,-0.026051997000081206,0.6127531685041825,-0.321313177859605
1720656000000,2024-07-11,1720656000000.0,2024-07-11 00:00:00,1720656000000.0,2024-07-11 00:00:00,1720656000000.0,2024-07-11 00:00:00,1720656000000.0,2024-07-11 00:00:00,1720656000000,0.4566978158540669,0.4951509510744397,0.4966688924015031,0.47449844929146484,-0.6430205226535934,0.4566978158540669,0.462304835002493,0.5458347314840146,0.686070393152325,-1.596677290511688,-1.6168940415459632,-0.19161973898179277,-0.7966299255044146,0.5909178787178541,0.5890216120041392,0.5879793123906177,0.32915337526677874,0.4690825699231372,-0.27912748868869475,0.17647235495965785,-0.022060723970975384,-0.33916549948427394,-1.1277374480517892,-0.9757190244744766,0.462304835002493,-0.33321481197372094,0.4240648311545441,0.4871156270113032,-0.07757304054210598,-0.031492381993023344,-0.5547915302330912,-0.013662885940554514,0.31300456488954154,-0.21788162755109142,-0.8916126977964166,-0.633426082318786,-0.6250542615764054,0.4737832477848278,-0.6456048597334365,0.4889009858336834,-0.6314166333647512,0.43971726808173495,-0.502125462917485,0.4081537836943942,-0.7270791548274885,0.5037490225188903,-0.7175505057960114,0.44346384374095765,-0.28487019580100587,0.46218811456342757,-0.47501408378631654,0.5863056179254279,-0.6178977822173194,0.6646693834944086,-0.6979839863870103,0.6963503508236086,-0.6488227832948461,0.6952629455502117,-0.759709770181557,0.6271982055153241,-0.7940341008224601,0.6078203573897523,-0.6595424003161481,0.6613989834379669,-0.6849900438230637,0.6326267256851487,-0.6843921382314524,0.6722853564069771,-0.5953287519922317,0.6159762479256138,-0.4310817285436686,0.732503687366163,-0.8062790652793415,0.7761873091839407,-0.8164344754556108,0.7748619707100737,-0.6656810562437276,0.8057239859719503,-0.6880105395299407,0.8128747175394389,-0.7425585393280396,0.8232169519839762,-0.5460701762880493,0.8775968208314371,-0.6185634527481476,0.8871336197591303,-0.800470672810168,0.8719758728198412,-0.7985870732500296,0.8679577207568714,-0.6297875540637586,0.8986402178525357,-0.6325725434554896,0.9601233574140742,-0.5614831643090957,0.9259663704650568,-0.5246010352404809,0.8971141729313674,0.7307233630986365,0.2147063795018382,0.02482306592877547,-0.16116984326447678,-1.0227473681178827,-0.49384781811776834,-0.5281602763064486,0.8416811721396168,-0.13057293081277646,-0.010668193852447718,0.8880351809236543,0.4566978158540669,0.4951509510744397,0.4966688924015031,0.47449844929146484,-0.6430205226535934,2,-0.030416474382145453,0.0,1,0.6080522,0.57343626,0.6292219387140905,-0.005864465407882324,0.008703153127757601,0,1,1,-0.030416474382145453,-0.030416474382145453,0.5636989030696511,-0.341956438198738
1720742400000,2024-07-12,1720742400000.0,2024-07-12 00:00:00,1720742400000.0,2024-07-12 00:00:00,1720742400000.0,2024-07-12 00:00:00,1720742400000.0,2024-07-12 00:00:00,1720742400000,0.47763714813068864,0.455756294769921,0.47709967559242056,0.45938399336405344,-0.6712017072483927,0.47763714813068864,0.469367938833777,0.5390336439060918,0.6728199227513715,-1.5267349277468367,-1.6142496827435808,0.05338300409769907,-0.5165265793176493,0.5786844718170246,0.565191302761098,0.58936128354447,-0.004122082723780745,0.4539435572826499,0.31021510797549795,-0.1265602754088498,0.21294518688428815,0.520104465881509,-0.9010270032101816,-0.9235860814858639,0.469367938833777,-0.34698260241762996,0.4240648311545441,0.4871156270113032,-0.08857335426570898,-0.05081858450430955,-0.5693456895283435,-0.3598146710218353,0.018873597162903877,-0.41413854285753054,-1.2814511186529145,-0.6911097464230586,-0.6352309060883311,0.4594629257476821,-0.6426404846354077,0.47631549664960704,-0.6451995470956151,0.49160840741009315,-0.6305925647098569,0.44209416238392996,-0.501714547911692,0.4107114102410678,-0.726333613265278,0.5062027365268598,-0.717125172898162,0.4462561388178174,-0.2847667188383054,0.4649971071379221,-0.47464514763559956,0.5890265244429755,-0.617488756484171,0.6673161608875553,-0.6974267408664474,0.6991835897309105,-0.6485528358639149,0.6979100633343824,-0.759411955309794,0.6298669687601033,-0.7938653103856653,0.6105183146165435,-0.6593951675407553,0.6642046361907256,-0.6846247486253725,0.6356526277596084,-0.6841421847613348,0.6752910467354315,-0.5951102286507826,0.619026214705255,-0.4308367559931079,0.7355583055472298,-0.8058572575981846,0.7791353100118018,-0.8163183056663891,0.7776350717258244,-0.6656108349786831,0.808512536820165,-0.6878018769918418,0.8156779492508787,-0.7422621523771552,0.8262519162810705,-0.5457422771862387,0.8802853487453628,-0.6182800244904828,0.8899451811218666,-0.80020659245552,0.8746622493466212,-0.7983919686249321,0.8708039273121224,-0.6296616268041815,0.9014584909396607,-0.6322037390007715,0.9626864522137567,-0.561176878233225,0.021313718546550512,0.36570382787316563,-0.7463825163884868,-0.8318683062524217,-1.0188174079712178,-0.9771925477332127,-1.1706269155265934,-1.13943950063559,1.0504915387482865,-0.16562696350415324,-0.13430844656497087,0.6267820479986186,0.47763714813068864,0.455756294769921,0.47709967559242056,0.45938399336405344,-0.6712017072483927,2,0.04584942504588785,1.0,1,0.6080522,0.6195908,0.628305779155746,-0.0009161595583444537,0.004948305849537871,0,1,1,0.04584942504588785,0.04584942504588785,0.6353935987202801,-0.311785519235002
1720828800000,2024-07-13,1720828800000.0,2024-07-13 00:00:00,1720828800000.0,2024-07-13 00:00:00,1720828800000.0,2024-07-13 00:00:00,1720828800000.0,2024-07-13 00:00:00,1720828800000,0.5289465954500053,0.5069155309744768,0.5260639419783895,0.4798913512748888,-0.760287832241166,0.5289465954500053,0.4747727309231953,0.534293203613229,0.6631852832548651,-1.3875630097834626,-1.582995618857494,0.45065896273971146,-0.37710061760669,0.5710023275995276,0.5471120546193108,0.59385726962042,0.06371782200253266,0.5203915954758294,0.8110966800804109,0.4889897182994126,0.13227557491847444,0.6403785334273745,-0.30005981119205916,-0.6500528901911087,0.4747727309231953,-0.12805648363210806,0.4605894549525525,0.4871156270113032,-0.16541757682197514,0.018177777288715988,-0.5309031402704569,-0.3210060702592094,-0.03425168947021214,-0.8742119561214519,-0.6306447892347282,-0.6971024341771909,-0.6659535972638531,0.4803926271911253,-0.6708159394024427,0.4620043732783216,-0.6422358074682574,0.47902899730534576,-0.6443706611805164,0.49394522695510945,-0.6301519932221468,0.44463023630825377,-0.5010423492559632,0.4132267421498922,-0.7259063854738126,0.5089699979391328,-0.7169889318621189,0.4490710457918823,-0.284438428913399,0.46776640399563746,-0.47426732152543977,0.5917054732162491,-0.61695318974855,0.6701573267582205,-0.6971495456028117,0.701829118654523,-0.6482721875845998,0.7005502413241943,-0.759246255697362,0.6325565014601706,-0.7937067859500703,0.6133382243914157,-0.6590347755766593,0.66722717480094,-0.6843747634348215,0.6386625028547309,-0.6839124594372052,0.6783363727703235,-0.5948401582880953,0.6220880293784374,-0.4304920787522283,0.738511756233367,-0.8057417378989148,0.7819073256513176,-0.8162419400773522,0.7804301809931867,-0.6654047477690965,0.8113167188270705,-0.687513956544613,0.8187133028279314,-0.7418977959052042,0.8289545816161338,-0.5454703270472521,0.8830982077084034,-0.6180405834443716,0.8926267183695596,-0.8000113227571454,0.8775073799073662,-0.7982536779495281,0.8736269732918612,-0.6292933959483619,0.9040402613474653,-0.6318851847205696,1.7872340809891114,1.240510572646293,0.4469811119857892,0.2373954755114825,-0.5282415706430336,-0.7770916370820627,-0.8058594172582948,-0.8178142281636658,0.8061179396514255,-0.14809072766601394,-0.12287926602320243,0.2784445374319044,0.5289465954500053,0.5069155309744768,0.5260639419783895,0.4798913512748888,-0.760287832241166,2,0.10742348563156079,0.0,1,0.6080522,0.6080522,0.6263791583977577,-0.0019266207579883288,-0.001010461199643875,0,1,1,0.10742348563156079,0.10742348563156079,0.8110732794743547,-0.2378551208491111
1720915200000,2024-07-14,1720915200000.0,2024-07-14 00:00:00,1720915200000.0,2024-07-14 00:00:00,1720915200000.0,2024-07-14 00:00:00,1720915200000.0,2024-07-14 00:00:00,1720915200000,0.5909327672301085,0.5665039042622065,0.5835396661634515,0.5310963262261664,-0.714156481751225,0.5909327672301085,0.5022664646004081,0.5289056032592132,0.6564975989780749,-1.1814002349770545,-1.5148278418585164,0.9632448394921731,-0.4195434129044223,0.5720189628024633,0.5490309901937044,0.593813991790705,0.1358551498014176,0.5097840735620157,0.9655163617533526,1.232660791675086,1.1416775586396524,0.6970214612691882,0.6436810062674367,-0.1002001464159121,0.5022664646004081,0.1720589888515134,0.520169035040201,0.5221289190360909,-0.9053178477589182,-0.00814193785064062,-0.457231216333966,-0.28566087868470796,-0.1286782106647227,0.34522142665812605,-0.045217188137662394,-0.6948377165083768,-0.6522281089837121,0.5316784752513496,-0.7598839513116205,0.48292063051781225,-0.6704052222860418,0.4647247865341975,-0.6414079574085113,0.4813755317421899,-0.6439269090351661,0.4964483747172546,-0.6294379957424187,0.44712310411024486,-0.5006637264689792,0.4160311022381937,-0.7257694788392036,0.5117616237566502,-0.7165682979424575,0.45184669560472884,-0.2841020287632668,0.4704969254550582,-0.47377032684795545,0.5945672824440168,-0.6166879947183269,0.6728146187192995,-0.6968613922594581,0.704467712366973,-0.6481164097576804,0.7032127642898108,-0.759090641462282,0.635370236023033,-0.7933206637877753,0.6163661809458398,-0.6587882800196594,0.670233442954486,-0.6841450087756894,0.6417106946790396,-0.6836288015473306,0.6813944261235287,-0.5944617883750978,0.6250567006426918,-0.4303996294987341,0.7412940897617128,-0.8056658037161823,0.7847014373994557,-0.8160185345777448,0.7832404807052318,-0.6651202903776561,0.8143522975983112,-0.6871597736550878,0.8214180438617249,-0.7415949276121797,0.8317771666573209,-0.545240732722783,0.8857815889010436,-0.6178638814418691,0.8954689658536329,-0.7998729133378248,0.8803292764933188,-0.7978522258694678,0.8762176036962578,-0.6289753465379717,2.786828952961515,0.6820721765211553,0.4118833992806497,0.1492914866167748,-0.5541828219376699,-1.1443410132862488,-0.9120536891780276,-0.921511617233215,1.0590765439451726,-0.1936605705366139,-0.20582731389013498,-0.4182304837015241,0.5909327672301085,0.5665039042622065,0.5835396661634515,0.5310963262261664,-0.714156481751225,2,0.11718795869622323,1.0,1,0.6080522,0.6000734,0.623876824846978,-0.0025023335507796673,-0.0005757127927913386,0,1,1,0.11718795869622323,0.11718795869622323,1.0233092601452287,-0.14854091823063864
1721001600000,2024-07-15,1721001600000.0,2024-07-15 00:00:00,1721001600000.0,2024-07-15 00:00:00,1721001600000.0,2024-07-15 00:00:00,1721001600000.0,2024-07-15 00:00:00,1721001600000,0.7446618738572423,0.701302119326914,0.6405845748284059,0.5965988695516874,-0.4968674550553965,0.7446618738572423,0.5467865336086911,0.5341165057590339,0.6546179223231646,-0.8019046763548716,-1.3808382196385858,1.877250649172278,0.15337556334650934,0.577673021304636,0.571784270217742,0.5795005314266165,1.4298992992597561,0.6759961843203627,2.389563212963058,2.4965342076298627,1.881103956661997,1.9266689920322944,1.536023093657121,0.19620661889155713,0.5467865336086911,1.4927646066053273,0.6679296622424433,0.5479070444053494,-0.04262107184073059,0.5222645517933028,-0.10514782592673576,0.7869740044800885,-0.15076731217877412,1.7280499095299218,-0.18285509567414654,-0.6938208904217458,-0.5902497785142772,0.593636137121399,-0.7137619802958441,0.5341735350884669,-0.7594541407581766,0.48563094074271623,-0.6695675267463321,0.4670823679008394,-0.6409648891999014,0.48388666143925846,-0.643208428631628,0.49890692387287466,-0.6290316724984271,0.4499139390928528,-0.5005438927829551,0.418857229599875,-0.7253469689613902,0.5145122661040409,-0.7161377823225806,0.45458398781550113,-0.28365624895267816,0.4733918272443722,-0.4735264832773313,0.5972552076465919,-0.6164122675061923,0.6754649415377859,-0.6967012767262714,0.7071287383751236,-0.6479701374915767,0.7060067006085669,-0.7587111507460906,0.638395845877432,-0.7930558560371659,0.6193782592423822,-0.658561752567664,0.6732791646924514,-0.6838613153037081,0.6447710707523181,-0.6832321909966191,0.6843551421974462,-0.5943592613240137,0.6278678503759708,-0.43033900509848144,0.7440976842054644,-0.8054436141712523,0.7875108066237799,-0.8157107892041257,0.7862775092062567,-0.6647702687907107,0.8170582394010621,-0.6868655332029455,0.8242420569149846,-0.7413388095633068,0.8344743690186175,-0.5450714510150713,0.8886249349443374,-0.6177388285207439,0.8982877826929946,-0.7994711421858893,0.88291777325972,-0.797504935828946,1.7846735046850808,0.795558503002001,0.19088520967884817,-0.03770536453074192,-0.32126474239191927,-0.5681453275864023,-0.7699986325618028,-0.7578551234859064,1.0574498822314762,-0.19047800775201415,-0.20110616864618147,0.10427578214854727,0.7446618738572423,0.701302119326914,0.6405845748284059,0.5965988695516874,-0.4968674550553965,2,0.2601465262244831,1.0,1,0.6080522,0.6211021,0.6236128788478582,-0.0002639459991198301,0.0022383875516598373,0,1,1,0.2601465262244831,0.2601465262244831,1.5496661356498391,0.07296320411394874
1721088000000,2024-07-16,1721088000000.0,2024-07-16 00:00:00,1721088000000.0,2024-07-16 00:00:00,1721088000000.0,2024-07-16 00:00:00,1721088000000.0,2024-07-16 00:00:00,1721088000000,0.7572788526947962,0.7196496924548784,0.7112256427295254,0.7475038883523771,-0.5341640328865771,0.7572788526947962,0.5857088659755594,0.5422853472716617,0.6525579959557626,-0.48042347125189294,-1.2063376499584808,2.4397879224734167,0.30487368591515196,0.585770058525912,0.5989189633852986,0.5653507567356113,0.6316539772928056,0.7322208874962435,0.1467223380441785,2.0761233965028176,1.5920177367375266,2.139297689387085,1.2344419809551617,0.3612965477558979,0.5857088659755594,2.169853446320848,0.6800567912379704,0.5479070444053494,-0.003843208317247991,0.4961671371669974,-0.10712351314942911,0.06830175544326267,-0.059430781230484384,-0.3812620896835385,0.44497959922477415,-0.6790829669582369,-0.6019399517732452,0.7472945376075224,-0.4965171330309344,0.5960913984241294,-0.7133420568716963,0.5368590889874015,-0.7585853217695672,0.4879723765965733,-0.6691179579336981,0.4696025739598801,-0.6402473727593685,0.4863535300947494,-0.6427991345136648,0.5016770964128192,-0.6289021087756852,0.4527274881881009,-0.500169502205147,0.42164493179745377,-0.7249145413960406,0.5172229062565133,-0.715575647664631,0.45748323418181025,-0.28344075523462114,0.47612885940297833,-0.4732728653050405,0.5999360753425191,-0.6162593339113596,0.6781370501841621,-0.6965509202439419,0.7099215774180296,-0.6476119342308192,0.709024786747202,-0.7584510625986501,0.6414054075990177,-0.7928123934998552,0.6224279598512453,-0.6582819735602878,0.6763375387626871,-0.6834646569856353,0.6477366993783167,-0.6831242079978991,0.6871512308474164,-0.5942919491947732,0.6306979284642563,-0.43015996745333196,0.7469158989052582,-0.8051375038973355,0.790547614624514,-0.8153327841406652,0.7889911811841891,-0.6644795573861564,0.8198830785436492,-0.6866168167108885,0.8269412885418701,-0.7411495401011747,0.837325949240642,-0.5449517358135352,0.8914449252814584,-0.617372947063681,0.9008705624767381,-0.7991235713049436,1.2159880016215832,1.1097046568541018,0.07948088772095804,-0.13086081971682034,1.1662813332903468,1.1167996691034645,-0.10316453772532444,-0.15319109803955944,1.0499222409949702,-0.14800234874001,-0.18923056304489852,-0.4182304837015241,0.7572788526947962,0.7196496924548784,0.7112256427295254,0.7475038883523771,-0.5341640328865771,2,0.0169432319291436,1.0,1,0.701138,0.70986104,0.631817228602833,0.008204349754974749,0.008468295754094579,0,1,1,0.0169432319291436,0.0169432319291436,1.5928657203280379,0.09114266853268838
1721174400000,2024-07-17,1721174400000.0,2024-07-17 00:00:00,1721174400000.0,2024-07-17 00:00:00,1721174400000.0,2024-07-17 00:00:00,1721174400000.0,2024-07-17 00:00:00,1721174400000,0.7192987583672504,0.7472606510124168,0.7692701667647663,0.7603865093146804,-0.6394480176454209,0.7192987583672504,0.6210212597583433,0.5531449930662632,0.6494814936234664,-0.2760027163221156,-1.0239373969332073,2.549483365496625,0.4652092178005606,0.5904240034138025,0.6129066504098368,0.5590916216437343,0.17828998035728028,0.6953967992727,-0.6017342987805658,1.1054290804799909,1.4434621685100024,1.6859204259496,1.5854301460475217,0.13255785347167515,0.6210212597583433,2.1879020607722826,0.6800567912379704,0.5479070444053494,0.1282016748071375,0.38840812382143913,-0.09215852353818328,-0.3141766301054492,-0.09525117880039763,-0.6890025505338243,-0.1661331017422496,-0.678100143575921,-0.6322696608697538,0.7599057133938234,-0.5338061276831167,0.749651096361593,-0.49614378020744704,0.5987470445779146,-0.7124893544975403,0.5391609621022593,-0.7581152033018729,0.490479317203498,-0.6683912793273951,0.47207890282683346,-0.6398387174683681,0.4891287116081601,-0.6426685272444999,0.5044714295614512,-0.6285002945484967,0.455501679434766,-0.4997861170332504,0.4243950690068965,-0.7243500430020948,0.5201050508399698,-0.7152957460320738,0.4602267133768954,-0.28321649327366233,0.4788586924019623,-0.47313271020053665,0.6026370453381976,-0.616115739664034,0.6809380128455116,-0.6961834103187001,0.7129392465706146,-0.6473669963749676,0.7120262801198421,-0.7582119647422743,0.6444533848205451,-0.7925120729563326,0.6254895587932209,-0.6578905702330402,0.6792989331530034,-0.6833566596992448,0.6505420886676203,-0.6830532752463117,0.6899674669888677,-0.594094061627267,0.6335408471551538,-0.42991188373237466,0.7499548030431799,-0.8047614636144115,0.7932601108620466,-0.8150183409794298,0.7918213384316248,-0.6642338683544555,0.8225834840784291,-0.6864331249156674,0.8297940777308038,-0.741015446895621,0.840154735453406,-0.5446001971224106,0.8940298834477866,-0.6170569655451777,1.3004090176461198,1.5065830074068018,1.049560892775838,0.794715616054727,1.6340527915279894,0.9408581783596439,1.1988932826832466,0.9873662625721378,0.7323236337711663,-0.14667345981183655,0.016584907383820124,1.6717945796987614,0.7192987583672504,0.7472606510124168,0.7692701667647663,0.7603865093146804,-0.6394480176454209,2,-0.05015338034647687,1.0,1,0.8281467,0.8070369,0.6484849841938339,0.016667755591000977,0.008463405836026228,0,1,1,-0.05015338034647687,-0.05015338034647687,1.462824739669084,0.03641817526549862
1721260800000,2024-07-18,1721260800000.0,2024-07-18 00:00:00,1721260800000.0,2024-07-18 00:00:00,1721260800000.0,2024-07-18 00:00:00,1721260800000.0,2024-07-18 00:00:00,1721260800000,0.7152732198089606,0.7082660225363224,0.7441876006576045,0.7222394296501976,-0.6900610394358428,0.7152732198089606,0.6577988335212642,0.5723413415001449,0.6479669842414881,-0.12002987927261662,-0.8453609908443157,2.496385213911105,1.0852842014246198,0.5974068063177199,0.6292722879411554,0.5550838719181194,-0.06308319805273394,0.5710257428084458,-0.10098733545921652,-0.3217699265755653,1.5178811221573092,1.249149590718756,1.3608201044461559,0.2923220534434467,0.6577988335212642,1.7803674331008534,0.6800567912379704,0.5694574219528337,0.07923550273291739,-0.056756324048496204,-0.1202519872183747,-0.5294695887851759,-0.2076427072178668,-0.5505225402954933,-0.5427352599578177,-0.6851720579768164,-0.6475042571585035,0.7219430876248613,-0.6390687059926693,0.7622541713529635,-0.5334247812482694,0.7522325696666444,-0.49536699070882967,0.6010011225426817,-0.7120298772305953,0.5416353972306178,-0.7573595613337826,0.49294181960754174,-0.6679765521866454,0.4748597801090928,-0.6397083345929669,0.49192770307179856,-0.6422637718309572,0.5072249799898554,-0.6280889596474336,0.4582374171581005,-0.4992822496941132,0.42730255760258745,-0.7240688329298001,0.5228231522323296,-0.7150047902686176,0.4629629748153619,-0.2830933050802578,0.4816059289023255,-0.4730011476848049,0.6054591634847951,-0.6157636387790747,0.683958769130259,-0.695931848905557,0.7159402927720612,-0.6471419094823291,0.7150687320180119,-0.7579169383705565,0.6475135869584379,-0.7920930935503939,0.628457773786054,-0.6577841447642154,0.6820963060186063,-0.6832857174662139,0.6533668725976032,-0.6828451826525183,0.6927974738869411,-0.5938206303312671,0.6365856054672925,-0.42960556974301867,0.752678476196465,-0.804448686711248,0.7960894592389751,-0.8147522932104945,0.7945293012184584,-0.6640524579935156,0.8254369726414647,-0.6863030439525886,0.8326241553805085,-0.7406252736635022,0.8427560215438104,-0.5442968398079654,0.5417721043591365,1.160335098345299,-0.48193533229079144,-0.592656194188105,0.3366309174098376,-0.46643200633147996,-0.2711251840097271,-0.3434848275803402,0.896444157514028,-0.1302125242768148,-0.09038564538121989,0.2784445374319044,0.7152732198089606,0.7082660225363224,0.7441876006576045,0.7222394296501976,-0.6900610394358428,2,-0.005596476445235976,1.0,1,0.8281467,0.8247942,0.6652563822424822,0.016771398048648245,0.00010364245764726832,0,1,1,-0.005596476445235976,-0.005596476445235976,1.4490415990247816,0.030617885360210817
1721347200000,2024-07-19,1721347200000.0,2024-07-19 00:00:00,1721347200000.0,2024-07-19 00:00:00,1721347200000.0,2024-07-19 00:00:00,1721347200000.0,2024-07-19 00:00:00,1721347200000,0.8206220883199985,0.798786059625374,0.7468711543777444,0.7171789527027294,-0.5748581235029775,0.8206220883199985,0.7065821042595125,0.6001237733883207,0.6501476917045222,0.1430805491910804,-0.6474121474845311,2.765391957095251,1.401376540639128,0.6084930243205586,0.6635376491544466,0.5390729702018535,1.3579412951931296,0.5767971531090939,1.541965674873611,0.4725228662062933,2.0268715173318523,1.5175631210591367,1.5989895080409582,0.5555620206650344,0.7065821042595125,1.4547268590626476,0.7409407476360316,0.6222641660684786,0.20465820522600928,0.04394398735027472,0.007882278132575572,0.6556238918006698,0.013615937658717416,0.6706753383066638,0.5561251284660879,-0.6706880849270102,-0.6162685085461872,0.7179194005721398,-0.6896714370908561,0.72431593089522,-0.6386647945047924,0.7648295570843385,-0.5326349616831367,0.754368113037105,-0.4949576358885321,0.6034362882911605,-0.7112892333219007,0.5440640194630829,-0.7569256399123997,0.49571437230455906,-0.667844036518959,0.47766406860328636,-0.6393042116226594,0.49468625723149795,-0.6418494393214839,0.5099387194706004,-0.6275505380901667,0.46113566605898654,-0.49903460178001596,0.4300582676669961,-0.7237765222890418,0.525534109072389,-0.7148430550190396,0.465716285441828,-0.2829777179509032,0.4844619605831476,-0.47267646339165204,0.6084879592631964,-0.6155230439868185,0.6869631259378356,-0.6957006365584689,0.7189824384408576,-0.6468638778120075,0.7181244558856591,-0.7575050661496526,0.650478847711161,-0.7919784198150499,0.631268059688099,-0.657714245605309,0.6849137224233992,-0.6830775981481806,0.6562048528881439,-0.6825580286119505,0.695839172455238,-0.5934838580022628,0.6393404939496191,-0.42935192514360393,0.7555155139217541,-0.8041840683733786,0.7987962725865861,-0.8145555409076026,0.7973872921333335,-0.663924018158828,0.8282677973732804,-0.685923651851576,0.8352278387858788,-0.7402879110301875,0.22583050623879714,1.4122877238451246,-0.4347984055504706,-0.5648809152823244,0.022547405522220773,-0.3326965165088308,-0.32323635660695427,-0.37139547012090396,1.025142434732687,-0.0689162905282877,0.021020146903392035,0.2784445374319044,0.8206220883199985,0.798786059625374,0.7468711543777444,0.7171789527027294,-0.5748581235029775,2,0.14728479354948454,1.0,1,0.78648764,0.8069325,0.6787333128704388,0.01347693062795663,-0.003294467420691616,0,1,1,0.14728479354948454,0.14728479354948454,1.8097481853312458,0.18241222783389577
1721433600000,2024-07-20,1721433600000.0,2024-07-20 00:00:00,1721433600000.0,2024-07-20 00:00:00,1721433600000.0,2024-07-20 00:00:00,1721433600000.0,2024-07-20 00:00:00,1721433600000,0.8386826974577252,0.804495112943668,0.8645099304380512,0.8237962475958939,-0.7652483757363837,0.8386826974577252,0.750636342073314,0.6247286316290397,0.6530631160314107,0.3699177103197641,-0.4415599280057877,2.875138678181035,1.3185527439791196,0.6169605584508836,0.6922411345168878,0.5238946140655545,-0.3728246162964935,0.5153863360620256,0.21973297718181967,0.9672600484389152,1.7778568692728403,0.5286279947787111,1.7657245600689395,0.3688288276516312,0.750636342073314,0.9302641728768333,0.7583001598670398,0.6860591995937764,0.24189138244631492,0.005253668641663876,0.00946930031175486,-0.8449670931115569,-0.10055237358033846,-1.1646933210994777,-0.282390952088009,-0.6714338364914005,-0.6719016863674848,0.8232198149412415,-0.5744919443346854,0.7202948284598435,-0.6892566779368,0.7269096416650556,-0.6378381925482395,0.7669553719882732,-0.5322170035948283,0.7567058885691316,-0.49428763620971183,0.6058239803977885,-0.710865251249517,0.5468161737127051,-0.7567863820795828,0.49851091898486266,-0.6674339023742306,0.4804283125708935,-0.6388905236888546,0.49740532950930044,-0.6413073118243754,0.512822852794983,-0.6272837627810584,0.4638776650878837,-0.49877704444508314,0.43280672469385734,-0.7236140039602342,0.5282635098025068,-0.7146911734744864,0.4685767694815408,-0.2826894366180259,0.4875036441606226,-0.47245538100009277,0.6115009375341802,-0.6153019735519611,0.6900075387581276,-0.6954151749731725,0.7220379141098382,-0.6464748202053419,0.7210802450984979,-0.7573925182407188,0.6532835405281224,-0.7919030470225834,0.6340973438689496,-0.657509066278758,0.6877448302732336,-0.6827904081714079,0.6592484409336677,-0.682204766657637,0.6985777459275799,-0.593204382805815,0.6421990067888399,-0.4291380345731843,0.7582332541588006,-0.8039883932614827,0.8016535787049557,-0.8144160649906026,0.8002229263462372,-0.6635490358661613,0.8308728675990743,-0.6855957785454702,0.14581728651103054,1.8990741396482491,0.0590663538112055,-0.1490154034941554,0.17125278964110793,2.5218363849092285,0.04551333721991825,-0.0532471335187859,1.054841611128183,-0.18523664867166806,-0.1919385686453715,0.19136015979022583,0.8386826974577252,0.804495112943668,0.8645099304380512,0.8237962475958939,-0.7652483757363837,3,0.022008436520031927,1.0,0,0.82763183,0.813238,0.6915280631902958,0.012794750319856996,-0.0006821803080996336,0,0,0,-0.0006,0.022008436520031927,1.808062336420047,0.2084352722906877
1721520000000,2024-07-21,1721520000000.0,2024-07-21 00:00:00,1721520000000.0,2024-07-21 00:00:00,1721520000000.0,2024-07-21 00:00:00,1721520000000.0,2024-07-21 00:00:00,1721520000000,0.8788870552631574,0.8342604453910564,0.8482395376909584,0.8425430710646435,-0.7164815116635942,0.8788870552631574,0.7915925192908976,0.6587810656830828,0.6582199372805803,0.5954862189783852,-0.22965062678858938,2.9592476526418827,2.031047331076979,0.6272173436898922,0.7265772313082323,0.5060129310921703,0.3602569472388828,0.5075824351747102,0.5349482557028127,1.3535335108236108,1.6000559362514404,0.7059103525923679,2.059045617304769,0.4810536398733367,0.7915925192908976,0.46435403380382495,0.7969435973782124,0.814028117709232,0.22229372559048574,-0.4390353788940127,0.010063945460269643,-0.23659502285383485,-0.08986118539001352,0.4057790358989474,-0.23604692475532932,-0.671783373733857,-0.6585067697264949,0.8412721172852552,-0.764843486223975,0.8255276030563049,-0.5741018761145176,0.7228904815141892,-0.6884123936329963,0.7290647415571855,-0.6373959484157202,0.7692851544321532,-0.5315348781862466,0.7589920717182232,-0.49391047070452415,0.6085514915898387,-0.7107294847031684,0.5495937499603945,-0.7563572454605612,0.5012668470793721,-0.6670140879510332,0.48315344884156003,-0.6383491930799063,0.5002928847208876,-0.6410384851021814,0.5155439053343271,-0.6270063992046868,0.466612450629821,-0.4986346125048411,0.43557155873001097,-0.7234613850986065,0.5311064677919237,-0.7143201884045286,0.47162014504152655,-0.2824942622296374,0.49053044316371913,-0.4722523556000116,0.614551254458703,-0.6150288136736122,0.693064851951616,-0.6950161430433327,0.7249931783825903,-0.6463690963637773,0.7238670060187703,-0.7573185561682811,0.6561076843625068,-0.7916824398029756,0.6369395220015682,-0.6572258297217028,0.6907867897371642,-0.6824371030351671,0.6619970893800656,-0.6819113072167585,0.7014250345795512,-0.5929683329681875,0.6449472640716157,-0.4289805869041105,0.7610970701435079,-0.8038496922117411,0.8044884814077597,-0.8140114280967834,0.8028369244883908,-0.6632250439815786,-0.008727208053971801,0.323163792433218,-0.7483071096345355,-0.8336989833415203,-0.7479451194373992,-0.6484684657593935,-1.0468616308164334,-1.0458826466884588,1.0539718181927846,-0.11979616042083427,-0.07145392436568482,0.2784445374319044,0.8788870552631574,0.8342604453910564,0.8482395376909584,0.8425430710646435,-0.7164815116635942,3,0.04793750714936951,1.0,0,0.83751816,0.84993345,0.7065963629155456,0.015068299725249812,0.0022735494053928162,0,0,0,0.0,0.04793750714936951,1.808062336420047,0.26636464679567284
1721606400000,2024-07-22,1721606400000.0,2024-07-22 00:00:00,1721606400000.0,2024-07-22 00:00:00,1721606400000.0,2024-07-22 00:00:00,1721606400000.0,2024-07-22 00:00:00,1721606400000,0.8544346509389733,0.8386824838703387,0.878089344868537,0.8818151740271909,-0.6628924658853564,0.8544346509389733,0.807205668664487,0.6886961149013829,0.6624359291670235,0.7306662050679267,-0.0318204041178649,2.763744783598593,1.8016413218176306,0.6377077470551439,0.7550929470063928,0.49541491661427034,-0.03086565136436151,0.39336148768080526,-0.38538746396741863,0.21295010038142242,0.5072822477304593,0.8077388119457951,1.8069265361852356,0.5037903476802874,0.807205668664487,0.5357598199219981,0.7969435973782124,0.814028117709232,-0.48760060420426016,-0.3514773965850227,0.01939175408111501,-0.5577094903497762,-0.3828605442354889,0.2548149284414007,-0.9298048677356906,-0.6967430201261823,-0.6426872340195068,0.8814579835047113,-0.716086537480713,0.843568309495084,-0.7644126124990785,0.8280724262719832,-0.5732978395155885,0.7250486853440857,-0.6879584745046297,0.7314185850893563,-0.6366795934552164,0.7715630064564685,-0.5311496768507697,0.7616584667755563,-0.4937911489019458,0.61130614994314,-0.7103101881103223,0.5523293009556254,-0.7559180640303466,0.5039831205912353,-0.6664651831702714,0.4860448951255745,-0.6380808074730216,0.5030190150921267,-0.6407589973064458,0.5182578048085495,-0.6268525198394557,0.46936436670607656,-0.498500906208758,0.4384404894754234,-0.7230887199112768,0.53414318311375,-0.714066153729331,0.47464875850781324,-0.2823151965065564,0.4935902247277217,-0.47200108357916176,0.617613352924037,-0.6146462962262533,0.6960240025880112,-0.694907435787164,0.7277789454653751,-0.6462996628118574,0.7266746694741864,-0.757101925180823,0.6589450675707256,-0.7913784572890085,0.6399841048215299,-0.6568772751227553,0.6935267543438915,-0.6821436069732854,0.6648513092809569,-0.681663260730016,0.7041573418172348,-0.5927941865133648,0.6478292610665634,-0.4288693844074788,0.7639389267850873,-0.8034471374317411,0.8071011216360624,-0.8136613348494774,-0.6577532879575365,0.5290287690427349,-1.1551811181081093,-1.1787413125270647,-0.25804991677428246,-0.29748846787193955,-0.47333765317300913,-0.492915410523492,0.9078570051452882,-0.17599136567970441,-0.16713464331820432,0.4526132927152615,0.8544346509389733,0.8386824838703387,0.878089344868537,0.8818151740271909,-0.6628924658853564,3,-0.027822009867766728,1.0,0,0.8700131,0.8538061,0.720599675691965,0.014003312776419419,-0.0010649869488303931,0,0,0,-0.0,-0.027822009867766728,1.808062336420047,0.23113183709633267
1721692800000,2024-07-23,1721692800000.0,2024-07-23 00:00:00,1721692800000.0,2024-07-23 00:00:00,1721692800000.0,2024-07-23 00:00:00,1721692800000.0,2024-07-23 00:00:00,1721692800000,0.7916573402318918,0.8099989407469373,0.8328528546901752,0.8571060034431253,-0.6326211654128316,0.7916573402318918,0.812095373338307,0.7104917094112765,0.6659371443148051,0.7420240670247552,0.12882178201240882,2.2473496364484493,1.2617184154667582,0.6488510203588149,0.7741745299816767,0.4972140706548313,0.2066854943715614,0.411788147353962,-0.9339613827676855,-0.4588712302403484,0.08770707450669407,0.41865351567396053,1.1941310801558016,0.5685870827835038,0.812095373338307,0.47597263554282404,0.7969435973782124,0.814028117709232,-0.22562845470335646,-0.18240513039970416,0.04299621040789537,-0.3250884351540317,-0.4685781677984151,-0.028588684813500766,-0.6841901979472078,-0.7115447370504745,-0.6322800106099535,0.8570168258155082,-0.6625083874830031,0.8837283623037314,-0.7156661157431383,0.8461044186366419,-0.7635420604771599,0.8301493996461542,-0.5728704944489462,0.7274050791289715,-0.6872256644198135,0.7337215157722738,-0.6362717078874888,0.7742243855412556,-0.5310275323899317,0.7643562874934807,-0.4934182010434768,0.6140170836711376,-0.7098810354717823,0.5550238572871168,-0.7553452158410098,0.5068688799232395,-0.666192604900841,0.4887767995654766,-0.6378017764481279,0.5057379777508284,-0.640603890204902,0.5209899859849996,-0.6267080350913519,0.47222382853486994,-0.49817133690380483,0.44148707494697925,-0.7228334894957915,0.537164654214852,-0.7138326541137271,0.47770978264274505,-0.28209298655194304,0.49665999427592655,-0.47164794958572154,0.6205826244085854,-0.6145425286083289,0.6988171274892917,-0.694836022410967,0.7305856955306065,-0.6460957958374607,0.729496679755356,-0.7568032895240414,0.6619885141239732,-0.7910049737806528,0.6427380575534247,-0.6565878078167389,0.696375000050308,-0.6818955290705212,0.6675934661166882,-0.6814800738375562,0.7070298363218128,-0.5926709719015382,0.6506905389413179,-0.4285407198542523,0.7665644757207164,-0.803098876817683,0.9060254261460658,1.2360574546147411,-0.12653174951285762,-0.30365700158111286,0.2734549622984145,0.37193116591706993,-0.4494512203427853,-0.5100307681787812,1.0354934260529023,-0.1346610270378728,-0.0447769397293209,0.7138664256402971,0.7916573402318918,0.8099989407469373,0.8328528546901752,0.8571060034431253,-0.6326211654128316,3,-0.07347233710394696,1.0,0,0.8341382,0.84493345,0.7324269163439503,0.01182724065198526,-0.0021760721244341585,0,0,0,-0.0,-0.07347233710394696,1.808062336420047,0.14067770374178945
1721779200000,2024-07-24,1721779200000.0,2024-07-24 00:00:00,1721779200000.0,2024-07-24 00:00:00,1721779200000.0,2024-07-24 00:00:00,1721779200000.0,2024-07-24 00:00:00,1721779200000,0.769661909218853,0.7850159744907945,0.819554033750257,0.7938549085802077,-0.695169509773108,0.769661909218853,0.8192586010353275,0.7316224644471534,0.6724584244713482,0.7110045851761454,0.2508409480385628,1.7110282275901119,1.20053845619925,0.6649211854492981,0.7858514320408299,0.5182618029610048,0.009101802832508141,0.393815202236672,-0.36124051642978267,-0.9606459465159043,0.1802405587656366,-0.4141249008234746,0.751166723810584,0.9518936009181984,0.8192586010353275,0.2467991345126374,0.7969435973782124,0.814028117709232,-0.28357935901817516,-0.16753749627840814,-0.12295219299945707,-0.48835486261084093,-0.506530675317945,-0.6136767605699078,-0.5977780924345658,-0.7199217203315311,-0.6502274101623478,0.7942683888947936,-0.6322432418027768,0.8593029044041167,-0.6620994512497295,0.886245073220611,-0.7148126010881732,0.8481674661705862,-0.763070797752066,0.8324390529852492,-0.5721751387234189,0.7297106679176409,-0.6868068738930474,0.7363979941223362,-0.6361415953843672,0.7769175414350717,-0.5306466290023439,0.7670061690482162,-0.4930362862672315,0.6166854038035772,-0.7093205858660968,0.5578956813913529,-0.7550593837618127,0.5095923453397092,-0.6659092324124803,0.4915015196370746,-0.6376469333466956,0.5084749430465181,-0.6404582494678355,0.5238349820527735,-0.6263539050307787,0.4752668156349313,-0.49794677784715424,0.4445191306866645,-0.7225988840616154,0.540220787153648,-0.713544418169281,0.48078055929371294,-0.2817788670615932,0.49964549009786086,-0.4715529708373783,0.6233949105028399,-0.6144743932263146,0.7016306397860532,-0.6946265751365948,0.7334068537997742,-0.6458143240062268,0.732536483342866,-0.7564362309455632,0.6647364081124754,-0.7906943651839151,0.6455959266272984,-0.656343186058547,0.6991086673028611,-0.6817123185035683,0.6704718286743063,-0.6813503560715516,0.7098809634910359,-0.5923100300894959,0.653352139821474,-0.42825749587989786,1.2398816997602338,2.093202815539227,-0.009387599226186908,-0.19495160160858657,-1.1383054558350083,-1.2354046882397762,-0.9964751943166447,-0.985801700121824,0.9793483351502525,-0.07840603780242543,0.02473565799058889,0.3655289150735829,0.769661909218853,0.7850159744907945,0.819554033750257,0.7938549085802077,-0.695169509773108,3,-0.027784029649236763,1.0,0,0.82799715,0.8250761,0.7412401630467222,0.008813246702771949,-0.0030139939492133117,0,0,0,-0.0,-0.027784029649236763,1.808062336420047,0.10898508060080436
1721865600000,2024-07-25,1721865600000.0,2024-07-25 00:00:00,1721865600000.0,2024-07-25 00:00:00,1721865600000.0,2024-07-25 00:00:00,1721865600000.0,2024-07-25 00:00:00,1721865600000,0.7862512973796255,0.747898716356847,0.752299731333485,0.7712217409052441,-0.6139575327847897,0.7862512973796255,0.8293539211759116,0.7549407727941786,0.6775678652955961,0.6989503944736413,0.3459324817538951,1.3371096251808012,1.329917935691373,0.6825992244541427,0.7951895730988824,0.5455006957764099,0.45158538850681224,0.40517831696093104,0.20329408528228224,-0.6308302557404689,0.296504979656572,-0.4212075386771617,0.07143249203470968,1.0727584100082943,0.8293539211759116,-0.17501574637818715,0.7969435973782124,0.8700039614282152,-0.2897098964771909,-0.2052268653915541,-0.1611913369675113,-0.1080057178035367,-0.41469594658887954,0.42089900148049525,0.4558856059427444,-0.7084805729662601,-0.6266245659858937,0.7722830744568193,-0.6947788687686187,0.7965947739725293,-0.6318407934840894,0.8618314133762046,-0.6612646586564546,0.8882771207224445,-0.714352587502439,0.8504456777816197,-0.7623135430298467,0.8346750788000954,-0.5717811695377802,0.7323887466501048,-0.6866729309241749,0.739105192241469,-0.6357382344455723,0.7795624122667573,-0.5302566060826068,0.7696094219676676,-0.49253423677655267,0.6195403929686871,-0.709041616989713,0.5605984679426848,-0.7547622870754592,0.5123086507309185,-0.66575188007286,0.49424392501694864,-0.6375015411819095,0.5113234458929578,-0.6401014852662598,0.5268724718838026,-0.6261118660733271,0.4782950125211239,-0.49774053723314565,0.447582512140763,-0.7223093068064084,0.5432875994939861,-0.7131416617883737,0.4837681851376121,-0.28169555792092726,0.5024884927540896,-0.4714906678386148,0.6262260329680727,-0.614274185252151,0.7044581058769165,-0.6943375994509834,0.7364464554836051,-0.6454678899501068,0.7352649524953504,-0.7561310710954263,0.6675901089712882,-0.790431606968807,0.6483432690922716,-0.6561625799738269,0.7019819720577003,-0.6815825837075388,0.6733292241875252,-0.6809719399024029,0.7125237214548111,-0.5919983963437294,-0.665785747615991,1.1906278488886615,-1.1575150841886948,-1.1806800103718231,1.3651010281877478,-0.4082441654904917,0.008174735273681176,-0.11496787050627588,0.4831366963245712,-0.12305814805620591,0.025398188894848614,0.9751195585653328,0.7862512973796255,0.747898716356847,0.752299731333485,0.7712217409052441,-0.6139575327847897,3,0.021554123910860312,1.0,0,0.823749,0.822089,0.7489309039394394,0.007690740892717152,-0.0011225058100547969,0,0,0,0.0,0.021554123910860312,1.808062336420047,0.13288828244336948
1721952000000,2024-07-26,1721952000000.0,2024-07-26 00:00:00,1721952000000.0,2024-07-26 00:00:00,1721952000000.0,2024-07-26 00:00:00,1721952000000.0,2024-07-26 00:00:00,1721952000000,0.8692392317240593,0.8489775960727548,0.8434392436287746,0.7882461879248333,-0.6317166815906465,0.8692392317240593,0.8362688115728238,0.7826494715228234,0.6865993019056679,0.7910553478730661,0.44128982366567876,1.3408006526049265,1.4471428575416676,0.7012650594984742,0.8168923909455762,0.5604662618073726,0.6724433925701244,0.46797146158696223,1.1716507372779896,0.5854416525943781,0.1598472145106749,-0.1492715350713011,0.39057102192166426,1.1058329213202962,0.8362688115728238,-0.06499892675737312,0.7969435973782124,0.8700039614282152,-0.5191214371118256,-0.13609572473810433,-0.12241648164351973,0.03311306780138669,-0.5503377336766554,-0.3361995000369573,-0.5216209377200814,-0.7170284989513348,-0.6341233034938162,0.7888648324970224,-0.6135834038839336,0.7746235818120305,-0.694363014738601,0.7991535724068612,-0.6310165765811757,0.8638823151853972,-0.6608170065513195,0.8905298621333649,-0.7136111876883492,0.8526697779849387,-0.761878552821782,0.837311275316618,-0.5716559452900642,0.7350974331151844,-0.6862587739984005,0.7417651465362036,-0.6353253231616618,0.7821603249375901,-0.5297445325034232,0.772422659560166,-0.49228759512760645,0.6222181976939883,-0.7087516270866868,0.5632941541186101,-0.7545970025530699,0.5150431052185214,-0.6656041253065769,0.4970964154669998,-0.6371453433996139,0.5143622683677197,-0.6398575715894741,0.5298947735599433,-0.6258894600769684,0.4813557513759147,-0.4974853652949421,0.45065519939706555,-0.7219047497767652,0.5462668408223949,-0.7130318405135881,0.4866152204362924,-0.2816409989925168,0.5053478453943406,-0.471306898923455,0.6290699258556588,-0.6139976336949234,0.7074992023429864,-0.693982148558148,0.7391738480555938,-0.6451802209984296,0.7381052897094607,-0.7558729871908548,0.6703315282262601,-0.7902373336086552,0.6512247210701169,-0.6560347186877082,0.7048339647486431,-0.6812041217777132,0.6759836181781157,-0.680644925591211,0.956936586540571,1.3534976628200683,0.06451987339148114,-0.1433967484552683,0.11514022907084459,0.45223772902006865,1.829722704521642,1.5655136094375284,1.0489600779452348,-0.18998616460613071,-0.20175791391809073,-0.06989297313480985,0.8692392317240593,0.8489775960727548,0.8434392436287746,0.7882461879248333,-0.6317166815906465,3,0.10554886792684637,1.0,0,0.82763183,0.835824,0.7571966041552645,0.008265700215825067,0.0005749593231079153,0,0,0,0.0,0.10554886792684637,1.808062336420047,0.2524633581428566
1722038400000,2024-07-27,1722038400000.0,2024-07-27 00:00:00,1722038400000.0,2024-07-27 00:00:00,1722038400000.0,2024-07-27 00:00:00,1722038400000.0,2024-07-27 00:00:00,1722038400000,0.8683320929956869,0.8724850328298612,0.8810364555719057,0.871303900217361,-0.6206428969383042,0.8683320929956869,0.8404858902846627,0.8066634665916785,0.6945607200906365,0.8510587947815991,0.5301386845724884,1.2504235227816938,1.3459204708509913,0.7244905890498606,0.8252032066698106,0.6008630871846632,0.4696409615724661,0.505645849862531,-0.05344886020828871,0.770548613176722,0.05649795112334165,-0.0015706330768124948,0.5694745744964808,1.484508832433713,0.8404858902846627,0.005682698180141625,0.7969435973782124,0.8700039614282152,-0.5246689563317362,-0.13786458945700028,-0.12821183585571105,-0.1384129243150713,-0.39638335017828297,-0.17030018443031408,1.9121107624338143,-0.6952889935650677,-0.6309344763375636,0.8718145973840472,-0.6313389418811832,0.7911946885518515,-0.6131849556594765,0.7771929928350463,-0.6935169457212349,0.8012528793829059,-0.6305759072108152,0.8661505476441885,-0.6600930294157987,0.892727414973346,-0.7131867046706543,0.855298794373733,-0.761738919567951,0.8399810115743674,-0.5712663616684795,0.7377589861174307,-0.6858348596233997,0.7443791346200871,-0.6347849527240876,0.7849701358614528,-0.5294923420471005,0.7750385079863878,-0.49203107977097366,0.6248889741059747,-0.7085904500760284,0.566009125850854,-0.754441779150698,0.5178897676325237,-0.6652425438868267,0.5001367533082756,-0.6369018328436842,0.5173859991561492,-0.639633431855883,0.5329514752886727,-0.6256146802194846,0.48442629680755217,-0.4971269958397005,0.45364686617052885,-0.7217943899108753,0.5490980022222799,-0.7129596878633054,0.48947827929217697,-0.28147905738602136,0.5082180714397976,-0.4710524530425183,0.6321149150259254,-0.6136571119746616,0.7102345653165564,-0.6936868327590587,0.742013444617931,-0.6449371419925902,0.7408277186597572,-0.755682236298727,0.6732094513585335,-0.7900996408959077,0.6540854167492679,-0.6556612909890159,0.7074783293941748,-0.680877067188926,-0.046566327209787504,0.6700849991298576,-0.3967277888552002,-0.5316582330501595,-0.6571022259611151,0.1587383502452218,-0.49772088600882397,-0.5007831561724502,1.0178197185333169,-0.18924291626740675,-0.19849182784350766,0.19136015979022583,0.8683320929956869,0.8724850328298612,0.8810364555719057,0.871303900217361,-0.6206428969383042,3,-0.0010436007663541247,1.0,0,0.8652502,0.8562653,0.7666205067514962,0.009423902596231715,0.0011582023804066477,0,0,0,-0.0,-0.0010436007663541247,1.808062336420047,0.25115628642246834
1722124800000,2024-07-28,1722124800000.0,2024-07-28 00:00:00,1722124800000.0,2024-07-28 00:00:00,1722124800000.0,2024-07-28 00:00:00,1722124800000.0,2024-07-28 00:00:00,1722124800000,0.8817045496250641,0.8313886229704549,0.8972749425985801,0.8707286854782382,-0.7732180456678885,0.8817045496250641,0.8408866268015041,0.8272376873497559,0.7046354299160565,0.9044029660515318,0.6123865008435834,1.158761049225264,1.2401019693265816,0.7466972954265376,0.8327622292320193,0.6399389106763962,-0.4460322083507041,0.45163993562247534,0.14868782941088526,0.7379311900659686,-0.08737686819970937,0.49173480671958564,0.6510459228847216,1.3878245852566538,0.8408866268015041,0.01867708796304035,0.7996517034954481,0.8700039614282152,-0.5966491779547313,-0.1813872242194825,-0.17693240863687995,-0.9187344890489763,-0.5450179002466317,-1.1131932253239332,-0.7929947756623519,-0.7038185748564293,-0.6746889808687991,0.8709078758849182,-0.6202674087622546,0.8740911706168556,-0.6309366874165322,0.7937560953510372,-0.6123672591503551,0.7793092596409432,-0.6930618482129205,0.8035608824226379,-0.6298617717720507,0.8683642466657656,-0.6596800925640598,0.8953404478245932,-0.7130507621627223,0.8579618531561536,-0.7613087248425153,0.8426007261927553,-0.5708674919980438,0.7403746780463473,-0.6852808860769234,0.7471992606280669,-0.6345170986174986,0.7875808993604837,-0.5292300809515138,0.777647506817235,-0.4918892500635411,0.6275804090144262,-0.708439094147622,0.5688415073267313,-0.7540631790212636,0.5209278907073557,-0.6649952017937039,0.5031621091588682,-0.6366780659155709,0.5204436795618749,-0.6393565490490863,0.5360187486328057,-0.6252299880237631,0.4874134336226546,-0.4970304511151076,0.4565015519180648,-0.7217218798460574,0.5519464721101155,-0.7127481568832184,0.4923519625022216,-0.281253962784834,0.5112693008525098,-0.47073849410767055,0.6348710344781818,-0.6133744570574604,0.71307964525156,-0.6934371937602433,0.7447348210707135,-0.6447576984955474,0.7436943280191697,-0.7555470774403752,0.676066377470879,-0.7896997955766145,0.6567459368904507,-0.6553386674256931,1.8824826496811302,1.2080162304846502,0.3665906025283814,0.11136252575392809,1.0048231184081409,0.40263831236551745,0.3375757086406588,0.2011714388496396,1.0569007692866221,-0.19335995799297356,-0.20564778817738674,-0.3311461060598455,0.8817045496250641,0.8313886229704549,0.8972749425985801,0.8707286854782382,-0.7732180456678885,3,0.015400163989382376,1.0,0,0.8666332,0.8731033,0.7767496761262739,0.010129169374777702,0.0007052667785459876,0,0,0,0.0,0.015400163989382376,1.808062336420047,0.27042429840972093
1722211200000,2024-07-29,1722211200000.0,2024-07-29 00:00:00,1722211200000.0,2024-07-29 00:00:00,1722211200000.0,2024-07-29 00:00:00,1722211200000.0,2024-07-29 00:00:00,1722211200000,0.8248890982822414,0.8977782929524895,0.8749953515699036,0.8839804763678833,-0.5279089436786513,0.8248890982822414,0.8366843178209143,0.8329143476244643,0.7121255428686104,0.8576703933205541,0.668400303939993,0.7944740807819397,0.34249755841563073,0.763536102802907,0.8331241807345942,0.6758243312732856,0.9719432256385753,0.40913628591913764,-0.840855935547492,-0.4324726950204451,-0.25946435414337443,0.27020811685328466,-0.09974311827202573,0.9849329755895254,0.8366843178209143,-0.009823335062514732,0.7996517034954481,0.8700039614282152,-0.4636847749882374,-0.6599934368778003,-0.13053845732853114,0.31898620303678443,-0.35399058634526487,3.2436330236870687,0.8226380088822677,-0.6835256023324247,-0.6027709332386363,0.8842741819887063,-0.7728115357538997,0.8731850315507248,-0.6198675276931254,0.8766125365178932,-0.6301127865073383,0.7958595707185488,-0.6119308949533615,0.7816311971907646,-0.6923273772805304,0.805816033967466,-0.6294553571013634,0.8709870007498335,-0.659548205751623,0.8979886420138365,-0.7126309696304564,0.8605743951612185,-0.7608684650077715,0.8451718282751822,-0.5703444811911121,0.7431958973577951,-0.6850055020057908,0.7498253309621847,-0.6342386179562677,0.7901848279320224,-0.5290849303759658,0.7802805691114324,-0.49175611080654746,0.6303955379036936,-0.7080693067941546,0.5718742033688066,-0.7538037247048179,0.5239508714670941,-0.6647678914665506,0.5062209024309298,-0.6364016353059173,0.5235117461229454,-0.6389690337394885,0.5389989649840671,-0.6251255699179898,0.4902595430725322,-0.4969671089185764,0.45937164194854324,-0.7215093414632702,0.5548065467046076,-0.712456379229197,0.49540401116894456,-0.2809752731507463,0.5140586942071164,-0.4704783661113071,0.6377303941839999,-0.6131356794361225,0.7158088138089593,-0.6932528067821643,0.7476008033881688,-0.6446306735059905,0.7465391685863272,-0.7551540407366178,0.6787199001051508,-0.7893539197734778,-0.042151536323616824,0.4125870283768748,-0.6269596426294132,-0.7305106183966623,0.18797057968316516,-0.8590694883981902,-0.12885528901669532,-0.1295159205386828,1.050443599828188,-0.0471423332638312,-0.019341560681942444,0.017191404506868704,0.8248890982822414,0.8977782929524895,0.8749953515699036,0.8839804763678833,-0.5279089436786513,3,-0.06443819686195651,1.0,0,0.8666332,0.8556579,0.7842558124480977,0.007506136321823842,-0.0026230330529538604,0,0,0,-0.0,-0.06443819686195651,1.808062336420047,0.18856044737058242
1722297600000,2024-07-30,1722297600000.0,2024-07-30 00:00:00,1722297600000.0,2024-07-30 00:00:00,1722297600000.0,2024-07-30 00:00:00,1722297600000.0,2024-07-30 00:00:00,1722297600000,0.8007875412364756,0.7829529371247201,0.8267523415947206,0.8265750039599891,-0.6457950164128186,0.8007875412364756,0.8379829202238518,0.8359929041321759,0.7165000274258595,0.7769923558557351,0.696319697378232,0.4043535431260511,0.13513587118652357,0.7798073657416109,0.824339928172542,0.721140122571753,-0.13578244919069865,0.3379092601851846,-0.3874694665282141,-0.6226549410287231,-0.05246177598307595,0.004878187827482911,-0.28569936755494124,0.9523162654410439,0.8379829202238518,-0.0380548401570399,0.7996517034954481,0.8700039614282152,-0.6415601224810323,-0.6379328670991095,-0.1763029441851252,-0.6277167341962336,-0.419931678006452,-0.7340591393542174,-0.3011230013445809,-0.685506115153602,-0.636397285377891,0.8274848623355966,-0.5275523102664349,0.8865427518012537,-0.7723789539247264,0.8757068351376708,-0.6190474955611486,0.8786520230849385,-0.6296723257758715,0.7981709985858564,-0.6112228273679704,0.7839008725516851,-0.6919074860951233,0.8084637456321934,-0.6293257612641656,0.8736442356267615,-0.6591398440057435,0.9005852172090208,-0.712201311538675,0.8631378529300393,-0.7602942835881517,0.8479644356924372,-0.5700862364616275,0.7458235900747938,-0.6847192241355992,0.7524445222150106,-0.6340840929488446,0.792813099422091,-0.5289486643181692,0.7830529106394156,-0.49142783360814907,0.6334216776291002,-0.7078161245343212,0.574891364239092,-0.7535652130142615,0.5270080382422028,-0.664487162865,0.5092898709692921,-0.6360147270504324,0.5264936401277309,-0.6388637712135958,0.541831972336065,-0.6250570028656225,0.49312175102349576,-0.49678041093776953,0.4622518838508552,-0.721216209150325,0.557855370499448,-0.7120975614144617,0.4981977729079836,-0.28074505575049846,0.516940945257215,-0.4702589136359413,0.6404798549000499,-0.6129594773774151,0.7186794383953644,-0.6931222257458047,0.7504449741395185,-0.6442594929852621,0.7491702566305414,-0.7548141577351657,1.5591338502412215,1.657332063295637,0.03917687879221786,-0.16545214648699505,-0.9185537910114858,0.12589693232959923,-0.01617236663310833,0.024399256326001487,1.052231740009586,-0.04965685593220962,-0.04872893012915601,-0.06989297313480985,0.8007875412364756,0.7829529371247201,0.8267523415947206,0.8265750039599891,-0.6457950164128186,3,-0.029217936200096828,1.0,0,0.8246172,0.8362463,0.7892014046346668,0.004945592186569092,-0.0025605441352547498,0,0,0,-0.0,-0.029217936200096828,1.808062336420047,0.1538331640493502
1722384000000,2024-07-31,1722384000000.0,2024-07-31 00:00:00,1722384000000.0,2024-07-31 00:00:00,1722384000000.0,2024-07-31 00:00:00,1722384000000.0,2024-07-31 00:00:00,1722384000000,0.7405024382394305,0.7740357125679782,0.795066945129018,0.8031147363691746,-0.6527081962691758,0.7405024382394305,0.8338355242285987,0.8374932188703555,0.7187732764322432,0.6220493979698282,0.6862146353882529,-0.12365616329661429,0.010432707931296503,0.7938109448002946,0.8024283573702432,0.7768579801910127,0.21115309577114608,0.3409593394966486,-0.9162893023644291,-1.2204141972867848,-0.2625575254018738,-0.8951809892789838,-0.7193951277865621,0.8024478622453892,0.8338355242285987,0.1518763755558823,0.7996517034954481,0.8399935675727696,-0.4674208887573135,-0.5740023356846043,-0.1284378589537125,-0.2955609510444828,-0.37792291334514294,-0.28081106957363833,0.17085287011625586,-0.6791226229007554,-0.6368549346115536,0.8033943905561699,-0.6454144142816758,0.8297899107953816,-0.5271723044573245,0.8890581033035911,-0.771505617590269,0.8777470211644574,-0.6186095892393032,0.8809108765695148,-0.6289584843996466,0.8004297197980453,-0.6108204339183467,0.7865573286614589,-0.6917731565099222,0.8111441909080771,-0.6289238565238986,0.8762505218809524,-0.6587218359820927,0.9031316581254721,-0.711640237041727,0.8659255552330295,-0.7600077135028975,0.8505496704380839,-0.5698177062219197,0.7484443990306062,-0.6845601925707367,0.7550872151600928,-0.6339390002890581,0.7955819292713577,-0.5286132621086606,0.786062790339799,-0.4912041941443134,0.6364318075784497,-0.7075834132309873,0.5779445454687873,-0.7532708976366806,0.5300756885060613,-0.6640944847507312,0.5122736726557108,-0.6359096461001789,0.5293298236802246,-0.6387946437954481,0.5446821387533255,-0.6248555781925388,0.4959946405079045,-0.4965220263291347,0.4653054867493219,-0.720855763540365,0.560631936741189,-0.711799390252807,0.5010830292620873,-0.28055126264687774,0.5197229355422552,-0.4700972746252415,0.6433625688593092,-0.6128347840861785,0.7215285680893991,-0.6927414899185254,0.7530748187939784,-0.6439388473412119,0.37064598024743456,1.1510995514436468,-0.10429059635053768,-0.28585003278053284,-0.8900079171227466,-0.5784451718579735,-1.1233212927067315,-1.0943139029033968,1.043121252863119,-0.18149573820031156,-0.1924991084256935,-0.06989297313480985,0.7405024382394305,0.7740357125679782,0.795066945129018,0.8031147363691746,-0.6527081962691758,3,-0.07528226888240586,1.0,0,0.82799715,0.82369035,0.7924821633332201,0.0032807586985532655,-0.0016648334880158266,0,0,0,-0.0,-0.07528226888240586,1.808062336420047,0.06696998554794997
1722470400000,2024-08-01,1722470400000.0,2024-08-01 00:00:00,1722470400000.0,2024-08-01 00:00:00,1722470400000.0,2024-08-01 00:00:00,1722470400000.0,2024-08-01 00:00:00,1722470400000,0.7680122042464661,0.7283976157765387,0.7045567927171024,0.7424006940369139,-0.5147343125990815,0.7680122042464661,0.8312413502166323,0.841224886019887,0.7229013916492497,0.5285822693512411,0.658561270739662,-0.3673328716318954,0.1613858518450442,0.8081387243156879,0.7755523683128894,0.8390577354209912,0.8763468805297948,0.4281493764473974,0.3685197523718711,-0.5429982446772385,-0.2018683260744768,-0.7174596267003079,-0.49730649307306996,0.8157182941433163,0.8312413502166323,0.22141361068481372,0.7996517034954481,0.8399935675727696,-0.4365714982973091,-0.5582065166884512,-0.1357430425960399,0.27712635315216544,-0.2940046899901903,0.66905664156104,0.4068166305385255,-0.6642057349128391,-0.5965986343180637,0.7431370150798714,-0.6523261885431139,0.8057149135422776,-0.6450091424694905,0.8323326752188673,-0.5263846701926452,0.8910879783440184,-0.7710325164872228,0.8800064493381023,-0.6178993481322703,0.8831147999695768,-0.6285522646068521,0.8030795806747891,-0.6106922505715129,0.7892459062183095,-0.691357909924268,0.8137754086234227,-0.6285124293734051,0.8788073124952269,-0.6581751644510196,0.9059084412525102,-0.7113609222584562,0.8685035111456313,-0.7597098526180667,0.8531281438959861,-0.5696689322654647,0.7510886205164742,-0.6844108567110004,0.7578666159939522,-0.6335834849859431,0.7985904744658943,-0.5283845517712192,0.7890554832195052,-0.49099880396816653,0.6394801739306604,-0.7072961334757004,0.5810089654512158,-0.752859979893092,0.5330567020424003,-0.6639876779810252,0.515113467907081,-0.6358406391774721,0.5321829091968285,-0.6385916396846403,0.5475437958735069,-0.6245773905348223,0.4990465010832323,-0.4962033345113265,0.46810753588355747,-0.7205562119054808,0.5635053631618937,-0.7115473017270999,0.5038692902113037,-0.28040896003152016,0.5226250295041586,-0.46998305712625027,0.6462246126063056,-0.6124698689757418,0.7241676181081622,-0.692412433892527,0.6237084000861038,0.5108737361034135,0.055668097656171686,-0.06782378998908789,0.05250785212910193,0.16305504018075614,-0.3063399694320489,-0.34955444031177146,0.5908997579025742,-0.09572283870291509,0.15045711724361335,1.14928831384869,0.7680122042464661,0.7283976157765387,0.7045567927171024,0.7424006940369139,-0.5147343125990815,3,0.0371501356193249,1.0,0,0.828512,0.83243614,0.7962827826628438,0.0038006193296237223,0.0005198606310704568,0,0,0,0.0,0.0371501356193249,1.808062336420047,0.10660806521280541
1722556800000,2024-08-02,1722556800000.0,2024-08-02 00:00:00,1722556800000.0,2024-08-02 00:00:00,1722556800000.0,2024-08-02 00:00:00,1722556800000.0,2024-08-02 00:00:00,1722556800000,0.6157016695925949,0.72640714385389,0.6613895401244891,0.7715336274295368,-0.5135814751149774,0.6157016695925949,0.7951803163737243,0.8267252743381439,0.7245332535218741,0.24287440002351218,0.5766196095963384,-1.1211831811644837,-1.0308975367964621,0.812419421117899,0.7594161176476322,0.8670841092123693,1.5131347750144206,0.4425531362892696,-2.2814082324516582,-1.6254082991433143,-1.4439497910927184,-1.7469065072055256,-0.9083378164463536,0.11995609242952253,0.7951803163737243,1.167942658693941,0.7996517034954481,0.711550900584849,-0.07232366477934858,-0.3188675051592871,0.06065034489030071,0.9924927181851106,-0.08496098302672132,-0.2320949493501823,0.5782709457691869,-0.6464456819823987,-0.5894097094686604,0.7706341282494766,-0.5143803578665596,0.7454962444205698,-0.6519194350595192,0.8082693067404583,-0.6441803231026301,0.8344063584659708,-0.525968154976901,0.8933389348204409,-0.7702726706944685,0.8822109717314758,-0.6174955142702852,0.8857316683838874,-0.6284227372222814,0.8057620247048398,-0.6102943268686887,0.7918858592271505,-0.6909328849859682,0.8163587702933431,-0.627973893768273,0.8815907366960154,-0.6579038223909801,0.9084701939016497,-0.7110705741720333,0.8710747267668693,-0.7595441264114349,0.8557323632703565,-0.5695292545725363,0.7538691417768841,-0.684045672468708,0.7608791783671331,-0.6333404601507524,0.8015817362364015,-0.5281744720598388,0.7920919084114062,-0.4907446635748151,0.6425406914586663,-0.7068946607352816,0.5839831469435457,-0.7527477174773702,0.5358912186569498,-0.6639175257869755,0.5179698727694986,-0.6356379746931223,0.5350472892581111,-0.6383113281499401,0.5505929946839085,-0.6242349028314516,0.5018392598909316,-0.49593919273108744,0.4709984936914502,-0.7203029391146509,0.5662748132751045,-0.7113610688339747,0.5067739284885976,-0.28030865198749155,0.5255077752663517,-0.469646291084659,0.648887635187305,-0.6121547380154262,4.0635617333115475,2.3350645324128445,3.2997921780131727,2.9300750602396377,0.5184038681774994,-0.16324172564767916,0.11480588700817151,0.02748817225681336,0.8248280263152772,-0.06442299735958124,-0.017822348389315568,0.10427578214854727,0.6157016695925949,0.72640714385389,0.6613895401244891,0.7715336274295368,-0.5135814751149774,3,-0.19831785720555117,1.0,0,0.8281467,0.831707,0.7996525086446278,0.0033697259817839775,-0.00043089334783974476,0,0,0,-0.0,-0.19831785720555117,1.808062336420047,-0.11285207504657901
1722643200000,2024-08-03,1722643200000.0,2024-08-03 00:00:00,1722643200000.0,2024-08-03 00:00:00,1722643200000.0,2024-08-03 00:00:00,1722643200000.0,2024-08-03 00:00:00,1722643200000,0.5869700430611376,0.5958892891951626,0.6089111088132457,0.6178200258152925,-0.6337082051519739,0.5869700430611376,0.7551617632271931,0.8089147712814113,0.7292114232854966,-0.024246236756155153,0.4551389404870921,-1.670224048501602,-1.2238087434276446,0.8122238911060148,0.7601442135798192,0.865814383893855,0.2174868197815803,0.4973409029336555,-0.49012154998033686,-1.3909087404739184,-1.591705450108236,-1.6041478133806124,-0.9456257229392414,-0.17997420095253833,0.7551617632271931,1.6425126980406453,0.7996517034954481,0.681980836404841,-0.13093844068058008,-0.3421539270360187,-0.1368933015498841,-0.20600943549367465,-0.0996899021453629,-0.7235341754934737,-0.29629181120811277,-0.6484098768430991,-0.6264228626842925,0.6183936472788467,-0.5132277547785719,0.7729756948060902,-0.5140031757181384,0.7480797246142038,-0.651088200479291,0.8103615737700949,-0.6437366148966049,0.8366933085757755,-0.5252880632005124,0.8955346272390495,-0.7698359633606309,0.8848282007854463,-0.6173668249655473,0.8883834296235645,-0.6280210254125136,0.8083953893829313,-0.6098869571256097,0.7944785306590666,-0.6903775384513582,0.8191592443001433,-0.6277070553282742,0.8841623442158996,-0.6576217299860629,0.9110252529990456,-0.7109091901419069,0.8736720883314629,-0.7593884871362861,0.8584835628219714,-0.5691860783026549,0.7568821299338292,-0.6837957662451641,0.7638747481152535,-0.6331171424163475,0.8046171813837927,-0.5279146434602743,0.7951427476383522,-0.49038767892165536,0.6455066192613605,-0.7067852234095335,0.5868047288601643,-0.7526739448611319,0.5387427721677924,-0.6637116332597532,0.5208373491225073,-0.635358119855642,0.5380971333315199,-0.6379662883378792,0.5533715605644893,-0.623950580636321,0.5047238262614455,-0.49571629695515446,0.473792856647788,-0.7201158137827383,0.5691694362322957,-0.711229159955908,0.5096593921274003,-0.2800092614680735,0.5282092273279478,-0.46935593634886497,0.8865358405253543,1.5622606590484063,1.3179350765926217,0.9629492082222014,0.3817352550435264,0.09844553949663218,0.06330319546320225,-0.006120506016371135,0.9278079036781395,-0.13073039834163344,-0.034061072671673825,0.7138664256402971,0.5869700430611376,0.5958892891951626,0.6089111088132457,0.6178200258152925,-0.6337082051519739,2,-0.04666485077175242,1.0,1,0.7831046,0.7496421,0.7948952699592449,-0.004757238685382914,-0.008126964667166892,0,1,1,-0.04726485077175242,-0.04666485077175242,1.6753396891313748,-0.1542507005770002
1722729600000,2024-08-04,1722729600000.0,2024-08-04 00:00:00,1722729600000.0,2024-08-04 00:00:00,1722729600000.0,2024-08-04 00:00:00,1722729600000.0,2024-08-04 00:00:00,1722729600000,0.4873381014501479,0.5584451907648327,0.49866036044657763,0.588038023707072,-0.6199321305164371,0.4873381014501479,0.6990704223048202,0.781209831871573,0.7311534222090783,-0.3689682211756421,0.2857795858835651,-2.3350701426018072,-1.6941490794194438,0.7995269386734055,0.7908919026627642,0.8026209375917205,1.3209921000077613,0.5865082985488714,-1.618240418613789,-2.459412129927409,-2.179461398761744,-2.103724507271183,-1.4629690275265734,-0.9463226854512411,0.6990704223048202,2.128920701377435,0.7450420924114779,0.5794414655623942,-0.1456869099697653,-0.26161342326280657,5.9354393450775196e-05,0.9477754879422299,0.3070126629116287,-0.1534001600637698,2.212589541218998,-0.6253653836069405,-0.6184165385813408,0.5896752355671563,-0.6333300605238685,0.6208330055828261,-0.5128508197127343,0.7755459017962463,-0.513220144189937,0.7502184751652974,-0.6506428975977602,0.8126637926595668,-0.6430181964226014,0.8389265168387436,-0.5249042095713998,0.8981465399747326,-0.7696957269508011,0.8874802974178244,-0.6169674752442438,0.8909838363676809,-0.6276097948935891,0.8109810392086175,-0.6093534376886132,0.7972849784456877,-0.6901013943663172,0.8217561524928988,-0.6274296263804465,0.8867272297568709,-0.6574651174970217,0.9136073485315844,-0.7107576392919869,0.8764182610808987,-0.7590089393615297,0.8614854081623364,-0.5689518351629563,0.7598781562877136,-0.6835660846145852,0.7669131434287186,-0.6328412566595027,0.8076672262854327,-0.5275500226487946,0.7980882058379455,-0.49029154840449096,0.6483125749639045,-0.7067133255517374,0.5896443946868742,-0.7524578478717853,0.5416057231713542,-0.6634274376585604,0.5238879269328705,-0.6350136288234548,0.540879139850582,-0.6376798017932823,0.5562463626705776,-0.6237103727090129,0.5075091067147808,-0.4955520631412104,0.4767023218233257,-0.7199832629371848,0.5720442013530036,-0.7108448561399981,0.512365889426643,-0.27975180388898685,-0.22576593175076012,0.6847281443258036,-0.6465781575467018,-0.7457245907216795,-0.11134560450571056,-0.1883929063080655,0.10856386110361123,0.056886258897028676,1.0302137447808208,-0.10125233070974367,-0.02093974928841306,0.3655289150735829,0.4873381014501479,0.5584451907648327,0.49866036044657763,0.588038023707072,-0.6199321305164371,2,-0.16973939775766766,0.0,1,0.6080522,0.6492049,0.7810364858116366,-0.013858784147608216,-0.009101545462225302,0,1,1,-0.16973939775766766,-0.16973939775766766,1.2212291415010292,-0.29780767731502955
1722816000000,2024-08-05,1722816000000.0,2024-08-05 00:00:00,1722816000000.0,2024-08-05 00:00:00,1722816000000.0,2024-08-05 00:00:00,1722816000000.0,2024-08-05 00:00:00,1722816000000,0.3257899075616234,0.44657965490567225,0.17686130053635965,0.4885592155644056,0.526583087390657,0.3257899075616234,0.6280827838017253,0.743804367134733,0.725750232249943,-0.8537044305492179,0.048802351303539784,-3.0583186133106035,-1.8879818010638143,0.7782362722095038,0.8435340639066394,0.6953940479087134,3.515396262775825,1.0070536340720786,-2.7107784394782573,-2.694667035813309,-2.788327465279571,-2.8181840643452443,-2.486317174943163,-1.4671767872447146,0.6280827838017253,3.1642341614856786,0.7218762699867711,0.4131790210670262,0.38154264622209577,0.21425514210872482,0.2878143434111327,4.274347879308953,1.2251117041136326,3.4650573164254617,3.432918316265759,-0.4668365686564564,-0.19998856425036018,0.4900891186556477,-0.6195567868541558,0.5921330411569361,-0.6329273792247386,0.623476700974075,-0.5120681909439808,0.7776634406261203,-0.5128066679897998,0.7525588857762887,-0.6499222315354897,0.8149129154359567,-0.6426089433458984,0.8415610169741358,-0.5247825385046437,0.9007936924632809,-0.7692638322586421,0.890081064424171,-0.6165586521267534,0.893534360811337,-0.6270715023838404,0.8137829814526022,-0.6090893759350672,0.7998907512934986,-0.6898143295087202,0.8243462657249104,-0.6272757092324365,0.8893186101333572,-0.6573180593453899,0.9163423312180559,-0.7103874077727296,0.8794181961391906,-0.7587488106054827,0.8644694850838891,-0.5687366387255157,0.762916864291484,-0.6832824797231238,0.7699655794376463,-0.6324550798441505,0.8106110044873027,-0.5274516080842967,0.8008554076723173,-0.4902284810802226,0.6511378794581653,-0.7065025127255402,0.5924962568373635,-0.7521599302846567,0.5446552285969377,-0.6630777306459384,0.5266738458466803,-0.6347276076788747,0.543756309002146,-0.6374377371377657,0.5590177676909378,-0.6235330927999992,0.5104131608462233,-0.4954359790947979,0.47959294162864874,-0.7195972341169454,0.5747308388226774,-0.7105126596446687,0.38379595463890437,1.662439591024628,-0.04652386169307983,-0.23181854031643323,1.0741991871071652,0.24134647106982182,0.350543107104618,0.296607158868631,1.0111779319243095,0.011822165146277994,0.20512424499153747,0.3655289150735829,0.3257899075616234,0.44657965490567225,0.17686130053635965,0.4885592155644056,0.526583087390657,2,-0.3314909985650897,0.0,1,0.6080522,0.60458636,0.7642516816263919,-0.01678480418524475,-0.002926020037636534,0,1,1,-0.3314909985650897,-0.3314909985650897,0.4849116753429761,-0.53057811154661
1722902400000,2024-08-06,1722902400000.0,2024-08-06 00:00:00,1722902400000.0,2024-08-06 00:00:00,1722902400000.0,2024-08-06 00:00:00,1722902400000.0,2024-08-06 00:00:00,1722902400000,0.404540389326024,0.39964909639425483,0.37564134845665925,0.3313336735509934,-0.44475493231044705,0.404540389326024,0.571723947520931,0.7164130242006634,0.725976306197785,-1.1199305602262013,-0.19651949262357785,-3.0583186133106035,-1.383631536949118,0.7627053634166722,0.8641372018191428,0.6379071800145014,0.6615738591511686,1.0492725647171819,1.3606076600292911,-1.741299699221892,-2.2546608063217417,-2.455217523393578,-2.139964663736992,-1.1298717917172172,0.571723947520931,3.152274147875348,0.69037342412587,0.4131790210670262,1.1344581997415635,0.5155489599006531,0.2769958423964147,0.3655809053115283,1.4415459599347928,-1.2558870295776627,1.2152381932568213,-0.4366128729325767,-0.5545069485971283,0.32861522721789316,0.5267253203862968,0.4926108934363029,-0.6191570581204652,0.5947905992878793,-0.6321027825497137,0.6257116805920333,-0.5116549806709186,0.7799864232943832,-0.5121308595022668,0.7548478154447791,-0.6495114889618054,0.8175569973222586,-0.6424783504928483,0.8442291756077014,-0.5244029693559388,0.9033891487151647,-0.7688218398459744,0.89263197282237,-0.6160233358846383,0.8963137642086276,-0.6268047985086407,0.816382068402622,-0.6088148222204981,0.8024897036097534,-0.6896548430882853,0.8269614833292466,-0.6271311889095316,0.8920603986478272,-0.6569580652947893,0.9193380138359458,-0.710133909399904,0.882400224495535,-0.7585096751943371,0.8675000099416375,-0.5684706037554865,0.7659695537356586,-0.6828859403203733,0.7729144148305304,-0.6323502176745737,0.8133750256830478,-0.5273870250429853,0.80364509527423,-0.49004255784983114,0.6539763453319979,-0.7062117007762724,0.5955431345062626,-0.7517937345583187,0.5474354293953457,-0.6627872860202921,0.5295537065964282,-0.6344859422755827,0.5465310776943013,-0.6372590580350758,0.5619135553148277,-0.6234076241672355,0.5132980004914944,-0.4950941975306921,0.48230901040194196,-0.7192635193087081,1.192127414457614,1.448493799498265,0.10886113771651161,-0.1064250981513383,-0.5183279575019986,0.05474484300767703,-0.15657372562570465,0.3271194622463642,1.0527872530156592,-0.18898420959711187,-0.198068636037274,0.19136015979022583,0.404540389326024,0.39964909639425483,0.37564134845665925,0.3313336735509934,-0.44475493231044705,2,0.2417216738044743,0.0,1,0.6080522,0.57343626,0.7461003795494906,-0.0181513020769013,-0.0013664978916565484,0,1,1,0.2417216738044743,0.2417216738044743,0.8438470109586864,-0.41710866694919946
1722988800000,2024-08-07,1722988800000.0,2024-08-07 00:00:00,1722988800000.0,2024-08-07 00:00:00,1722988800000.0,2024-08-07 00:00:00,1722988800000.0,2024-08-07 00:00:00,1722988800000,0.3698730724818494,0.42632753850861616,0.3975147949031207,0.40678768487947,-0.5264493324756776,0.3698730724818494,0.5190087680051255,0.6881250530781098,0.7239552212844237,-1.3642278944953106,-0.4439257681238498,-3.0583186133106035,-1.405629746123201,0.7456625181334534,0.8830515957564404,0.5791275027046816,0.7536744820070834,1.1183775687933803,-0.6352748485871603,-1.1930378278146965,-2.163547381317702,-1.790877937918888,-2.3381477400970914,-1.225288367940117,0.5190087680051255,2.945437672445939,0.69037342412587,0.4131790210670262,1.1416824568820831,0.5169459658099633,0.277417832804665,0.49319511007511,1.6134116971748889,-0.5150987265825957,0.7117594757633009,-0.41763153645544765,-0.5808465559063762,0.4073294884981548,-0.44441520585831384,0.331240724831641,0.5268793215598989,0.49531652304242924,-0.6183372743044009,0.597047732756656,-0.6316618624299614,0.6281311547853129,-0.5109795469897782,0.7822571879729721,-0.5117498444472444,0.7575158641162724,-0.6493803729094336,0.8202340669261762,-0.6420736357104448,0.8468471956203164,-0.5240143062703687,0.905934397102044,-0.7682455164422531,0.8954116225911468,-0.6157582795144252,0.8988794051483698,-0.6265275089014236,0.8189743541070968,-0.608662566872742,0.8051132731185405,-0.6895050789541581,0.8297207446277105,-0.6267769777849987,0.8950586676120176,-0.6567118529330026,0.9223154819225899,-0.7099009057558158,0.8854293464658685,-0.7582146032702854,0.8705460669523833,-0.5680976511737291,0.7689189251439944,-0.6827779786026827,0.7756880105017995,-0.6322813559369495,0.8161617901067357,-0.5271968296375961,0.8064503376470231,-0.4897852150515508,0.6570200484475595,-0.7058540433787889,0.5983093237145636,-0.7514893064613304,0.5503113562708242,-0.6625418258499336,0.5323323001635117,-0.6343075640414773,0.5494288692785972,-0.6371325829054403,0.5647895645503139,-0.6230406256685916,0.5160033394616043,-0.4947994282363705,3.8739932295878936,1.60868458630506,2.7223444278564486,2.1337896383206347,0.10590312498741118,0.8247549625989571,-0.132282867733032,-0.19638116768027794,1.0101910917154473,-0.13500415641524915,-0.18450572429072748,-0.4182304837015241,0.3698730724818494,0.42632753850861616,0.3975147949031207,0.40678768487947,-0.5264493324756776,2,-0.08569556404968937,0.0,1,0.47343478,0.50393265,0.7230641936289414,-0.023036185920549235,-0.004884883843647936,0,1,1,-0.08569556404968937,-0.08569556404968937,0.6858375013332481,-0.4670598685146632
1723075200000,2024-08-08,1723075200000.0,2024-08-08 00:00:00,1723075200000.0,2024-08-08 00:00:00,1723075200000.0,2024-08-08 00:00:00,1723075200000.0,2024-08-08 00:00:00,1723075200000,0.625928905843851,0.6174978351723506,0.40442712821514964,0.37149388949830225,-0.4333998176187942,0.625928905843851,0.4988000439441439,0.6767810765452029,0.7286107984321474,-1.1981645259630578,-0.6070819192306657,-2.248932113265354,-0.5064038996335188,0.7360559044353528,0.8727234714706836,0.5704450334547987,3.515396262775825,1.4231593581634165,3.1616848924618854,3.022102550870899,-0.8839395820338248,0.18388732829736099,-1.0002121013830163,-0.7395102739892023,0.4988000439441439,2.059378626347943,0.5538064606694636,0.4131790210670262,3.1246735546940583,1.9891154429903553,1.0649063836597459,3.0567484288438513,2.2190765165481934,0.15409477539464017,0.1560782076313274,-0.405403979751443,-0.5646773947984242,0.37267811653421157,-0.5260929958331291,0.40990442396769416,-0.44405302208244485,0.33402429992259736,0.5272985546976156,0.4976504788647468,-0.6178995319363115,0.5994854089637788,-0.6309473735767313,0.6305024917233375,-0.5105987803223266,0.7849142999350667,-0.511629170455378,0.7602152226853572,-0.6489741835144293,0.8228616586618626,-0.6416593446115556,0.8494164916527889,-0.5235039138526071,0.9087104150205734,-0.7679577606674298,0.8979776291282674,-0.6154826958834545,0.9014383413202806,-0.6263736722881882,0.821591624444718,-0.6085196112365961,0.8078786563965956,-0.6891389188071038,0.8327256535878352,-0.6265348811342908,0.8980389092676136,-0.656485587379456,0.9253414809535384,-0.7096132714036634,0.8884742664374653,-0.7578026698974439,0.8734814107665123,-0.5679967444977679,0.7716935356210738,-0.682707059973403,0.7784835743842281,-0.6320791006688727,0.8189643057336397,-0.5269337420264565,0.8094861676961489,-0.48946777510156725,0.6597693104645406,-0.7055568563243041,0.6011756110794825,-0.7512318503050655,0.5530843596360883,-0.6623605879543772,0.5352323704772383,-0.6341813053388413,0.5523070191752352,-0.6367628798906058,0.5674785114900699,-0.6227236609533382,-0.6022561471137166,3.169638219125236,-1.0931523514175148,-1.1240550756686263,-0.7274275620601969,0.42813371122117644,0.6311158025616742,0.6005110363098463,0.8258351744107014,-0.07514157627825926,0.00970571274731306,0.2784445374319044,0.625928905843851,0.6174978351723506,0.40442712821514964,0.37149388949830225,-0.4333998176187942,2,0.6922802777825001,0.0,1,0.47343478,0.46682966,0.6986899033738989,-0.024374290255042452,-0.0013381043344932175,0,1,1,0.6922802777825001,0.6922802777825001,1.8529095550523849,-0.09811592624855203
1723161600000,2024-08-09,1723161600000.0,2024-08-09 00:00:00,1723161600000.0,2024-08-09 00:00:00,1723161600000.0,2024-08-09 00:00:00,1723161600000.0,2024-08-09 00:00:00,1723161600000,0.5924772015643798,0.5795642145425721,0.5966524928970577,0.6282815299808476,-0.6065576819191553,0.5924772015643798,0.49549679246334455,0.6571981477649111,0.7325841805255037,-1.1012495730215912,-0.7173156503059852,-1.514048440394385,-0.8363513459236558,0.7239075535824083,0.8592165989783779,0.5599849992139511,0.1436764493255322,1.3740836362220947,-0.5617483411263143,1.7968786951254876,-0.23811219620416063,0.6798696502037187,-1.05023991503075,-0.885952826690963,0.49549679246334455,1.9605678344791504,0.5538064606694636,0.4131790210670262,3.0407424351048538,1.884263688165114,1.0756579927431569,-0.2790995129900747,1.9420033540681574,-0.8115976807615429,-0.6327166356390808,-0.41938171258296647,-0.6179433487966326,0.6286161796166774,-0.433062399900391,0.37527531032946937,-0.5257133028560633,0.4126500026915357,-0.44329443880212277,0.3364828193363104,0.5274718283591455,0.5001512737393226,-0.6171895219111112,0.6018757176991522,-0.6305407246950957,0.6332201558564489,-0.5104781935788472,0.7876034874306058,-0.5112524115152037,0.7628667561236532,-0.6485583895148044,0.8254411558929243,-0.6411172683103049,0.8522079401849103,-0.5232526539986925,0.9112710321559044,-0.7676586720119658,0.9005369298429613,-0.6153298452743113,0.9040241002363789,-0.6262292277937078,0.8243523904049451,-0.6081689655488289,0.8108858918273967,-0.6888883180317028,0.8357130159010792,-0.6263124217833071,0.9010668076791439,-0.6562061260437271,0.9283838697852146,-0.7092113226330687,0.8914072054142221,-0.7576901036973857,0.8762294636433302,-0.5679305076659404,0.7744900321647052,-0.6824990071845124,0.7812942981620221,-0.6317997961063478,0.821999489618127,-0.5266093989521703,0.8121934493500174,-0.48920469498436336,0.6626239524816994,-0.7053056120335836,0.6039349162922951,-0.7510415724716529,0.5559810994991078,-0.6622322721810486,0.5381129545475019,-0.633812183876062,0.5549999398583881,-0.6364435347164914,-0.6336831069754122,0.5482779880279371,-1.143645983194057,-1.1688918499476164,0.963941188750006,0.6788698863680799,-0.1927246755553248,-0.24863553926501947,0.9874610281369235,-0.0934703779791075,-0.15118304258099435,-0.3311461060598455,0.5924772015643798,0.5795642145425721,0.5966524928970577,0.6282815299808476,-0.6065576819191553,2,-0.05344329678204107,0.0,1,0.5214786,0.53138626,0.682775156990169,-0.015914746383729916,0.008459543871312536,0,1,1,-0.05344329678204107,-0.05344329678204107,1.7004406630093993,-0.1463155844650469
1723248000000,2024-08-10,1723248000000.0,2024-08-10 00:00:00,1723248000000.0,2024-08-10 00:00:00,1723248000000.0,2024-08-10 00:00:00,1723248000000.0,2024-08-10 00:00:00,1723248000000,0.5957228177682437,0.5687766755318139,0.6251361948749881,0.5963236592366977,-0.7891292240515158,0.5957228177682437,0.49674171294880987,0.6379090566329166,0.7371324571824809,-1.010336375044435,-0.7864680393643438,-0.943590636500961,-0.8236357240005071,0.7099355726011838,0.8382895991641203,0.5542363781970365,-0.4720303631688094,1.2866855855619148,0.010662069579843775,2.2093886683487276,-0.05040314034817592,2.036149803082265,-0.7815820254760882,-0.9813748085852987,0.49674171294880987,1.9944431546986785,0.5538064606694636,0.4131790210670262,3.021681556809164,1.8862593909012133,1.071597353681497,-0.8631167905287062,1.7988231674605506,-1.230879686697832,-1.2616076445654811,-0.44274719019549647,-0.6762125336582759,0.5951798611087866,-0.606185057563674,0.6310489714720129,-0.4327026498162726,0.3780376157077794,-0.5249261785264012,0.41504780064129065,-0.4428971048702274,0.3390859579629282,0.5278090874643386,0.5026073705011287,-0.6167858411891369,0.6046048043012823,-0.6304110465891785,0.6359656565045371,-0.5101016805441341,0.7902440956053813,-0.510866612547616,0.7654717695612602,-0.6480144551790967,0.8282391502115342,-0.6408484699274409,0.8547914552292513,-0.5229913565333316,0.9138249590149728,-0.7674922361900206,0.9031230332095039,-0.6151863291630969,0.90676176819775,-0.6258751894586817,0.8273578711656481,-0.6079294064210677,0.8138757490218692,-0.6886579940807548,0.8387457906431067,-0.6260375772089393,0.9041107359572911,-0.6558151491762282,0.9313114554019912,-0.7091017429221829,0.8941507053571097,-0.757616129486772,0.8790015523217819,-0.5677356509139452,0.7773016259305412,-0.6822119066697759,0.7843314271550997,-0.6314559662996022,0.8247033258258818,-0.5263404645492704,0.8150192102658574,-0.48898270997618565,0.6653667091625107,-0.7051200153392563,0.6068234952654237,-0.7509067539036592,0.5588581259309947,-0.6618576232485381,0.540810393825933,-0.6334933505719625,-0.6602584497848346,0.29754727812581305,-1.156639617086164,-1.1799855053474766,-0.8955866421579136,-0.16849381256743726,-0.7000929355550364,-0.7217012624154979,0.8370890666753186,-0.11962998921034794,-0.19238788261603196,-0.5053148613432027,0.5957228177682437,0.5687766755318139,0.6251361948749881,0.5963236592366977,-0.7891292240515158,2,0.0054780440416848375,0.0,1,0.6080522,0.5899085,0.6739412216478675,-0.00883393534230148,0.007080811041428436,0,1,1,0.0054780440416848375,0.0054780440416848375,1.7152337958933215,-0.14163906363904644
1723334400000,2024-08-11,1723334400000.0,2024-08-11 00:00:00,1723334400000.0,2024-08-11 00:00:00,1723334400000.0,2024-08-11 00:00:00,1723334400000.0,2024-08-11 00:00:00,1723334400000,0.5092338538104939,0.584009773312071,0.5476963011420175,0.5980490950608692,-0.7137640025084306,0.5092338538104939,0.499855979175259,0.6115540428881704,0.7381661601632549,-1.0456610494662344,-0.8491859163719263,-0.854240643696536,-1.023544505092242,0.6929025637196538,0.820160165554322,0.5386289287223761,0.9741662852907648,1.4184965228110564,-1.4050936442688873,-1.12151102321808,0.03310642804919926,0.7055549135369016,-1.2907841589440072,-1.168939498860505,0.499855979175259,2.0029943986684366,0.5538064606694636,0.4131790210670262,2.9688752758542836,1.93462552550667,1.1450534851823493,0.5832645351558557,1.7193981757288908,1.0260819156122494,-0.8119780807989968,-0.45685356087749407,-0.6502480976910098,0.5984239845244466,-0.7887194790601882,0.5976341307996592,-0.6057881953166815,0.6336877323179172,-0.4319480335996418,0.38046214429058084,-0.5245100000017718,0.4176010493893224,-0.44224404782809756,0.34164872670841584,0.5279657427954945,0.5053760665129484,-0.6166572056762167,0.6073609277764226,-0.6300089099784074,0.638666753479094,-0.5097161321993189,0.792837465289614,-0.5103597610356329,0.7682861368225768,-0.6477446282862297,0.8308323787272492,-0.6405690114768209,0.8573682139464648,-0.5228467629077108,0.9164059847142502,-0.7673359287685756,0.9058609536544375,-0.6148344063261479,0.9097584712720493,-0.6256332157823432,0.8303458466714603,-0.6077092937669631,0.8169102322950499,-0.6883736100820831,0.8417936711832952,-0.6256527981337419,0.9070415775027748,-0.6557088512655566,0.9340448201504675,-0.709029750576161,0.8969186096440334,-0.7573994642868513,0.8817903783872176,-0.5674662951691413,0.7803389610871307,-0.6818587090335655,0.7870456349716273,-0.6311705059159869,0.8275267163887541,-0.5261134573311578,0.8177209256794398,-0.48881916249881907,0.6682454290872751,-0.7049885641048386,0.6096918041099272,-0.7505146315800741,0.5615489611086333,-0.6615339247806263,-0.047066015741910217,0.7657700938880427,-0.802313351450899,-0.8791395165129299,-0.09166322153816336,-0.7951848198484293,-0.47215432400174706,-0.5276326832675531,1.0464888543067177,-0.19282261332161008,-0.2050189721586566,-0.15697735077648842,0.5092338538104939,0.584009773312071,0.5476963011420175,0.5980490950608692,-0.7137640025084306,2,-0.14518323182879467,0.0,1,0.6080522,0.6154728,0.668379416989431,-0.0055618046584364755,0.0032721306838650044,0,1,1,-0.14518323182879467,-0.14518323182879467,1.3210273782347635,-0.26625867845552
1723420800000,2024-08-12,1723420800000.0,2024-08-12 00:00:00,1723420800000.0,2024-08-12 00:00:00,1723420800000.0,2024-08-12 00:00:00,1723420800000.0,2024-08-12 00:00:00,1723420800000,0.5342632733854022,0.5393878888691045,0.5211555288286825,0.5113640790832576,-0.5703788944100975,0.5342632733854022,0.5295074637013201,0.5909901496858238,0.7383400981011318,-1.0297356222360883,-0.8960258938419682,-0.6337592461587895,-0.8417419215127578,0.6802021427961825,0.8071738843684904,0.5263721289066168,0.6644660288717951,1.3899590629629968,0.3691426200914624,-0.6015277139191402,1.2849437550583072,1.1787255456045953,-0.51093980409938,-0.9323255132323837,0.5295074637013201,1.3857238070650229,0.5538064606694636,0.4585486075929321,2.1934382000940715,1.9517294763670698,1.1255798363216794,0.2592326916560647,0.7882791632171834,1.0566582671382734,-1.4960173294729813,-0.6217671665728018,-0.603950171481398,0.511974800287113,-0.7133695808523376,0.6008761703510573,-0.7882834870581875,0.6002890317783975,-0.6049730840460614,0.6359148261078335,-0.43155331897226884,0.3830373554214388,-0.5238303827689481,0.42011181835750844,-0.44187811036079055,0.34448164739048587,0.5280076083998098,0.5081690264993612,-0.616258007564613,0.6100734352657453,-0.6295972465093373,0.6413245899530978,-0.5092095905319821,0.7956443611226619,-0.5101104612406396,0.7709036615952161,-0.6474641048229701,0.8334188228965457,-0.6404139213358907,0.8599708130907303,-0.5227110212523957,0.9191401832086331,-0.7669548584952386,0.9088577526773751,-0.6145939382507403,0.9127370336847755,-0.625410870157846,0.8333790413367266,-0.6074372956358146,0.819959497598397,-0.6879760247633118,0.8447328717615094,-0.625548354041494,0.909781106505207,-0.655639036755538,0.9368034096477894,-0.7088186714270132,0.8997035325015494,-0.7571007826244182,0.8848223182178411,-0.5671344201339557,0.7830542681982168,-0.6815653041385036,0.7898761608582936,-0.6309293215721161,0.8302250634304551,-0.5259461252156573,0.8205751946233855,-0.4887035721621982,0.6711032063455447,-0.7046054900042847,0.6123664566912329,-0.7501755533970182,0.9788898886077434,0.6678562986015323,-0.13480703348840445,-0.31315895334748167,0.2464556651510999,-0.6353431507952976,-0.11958904844162974,-0.11344031722746759,1.0528578383062284,-0.011424927792987163,0.05923677880111164,0.10427578214854727,0.5342632733854022,0.5393878888691045,0.5211555288286825,0.5113640790832576,-0.5703788944100975,2,0.049151130443544355,0.0,1,0.6080522,0.6080522,0.6626407946205595,-0.005738622368871571,-0.00017681771043509542,0,1,1,0.049151130443544355,0.049151130443544355,1.4351084976654183,-0.23019446304846858
1723507200000,2024-08-13,1723507200000.0,2024-08-13 00:00:00,1723507200000.0,2024-08-13 00:00:00,1723507200000.0,2024-08-13 00:00:00,1723507200000.0,2024-08-13 00:00:00,1723507200000,0.5828953046204919,0.5732902688545584,0.5513891407527981,0.5367250514609093,-0.6263812222088391,0.5828953046204919,0.5548751551093014,0.5755726874386821,0.7380771482499155,-0.9421438285965139,-0.9151586860788903,-0.24901572844147002,-0.6433431299104956,0.6709866448559703,0.7952057535963428,0.5204433494905726,0.7437351571672842,1.4715885257037407,0.7469497490693727,-0.1863283887473728,1.041867140291521,-0.38572476043287074,-0.13854412633297508,-0.7271580067075556,0.5548751551093014,1.0633393266513382,0.5538064606694636,0.4585486075929321,2.1248094339501566,2.0091716149432792,1.1114199475533795,0.29670060843236773,0.7732705140441429,-0.5057347299351009,-0.9026096910057265,-0.6490722572260214,-0.623942670912633,0.5369927078347371,-0.5700136259633236,0.5144825167894745,-0.7129497415465385,0.6035295053504894,-0.7874045919372479,0.6025419188893226,-0.6045384267858417,0.6383278211588473,-0.4309039536643454,0.38557101558616297,-0.5234468436241289,0.4229134312075215,-0.4417627325083362,0.34733433593150675,0.5281622496182176,0.51092110194491,-0.6158493389652171,0.6127434326564685,-0.6290584187438198,0.6441728520861695,-0.5089604622506642,0.7982507988388046,-0.5098511933982468,0.7735143319369243,-0.6473083991360598,0.83603057366423,-0.6402682965682809,0.8627208250071545,-0.5223768139938099,0.922135567818359,-0.7666936461762685,0.9118364179843517,-0.6143729850034079,0.9157637821262296,-0.6251361635288553,0.8364272622243705,-0.6070563377812722,0.822901626950171,-0.6878677502022258,0.8474882264177603,-0.6254797697442377,0.9125453612839554,-0.6554340960189429,0.9395796436528647,-0.7085275013520802,0.90273454737802,-0.7567336687642904,0.8875088566471164,-0.5668590981521824,0.7858855503631802,-0.6813173044449236,0.7925846474970748,-0.6307513058548815,0.8330773256138444,-0.5258278124350265,0.8234068529700235,-0.4883631172252901,0.6737583089755542,-0.7042743758788169,-0.6517572177941675,1.2976725411436647,-1.1507587295972506,-1.174769878674019,-1.1145088402080792,-0.3673424222964371,-1.1271998892690784,-1.111682439967993,0.7999467421592281,-0.06266230967144834,0.03238675075356909,0.2784445374319044,0.5828953046204919,0.5732902688545584,0.5513891407527981,0.5367250514609093,-0.6263812222088391,4,0.09102634161417988,0.0,0,0.6080522,0.6080522,0.6574480582568747,-0.00519273636368478,0.0005458860051867909,0,0,0,-0.0006,0.09102634161417988,1.433647432566819,-0.16012188126543125
1723593600000,2024-08-14,1723593600000.0,2024-08-14 00:00:00,1723593600000.0,2024-08-14 00:00:00,1723593600000.0,2024-08-14 00:00:00,1723593600000.0,2024-08-14 00:00:00,1723593600000,0.5084450126897517,0.5823102457727459,0.5533201468367875,0.5852361182907886,-0.5950086943384841,0.5084450126897517,0.5745844533430818,0.559152934935583,0.7303491883805409,-0.9646818004013157,-0.9351837197021633,-0.26140544203920085,-0.6713469554704107,0.657279037707235,0.7800580418598921,0.5085326746003231,0.8595545336996621,1.5317677201119166,-1.2215279251069837,-0.0766613683327101,0.8009652081374344,-0.6764900195662469,-0.011274329338227444,-0.9947382888014958,0.5745844533430818,0.004198187081339556,0.5538064606694636,0.6011643123115498,2.2690614378469003,2.0365061618187594,0.9287133697915345,0.47150637895506325,0.7685446552552311,-0.0524471475264186,-0.5337598797587404,-0.6593792430254786,-0.6109653264409476,0.5856023712610651,-0.6260045673105269,0.5394843540719568,-0.5696245177566113,0.5171775819009299,-0.7120971762903415,0.6057798898917423,-0.786927820574356,0.6049761062102452,-0.6038327650134525,0.6406924049444397,-0.4305404627425362,0.38838641068244684,-0.5233252830228325,0.42573700365422246,-0.4414009004871977,0.3501505688325945,0.5283216698832365,0.5136332694419159,-0.615314213753645,0.6155994980651702,-0.6287914185792213,0.6468406743848744,-0.5087013720091029,0.8008504141055247,-0.5097077728350041,0.7761489736140775,-0.6471621947941947,0.838787293757469,-0.639911568756154,0.8657222190231719,-0.522148954103477,0.9251127163243689,-0.7664535086879856,0.914863236889293,-0.6140999672685282,0.9188067783545324,-0.6247515696390573,0.8393671826373248,-0.6069530366523421,0.8256625264772183,-0.6877966239668865,0.8502670258248254,-0.6252782964649952,0.9153268798737024,-0.6551511802948702,0.9426085995075472,-0.7081694136209998,0.9054161538139579,-0.7564284620318209,0.8903203469105199,-0.5666266112284755,0.7885951117054273,-0.6811341528148659,0.7954429505049916,-0.6306253079253628,0.8359068403081673,-0.5254800421312167,0.8260134706482918,-0.4880695156006166,2.0974332531849322,0.9799058609210382,0.6605440920614807,0.4166118470403658,-1.0349783296452326,-0.6281700153961309,-1.1525081281692628,-1.1300257118130652,0.8413340918965395,0.012383347288617171,0.018925850154919044,-0.06989297313480985,0.5084450126897517,0.5823102457727459,0.5533201468367875,0.5852361182907886,-0.5950086943384841,4,-0.12772498138274213,0.0,0,0.6080522,0.6080522,0.6527492805346968,-0.00469877772217786,0.0004939586415069197,0,0,0,-0.0,-0.12772498138274213,1.433647432566819,-0.26739529834457654
1723680000000,2024-08-15,1723680000000.0,2024-08-15 00:00:00,1723680000000.0,2024-08-15 00:00:00,1723680000000.0,2024-08-15 00:00:00,1723680000000.0,2024-08-15 00:00:00,1723680000000,0.46373942070701935,0.5069084467110221,0.45992721794836516,0.5105928588281444,-0.5502799890409871,0.46373942070701935,0.5515159957018801,0.5376234200436872,0.7207458902109317,-1.0333044242873093,-0.9655713404991253,-0.4053009048338723,-0.8380772596994581,0.6372707354670131,0.749412423855129,0.5010896893729695,1.0885038845785373,1.5514583574931267,-0.7727348815234157,-0.7302787491761642,-1.0471294487054648,-1.010426332114793,0.6370019359901831,-1.3373599516983785,0.5515159957018801,0.11783577482692566,0.5247731135219813,0.5551541352445711,-0.2631926407243293,2.0241682521625477,0.9398356536160456,0.7416141896370674,0.2640892571359722,-0.0032082134476504065,-0.6452700591815336,-0.6769506181718421,-0.5940297243858312,0.5111863219858312,-0.5946384181351704,0.5880627930572228,-0.6256034563714004,0.5421673427237699,-0.5688220460372613,0.5194946547517659,-0.7116377895572823,0.608212021055106,-0.7861628017962906,0.6073627785105223,-0.6034319659177665,0.643406003164711,-0.43042594426137376,0.39122280053476155,-0.5229460252158136,0.42852196148865135,-0.4410303147882219,0.35293111304088304,0.5285486496647308,0.5165163940740521,-0.6150492631278781,0.6182788998577359,-0.6285138221670594,0.6495014971653786,-0.5085580540939172,0.8034746100252376,-0.5095731356897925,0.7789224728361268,-0.6468041463117501,0.8417912370104478,-0.6396676809777552,0.8687058119495236,-0.521939660884127,0.928138496501825,-0.7661572212871085,0.9179062902281973,-0.6137176406423166,0.921735648614946,-0.6246471809375178,0.8421239001133868,-0.6068852108371693,0.8284464219192225,-0.6875879860229892,0.8530621116699432,-0.6250000434463594,0.9183570880312699,-0.654803011217612,0.9452792269325716,-0.7078718616164271,0.9082242510290712,-0.7561703379083515,0.893001783123052,-0.5664551497151556,0.7914540549848466,-0.6810044604145402,0.798278918100455,-0.6302568871752603,0.8385094786904943,-0.5251800016728533,2.3934884475369937,0.8765644376008207,1.3954381321317089,0.9912489387292089,0.21400662552879637,0.149881620869768,-0.18934980897203285,-0.26270251196259936,1.0353541631823202,-0.08526018207767005,0.08990199720272797,0.7138664256402971,0.46373942070701935,0.5069084467110221,0.45992721794836516,0.5105928588281444,-0.5502799890409871,4,-0.08792610974042792,0.0,0,0.6080522,0.6080522,0.6484974736767722,-0.004251806857924589,0.00044697086425327104,0,0,0,-0.0,-0.08792610974042792,1.433647432566819,-0.33181037973868477
1723766400000,2024-08-16,1723766400000.0,2024-08-16 00:00:00,1723766400000.0,2024-08-16 00:00:00,1723766400000.0,2024-08-16 00:00:00,1723766400000.0,2024-08-16 00:00:00,1723766400000,0.515689081850075,0.5060561757560161,0.49906786396842473,0.4655772351319036,-0.6103247838585133,0.515689081850075,0.5405943044129379,0.5305468012540207,0.714084691677668,-1.0074582497778575,-0.9844699952805155,-0.2457644826901316,-0.365526753267965,0.6198705104651654,0.7126284884623628,0.5064204222786438,0.46818241647861997,1.4544746257288845,0.8270514891535441,-0.6862445371807827,-0.5558837782428812,-0.04231844186781576,0.4682968555734455,-1.1851776826058487,0.5405943044129379,-0.012659638220905607,0.5247731135219813,0.5551541352445711,-0.007618392336346448,1.852305404743145,0.9687178385061445,0.08206198234157842,0.34278441995957487,-0.5074099452539276,-0.23547571927173058,-0.6775169517131573,-0.6163068451335783,0.4665012918860112,-0.5499188071245585,0.513694544967615,-0.5942440311318513,0.5907223172111566,-0.6247814194774776,0.5444651163530068,-0.5683957342023686,0.5219815782645122,-0.7108972732500329,0.6105965502406233,-0.7857226662785116,0.6100896757013667,-0.6033043426022111,0.6461477225384672,-0.43006653433767233,0.3940215261915693,-0.5225576794445326,0.43126917385443914,-0.4405422714227848,0.3558581128460128,0.5286430272119865,0.5192359497874187,-0.6147737889943078,0.6209512687301172,-0.6283598082295899,0.6521835270521344,-0.5084235135981404,0.8062404524650235,-0.5092414452678247,0.7819327924826511,-0.6465593186116938,0.8447775637101097,-0.639443565194948,0.8717360053602797,-0.5216807862658488,0.9311807079529174,-0.7657436561918706,0.920835281277511,-0.613613930100806,0.9244714455019404,-0.6245786333980988,0.844903952025267,-0.606685875402987,0.8312462613548682,-0.6873000986476936,0.8560955348981548,-0.6246574772035194,0.9210343929218378,-0.6545138708583538,0.9480797709513078,-0.707620304246357,0.9109008655763885,-0.7559795567080575,0.8958439704138381,-0.5663338664908626,0.7942907065281204,-0.6806261124044601,0.8008935351059654,-0.629938670623875,0.8293558697536288,2.2311793120706365,0.07951979979149992,-0.08813977788201979,2.1944341673188483,2.2829903727683694,0.6864805585908672,0.625161109392652,0.8101745938400118,-0.13438445228009033,0.009922286424550137,1.14928831384869,0.515689081850075,0.5060561757560161,0.49906786396842473,0.4655772351319036,-0.6103247838585133,4,0.11202338818609148,0.0,0,0.6080522,0.6080522,0.6446501196144979,-0.003847354062274322,0.0004044527956502675,0,0,0,0.0,0.11202338818609148,1.433647432566819,-0.2569575145262344
1723852800000,2024-08-17,1723852800000.0,2024-08-17 00:00:00,1723852800000.0,2024-08-17 00:00:00,1723852800000.0,2024-08-17 00:00:00,1723852800000.0,2024-08-17 00:00:00,1723852800000,0.5397477983988506,0.5006073617564872,0.5668614524748952,0.5182250225348071,-0.8020708545704378,0.5397477983988506,0.5326328921043726,0.5272054836118082,0.7083422844421804,-0.9453458065964638,-0.9865843688694431,-0.012697018997516931,-0.2253078543963528,0.6029975703410801,0.6667973925562023,0.52342677312484,-0.6704352441748602,1.372065131578388,0.35214660011659077,0.227549314133671,-0.43247294578110795,-0.04977868900085412,0.7928567356569075,-1.149380922129899,0.5326328921043726,-0.263427888904505,0.5124436241380739,0.5551541352445711,0.0406271885170525,1.8543008219589017,0.9771901251685969,-1.0378372733266001,0.3047137589945337,-1.2955826261449916,-0.45442715111235366,-0.6794625532817261,-0.6797600786364205,0.5184270593101296,-0.6099513935719474,0.46903821831872144,-0.5495340066277655,0.5163899906874952,-0.593432954657052,0.5929825925538347,-0.6243421894859256,0.5469361832681082,-0.567701834747756,0.5244232170290961,-0.710473375740276,0.6133221571129229,-0.7855812256879849,0.612843763037263,-0.6029079973211203,0.6488447578553894,-0.42969841720028157,0.3967834118078451,-0.5220476793220628,0.4341747856704644,-0.4403033828269991,0.3586427761270737,0.5287418744931295,0.5219483567533788,-0.6146210016714413,0.6236442083280476,-0.6282151967734784,0.6549917620226297,-0.5080920434103163,0.8092478623861649,-0.5090153766112427,0.7849259571556967,-0.6463343335909458,0.8478096292488104,-0.6391667114394308,0.8747817937334985,-0.5213174461308887,0.9341079184098262,-0.7656306019281772,0.9235713068468641,-0.6135458325952806,0.9272322702655689,-0.6243772637238892,0.8477002062091221,-0.6064104971541815,0.83428081105479,-0.6869459554983078,0.8587899830243566,-0.6243730884019553,0.9238395308160102,-0.6542695295776347,0.9507456520869201,-0.7074344716216205,0.9137401802842442,-0.7558443760478101,0.89866272295381,-0.5659781144305243,0.7969065931568466,-0.6802991580854619,0.5842675371714676,0.948114447417698,-0.3663298497312668,-0.5084437437754046,-0.8841068416695779,0.24308347597465638,-0.6983974339420508,-0.7315972688088489,1.0425193394132015,0.045776899811655884,0.09887482415634799,0.017191404506868704,0.5397477983988506,0.5006073617564872,0.5668614524748952,0.5182250225348071,-0.8020708545704378,4,0.04665353096571878,0.0,0,0.6080522,0.6080522,0.6411687448072337,-0.0034813748072641815,0.0003659792550101404,0,0,0,0.0,0.04665353096571878,1.433647432566819,-0.22229195892133946
1723939200000,2024-08-18,1723939200000.0,2024-08-18 00:00:00,1723939200000.0,2024-08-18 00:00:00,1723939200000.0,2024-08-18 00:00:00,1723939200000.0,2024-08-18 00:00:00,1723939200000,0.49842469535451134,0.5258206421525978,0.5513383189024083,0.5439213959128534,-0.7547069759046977,0.49842469535451134,0.5310954890244594,0.5279899408537206,0.6978014258830241,-0.9433250765370684,-0.9878527852755397,-0.0009500104283632966,-0.06728879561424245,0.5868890586550483,0.6275672384400122,0.5343921495464783,-0.022485177617834546,1.2473748154503248,-0.7082322383205578,0.266148091480049,-0.16840788625553674,-0.681943348871556,-0.7302181326970192,-1.1252899137825714,0.5310954890244594,-0.24087779462102143,0.5124436241380739,0.5551541352445711,-0.23115867564765588,1.7352034202362254,0.8783479293651263,-0.389083804285658,0.09284424388096203,0.6939316042608121,-0.6244608104717437,-0.6856177833468386,-0.663589179095641,0.5424747102966173,-0.801658478273332,0.5209306312007539,-0.6095537239385777,0.4717552340664542,-0.5487385567342524,0.5187076717833426,-0.5930009614223593,0.5954228501827026,-0.6236300827551394,0.5493612948418138,-0.5673088306459647,0.5271832082238493,-0.7103376388973168,0.6160750444603822,-0.7851459370693505,0.6155540834066414,-0.6025022362793251,0.6514982655605996,-0.4292134257147023,0.39969843898461904,-0.5217966366221573,0.4369277107302613,-0.44005489568553574,0.3614201028526991,0.5287925766904319,0.5246791276834666,-0.6144775451481342,0.6264604401607614,-0.6278607779845788,0.6580152819255377,-0.5078661314944733,0.8122379067021338,-0.5088077399218006,0.7879627054385763,-0.6460564254868825,0.850856934980259,-0.6387792351298555,0.8777165693793588,-0.5212194146288771,0.936840572890693,-0.7655563038335708,0.9263323417818983,-0.6133457313791622,0.9300105893310625,-0.6240991500234052,0.8507339063018486,-0.6060713853134198,0.8369812656959649,-0.6866517487483154,0.8616069148976319,-0.6241328233350559,0.9265119400430313,-0.6540891348551938,0.9535785721958407,-0.7073028506728719,0.9165558642872004,-0.7554512807610789,0.9012453833775721,-0.5656710485961914,0.9238937273400291,0.3910823754791999,-0.4540665558437231,-0.584394162612194,-0.8018987463449074,-1.1560333708921489,-1.0272310611159345,-1.0270001949277237,1.0568079068598841,-0.18802689475957984,-0.20481900926541918,-0.5053148613432027,0.49842469535451134,0.5258206421525978,0.5513383189024083,0.5439213959128534,-0.7547069759046977,4,-0.0765600214895239,0.0,0,0.6080522,0.6080522,0.6380185355068939,-0.0031502093003398235,0.000331165506924358,0,0,0,-0.0,-0.0765600214895239,1.433647432566819,-0.2818333032588972
1724025600000,2024-08-19,1724025600000.0,2024-08-19 00:00:00,1724025600000.0,2024-08-19 00:00:00,1724025600000.0,2024-08-19 00:00:00,1724025600000.0,2024-08-19 00:00:00,1724025600000,0.538021248904547,0.49782881717891136,0.5275017641384795,0.5004800188471122,-0.6865100019791143,0.538021248904547,0.5316299916095495,0.543006853542453,0.6879651271649596,-0.8797452542358762,-0.9755557413912779,0.18742072689678238,0.591503730178222,0.5739235596518966,0.5886852568242464,0.5517287685660519,-0.10538557823521351,0.8199131640398934,0.6106874469211202,0.1418458040425736,-0.07947448211102769,0.1252404974118858,-0.3835363409499528,-0.9455377465493974,0.5316299916095495,-0.23403507659014738,0.5124436241380739,0.5551541352445711,-0.17533265248458393,1.2513696487641277,0.8966080847582839,-0.4898296009156464,-0.07037243298217016,0.5843459512328636,-0.8345394631324612,-0.7030765467318352,-0.642020180746752,0.5011706133937626,-0.7543042296806673,0.5449628351668762,-0.8012197125486267,0.523622581725366,-0.608737296579681,0.47410738592275276,-0.5483168811496452,0.5211950950414473,-0.5922990544154355,0.5978158495110314,-0.6232250125274954,0.5521113354070982,-0.5671839453927016,0.5299680727830769,-0.7099184260220722,0.6187840758616064,-0.7847004856230405,0.6182217498434992,-0.6019707056778817,0.654343750059648,-0.4289762264788479,0.4024653357554198,-0.5215355640177739,0.43967339078608114,-0.43991770605033664,0.3642122153895407,0.5288399138131773,0.5275230900349785,-0.6141257580935798,0.6294869990260145,-0.6276185335390478,0.6610226024064336,-0.5076586397585985,0.815272518118852,-0.5085508746036438,0.7910138065305069,-0.6456675337623025,0.8537949198382047,-0.6386739842692389,0.8804635465773727,-0.5211550857917278,0.9395985096138229,-0.7653387257395831,0.929110856895656,-0.6130693233799559,0.9330400392883736,-0.623756751189068,0.8534298307108893,-0.605789926063141,0.8398023298528757,-0.6864030611682866,0.864296083868082,-0.6239555003667756,0.9293487493651414,-0.6539614256105521,0.9563874253904239,-0.7069193205399456,0.9191328285368178,-0.7551113461961126,2.136819806182688,0.37209422311272605,-0.42035593402073057,-0.5561726660917742,-0.1713468748043025,-1.0911223179374512,-0.6315649731792504,-0.5805962028957039,1.060339263716041,-0.19159037632407327,-0.20507479713541457,-0.4182304837015241,0.538021248904547,0.49782881717891136,0.5275017641384795,0.5004800188471122,-0.6865100019791143,4,0.07944340222121626,0.0,0,0.6080522,0.6080522,0.6351679896204656,-0.0028505458864283018,0.00029966341391152174,0,0,0,0.0,0.07944340222121626,1.433647432566819,-0.22477969750781157
1724112000000,2024-08-20,1724112000000.0,2024-08-20 00:00:00,1724112000000.0,2024-08-20 00:00:00,1724112000000.0,2024-08-20 00:00:00,1724112000000.0,2024-08-20 00:00:00,1724112000000,0.5211483415391562,0.5670925320623279,0.5576191739052391,0.5403695179497832,-0.5796613494182375,0.5211483415391562,0.5228476269506266,0.551257715201792,0.6762615154510586,-0.8444896399902679,-0.9583365997276763,0.25576925087127894,0.31055174363725746,0.563100119183695,0.55888803519808,0.5631014841483013,0.5470480384949882,0.8092838359371634,-0.31341484923136337,-0.24312675880930926,-0.46849893679246873,0.33519327819349626,-0.48089213046116436,-0.8324519238835828,0.5228476269506266,-0.538094267077462,0.4709713049305864,0.5551541352445711,-0.32515547976163767,1.175096892454079,0.8767921209469358,0.1551022274435409,-0.10122596468892534,0.5891799089635228,0.09351228927187659,-0.6960528368792145,-0.6064323902049453,0.5407489549112153,-0.6861211216347569,0.5036852699708562,-0.753875615247597,0.5476431775869305,-0.8003362960931228,0.5259346771984392,-0.60830177035535,0.47662313099560905,-0.5476295161791376,0.5236372546861795,-0.5919007436366301,0.6005465560553374,-0.6230958889381083,0.5548869459411465,-0.5667953172109869,0.5327114525216373,-0.709489358707125,0.6214503685625112,-0.7841198858199924,0.6210763195528297,-0.6017077448389357,0.6570074505513519,-0.4287294886540404,0.4052249472197166,-0.5213911003551843,0.4424356009082452,-0.43978893570565214,0.3671011413857935,0.528972674508197,0.5305601870338307,-0.6138853866545636,0.6324975784562646,-0.6273959375076648,0.6640690447935585,-0.5074019502629359,0.8183218872824358,-0.5081902318627767,0.7939598185744442,-0.6455618595376421,0.8565479728444045,-0.6386048645922873,0.8832346466490614,-0.520965606881987,0.9423741347099615,-0.7650388165044082,0.9321403533110753,-0.6127289741629404,0.9357133013422221,-0.6234725043604947,0.8562477782179295,-0.605552174167333,0.8424973709732515,-0.6862193911605985,0.8671428780710884,-0.6238300007597315,0.9321617570767301,-0.6535884064562352,0.9589517095016423,-0.7065878050242753,0.9461211209137549,1.4948848327161859,-0.38686673618310424,-0.5269326662845648,1.1226943906141196,-0.6621843429640422,0.3620257667509399,0.2291540553687625,1.0522297707599797,-0.1854062152194068,-0.1982793208502657,-0.15697735077648842,0.5211483415391562,0.5670925320623279,0.5576191739052391,0.5403695179497832,-0.5796613494182375,4,-0.03136104270927076,0.0,0,0.6080522,0.6080522,0.6325886016890773,-0.002579387931388344,0.0002711579550399579,0,0,0,-0.0,-0.03136104270927076,1.433647432566819,-0.24909141452336292
1724198400000,2024-08-21,1724198400000.0,2024-08-21 00:00:00,1724198400000.0,2024-08-21 00:00:00,1724198400000.0,2024-08-21 00:00:00,1724198400000.0,2024-08-21 00:00:00,1724198400000,0.6047047650629113,0.5826709515670975,0.566890917629767,0.5230473976912667,-0.5938947005601879,0.6047047650629113,0.5365387982266153,0.5678737672972223,0.668091469812931,-0.6969661472562267,-0.9136741311986889,0.6368488165946647,0.6769733388662774,0.5550421509368886,0.5230914764719086,0.5874253924002528,0.6550806968508291,0.8001331860198659,1.3202184099864822,0.9427176974671707,0.48728249093653886,0.5539290651102483,0.3625026219046557,-0.6571397115426372,0.5365387982266153,-0.0785706403352284,0.5334063398177445,0.5551541352445711,-0.27497874935817457,1.214426970232739,0.9618431025426494,0.19599823254899237,-0.16125771979267828,-0.30727128666789144,-0.20611531623275833,-0.6958853627700395,-0.6143664012813191,0.523883808068172,-0.5792941936530565,0.5432381883212895,-0.6857071235589285,0.5063855503996493,-0.753008746007021,0.549936722310128,-0.7998565394612779,0.5284175112054971,-0.6075948838362748,0.47909481021628725,-0.5472408425387969,0.5263975594905104,-0.5917739943649437,0.6033041860668964,-0.6226953152060126,0.5576203854641286,-0.5663974213090394,0.5354143524465248,-0.7089290145868996,0.6243040567889294,-0.7838297628557613,0.623753501836242,-0.6014343311112997,0.6596641634145398,-0.42859331007241575,0.4080003208992431,-0.5212554810680258,0.4453026083141381,-0.4394706139059825,0.3701553254394832,0.5290571647888033,0.533582067441122,-0.6136645227764005,0.6355462526195698,-0.6271209271458021,0.6671280029493725,-0.5070415435557764,0.8212642362985711,-0.5080930071769058,0.7967280689689954,-0.6454924589120045,0.859324656911093,-0.6384018823006865,0.8860225505403362,-0.5207034827457562,0.9454029462697814,-0.764670227559289,0.9348138630864778,-0.6124464655393944,0.9385156578984488,-0.6232323610878162,0.8589383904469416,-0.6053767450751096,0.845347663601986,-0.6860893258701771,0.8699665517851459,-0.6234629190313778,0.9347337532840482,-0.6532661424851683,2.854812580611093,1.5868226611135117,-0.6107875261714498,-0.7175611406161729,0.5263463967187494,-0.18306298500009266,-0.048020319330634276,-0.11685879491055184,1.0607085595562367,-0.1855688408564791,-0.2013996834749048,-0.3311461060598455,0.6047047650629113,0.5826709515670975,0.566890917629767,0.5230473976912667,-0.5938947005601879,4,0.16033136223168243,0.0,0,0.6080522,0.6080522,0.6302545778334098,-0.0023340238556674997,0.0002453640757208442,0,0,0,0.0,0.16033136223168243,1.433647432566819,-0.12869721810242796
1724284800000,2024-08-22,1724284800000.0,2024-08-22 00:00:00,1724284800000.0,2024-08-22 00:00:00,1724284800000.0,2024-08-22 00:00:00,1724284800000.0,2024-08-22 00:00:00,1724284800000,0.5745762294025669,0.5680417458348695,0.6044887915178359,0.6071725557003107,-0.6704385316377959,0.5745762294025669,0.5523032864381792,0.5642401915323431,0.6609895461627865,-0.6158259014878333,-0.8609557342780162,0.7487138870382298,-0.3319396695342149,0.5530129262252411,0.517526179864455,0.589532886827699,-0.16393878174146373,0.4382235950480296,-0.5141447790939307,0.2729271946303696,0.5900454349383397,0.15990256102404543,0.08230925733018281,-0.29840585485679927,0.5523032864381792,-0.25828587571336653,0.5334063398177445,0.5908515851019469,-0.37757197195375464,-0.35765840833481055,0.9427607837988333,-0.5626818255028359,-0.44545686230468795,-0.634919541705631,-0.8165230919864798,-0.713949597304589,-0.6378183860719305,0.6074018006636948,-0.5935246508552479,0.5263838748135644,-0.5789030959786203,0.5459193637852434,-0.6848640798583369,0.5087109577763307,-0.752539914885394,0.5524043146777615,-0.7990873131466645,0.5308548875146272,-0.6071932730899327,0.4818728880568517,-0.547117478399388,0.529182715704747,-0.5913801125352561,0.6060183118030348,-0.6222852445969989,0.5603126914643509,-0.565875614370974,0.5382915303707498,-0.7086501041017098,0.6269799310157698,-0.7835282229974591,0.6264236576018231,-0.6012827346424604,0.6623423099084257,-0.42846549169661957,0.4108769772456855,-0.5209215526485894,0.4483484628794689,-0.4392540597038916,0.3731955298139749,0.529133870038403,0.5366384806787825,-0.6133916134425113,0.6386070196282263,-0.6267359255084279,0.670090632680467,-0.5069443894698246,0.8240255517029393,-0.508029213751154,0.7995187202541941,-0.6452886847430827,0.8621177695629151,-0.6381216001063719,0.8890542718407565,-0.5203802974092796,0.9480728042931033,-0.7643637698615193,0.9376163900669404,-0.6122078134188411,0.9411841147265421,-0.6230551299012532,0.8617860444939487,-0.6052526078100766,0.8481750743879067,-0.6857099758825165,0.8725583474627585,-0.6231458810590661,0.008932572322835794,1.6405730935515461,-0.7133136156717076,-0.8037632456156751,-0.38272865326397254,1.0760830242082877,-0.5969954407097406,-0.6306692418251459,1.049849932610996,-0.09298268135128454,-0.11428951196419221,-0.15697735077648842,0.5745762294025669,0.5680417458348695,0.6044887915178359,0.6071725557003107,-0.6704385316377959,4,-0.04982354596992444,1.0,0,0.6080522,0.6000734,0.6273835953767424,-0.0028709824566673925,-0.0005369586009998928,0,0,0,-0.0,-0.04982354596992444,1.433647432566819,-0.17210861231002472
1724371200000,2024-08-23,1724371200000.0,2024-08-23 00:00:00,1724371200000.0,2024-08-23 00:00:00,1724371200000.0,2024-08-23 00:00:00,1724371200000.0,2024-08-23 00:00:00,1724371200000,0.7179253560691838,0.7050018916773536,0.6288135986223644,0.5768064973541893,-0.48705541031172195,0.7179253560691838,0.5810676599202337,0.5731165618706772,0.6592969573926861,-0.3546664581681228,-0.764101778148549,1.361582721008219,0.38303025708324107,0.5594745654453827,0.5428262903451824,0.5739939830724672,1.6720909363825334,0.580078235048097,2.241178133862237,1.785893957473322,1.1324071707698549,1.5084764476998191,0.5407200648003991,0.2556573138443438,0.5810676599202337,0.7235223617408885,0.6422311805154304,0.5908515851019469,0.3041765023729297,0.13191785060270034,1.144416055848388,1.0301681213423368,-0.23886959332074756,1.070517869018515,0.5464467525421223,-0.6954176908204355,-0.5860601408103878,0.5772871223172813,-0.6700529189615049,0.6098482195857202,-0.5931305026093119,0.5290731912966993,-0.5780973813074174,0.54821423978427,-0.6844109798541026,0.5112047290897621,-0.751786087345321,0.5548258047615039,-0.7986443892565317,0.5336123123860916,-0.6070653646747242,0.4846745730872128,-0.5467331374052979,0.5319264087246751,-0.5909768622023231,0.6086900338630792,-0.6217483860825431,0.5631830716021858,-0.5656180360398795,0.5410022616018075,-0.7083601746622277,0.6296487824979735,-0.7833603704523707,0.6291145060717556,-0.6011403993811846,0.6651476983363109,-0.4281493391393587,0.41392649859508696,-0.5206938912082042,0.45137973480346316,-0.4390552219656824,0.37626449157236314,0.5292319211047188,0.5397055202011304,-0.6130094323397026,0.6415734750824025,-0.6266314148457235,0.6728903443424517,-0.5068806428948973,0.826809829358603,-0.5078412439431266,0.8023248615524841,-0.6450073377077868,0.8651507251979645,-0.637776595550521,0.8917396450344329,-0.5201123448412129,0.9508728189889161,-0.764104572573759,0.9402850890750852,-0.6120317059350444,0.944018569344792,-0.6229296963165283,0.8646106367065173,-0.6048891867746963,0.8507738072515512,-0.6853821396437061,-0.2098596501804947,0.6221671080616163,-1.0106513657516722,-1.0561666102268579,-1.1110685364155481,-0.9324680280356549,-1.2128313567258064,-1.195327385571885,1.0511455757737158,-0.171838097007701,-0.1939130001561432,-0.3311461060598455,0.7179253560691838,0.7050018916773536,0.6288135986223644,0.5768064973541893,-0.48705541031172195,2,0.24948669877218643,1.0,1,0.6080522,0.6211021,0.626786068110261,-0.0005975272664813236,0.002273455190186069,0,1,1,0.24888669877218644,0.24948669877218643,2.039349908033782,0.03443927694667148
1724457600000,2024-08-24,1724457600000.0,2024-08-24 00:00:00,1724457600000.0,2024-08-24 00:00:00,1724457600000.0,2024-08-24 00:00:00,1724457600000.0,2024-08-24 00:00:00,1724457600000,0.7223348066159366,0.6855771484214391,0.7575229620822314,0.7216391540292755,-0.742192096149706,0.7223348066159366,0.6070372883541365,0.5820752819628263,0.6572058955050133,-0.14201690045227675,-0.6420959425146994,1.710843121019937,0.38670823826268524,0.5710698485371818,0.5710374128754161,0.5661330679180088,-0.6363410101435224,0.5648282960608942,0.025557873984873504,1.0009883742235313,1.0009176023169428,1.2295219423114008,0.9597157757820803,0.6248680500206278,0.6070372883541365,1.1868913713870253,0.6464694356689308,0.5908515851019469,0.3279534542896523,0.1316552248490201,1.142322049648051,-1.0471744242484968,-0.240904108687433,-1.2002709051568587,1.0995001704216665,-0.6864157179904284,-0.6634301641781184,0.7205703170092305,-0.4867070832824031,0.5797528854176625,-0.6696423654131735,0.6124972208800222,-0.592319815323384,0.5313810773448518,-0.5776689282721017,0.5506829259527629,-0.683679324269862,0.5136535052561744,-0.751353368361722,0.5575736649136125,-0.7985019692249301,0.5363947902801935,-0.6066682158537132,0.4874360205428974,-0.5463396109339588,0.5346296425335898,-0.590448435587368,0.6115472059375362,-0.6214824759916018,0.5658837154123315,-0.5653501958495699,0.5437058695403894,-0.7081990325977193,0.6323383985721234,-0.7832027290992827,0.6319292050992271,-0.6007911673357057,0.6681701364979599,-0.427934328788064,0.4169617027374582,-0.5204847815150264,0.4544425794891132,-0.4388090294000648,0.37934170166091324,0.5293793629303843,0.5426852420194044,-0.6129057653256212,0.6443804297557556,-0.626562786371635,0.6757099102270999,-0.5066928051398293,0.8296100253238355,-0.5075811491027304,0.8053609046225119,-0.6446610536098799,0.8678426800477669,-0.6374901389054185,0.8945503336542846,-0.51988617990872,0.9535379479342531,-0.7639129826580682,0.9431196879759121,-0.6119070806753845,0.9468290617257074,-0.6225627919940226,0.8672041374075478,-0.6045753708681484,1.5795612071763019,1.4651373457756833,0.7639645628903308,0.5049398803979871,-0.37067175332268765,2.916341657694483,-0.6265649033929054,-0.6213627923935163,0.850264269625947,-0.15987487158453706,-0.1627654045871776,0.017191404506868704,0.7223348066159366,0.6855771484214391,0.7575229620822314,0.7216391540292755,-0.742192096149706,2,0.006141934547200911,1.0,1,0.701138,0.70986104,0.6346885683401707,0.007902500229909681,0.008500027496391005,0,1,1,0.006141934547200911,0.006141934547200911,2.0580173962349666,0.04079273527873184
1724544000000,2024-08-25,1724544000000.0,2024-08-25 00:00:00,1724544000000.0,2024-08-25 00:00:00,1724544000000.0,2024-08-25 00:00:00,1724544000000.0,2024-08-25 00:00:00,1724544000000,0.7252221866106605,0.7054121573678868,0.7667444044569494,0.7251312537265572,-0.768205990758955,0.7252221866106605,0.6392950411656666,0.5973580291523855,0.6524943015076947,0.02815907565481221,-0.5088613435633551,1.8667663540022574,0.8391631078636856,0.5907787646613816,0.5806970699553665,0.5973763200828575,-0.45875144196481116,0.43183686600650606,0.0026409873025197146,1.3188548329331764,1.2928168797121986,1.3815676749775891,1.2258716331543928,1.282107506795681,0.6392950411656666,1.1746618128481645,0.6492447141334471,0.6142383458670592,0.13183943513795635,-0.11108904429374244,1.085501537093375,-0.8885203362657861,-0.3497286642180266,-0.5209267788434184,-0.3938506342384366,-0.6884451148609523,-0.6713355212362593,0.7249777394739956,-0.7417918944640447,0.7229440420794652,-0.48633583343127623,0.582416423447181,-0.6688049364992388,0.6147406797875937,-0.5918880790556194,0.5338604528104893,-0.5769720109389732,0.5531055560954254,-0.683261298841022,0.5164177937112114,-0.7512145328960806,0.5603472476766046,-0.798063920097841,0.5391356063812661,-0.6062616358573423,0.4901581763916204,-0.5458232059179459,0.5375070347006349,-0.5901871929518393,0.6142282499416455,-0.6212060083406765,0.5685772650279803,-0.5652018207213705,0.546428326415095,-0.7080477095732541,0.635152194248524,-0.7828186192086577,0.6349551814688355,-0.6005526142977956,0.6711762969315838,-0.4277369188004294,0.42002724026376165,-0.520226129506167,0.45751483169500945,-0.4384627143444193,0.38234293422287857,0.5294128172016722,0.5455173131018466,-0.6128376967053405,0.6472066523580002,-0.6263611885763037,0.6785430231155971,-0.5064328878716392,0.8326446595115757,-0.5072604022236478,0.8080693221355641,-0.6443735118322451,0.8706578966293446,-0.6372480998997497,0.8972306306974039,-0.5197194825230131,0.9563704199139801,-0.7637772202559713,0.9459303344816826,-0.6115423483697883,0.949396388684627,-0.6222459101706458,-0.6557563958013674,0.7878688744272931,-1.150779500454673,-1.1745877540127763,0.04973953483428329,-0.3785951595671594,-0.33263103048608683,-0.40628830053716597,0.6392500665518395,-0.192069659726846,-0.2046394853730308,-0.24406172841816698,0.7252221866106605,0.7054121573678868,0.7667444044569494,0.7251312537265572,-0.768205990758955,2,0.003997287640409963,1.0,1,0.8281467,0.8062703,0.6510102673039743,0.016321698963803533,0.008419198733893851,0,1,1,0.003997287640409963,0.003997287640409963,2.0702411713770954,0.044953083215689915
1724630400000,2024-08-26,1724630400000.0,2024-08-26 00:00:00,1724630400000.0,2024-08-26 00:00:00,1724630400000.0,2024-08-26 00:00:00,1724630400000.0,2024-08-26 00:00:00,1724630400000,0.6701566652822614,0.6840285706173351,0.7258067152688111,0.7279961275369882,-0.6639082846266293,0.6701566652822614,0.6580888628060783,0.606973476089572,0.6460108873056084,0.08529696215481615,-0.39031064254515035,1.6628649292611766,0.46452622997179455,0.6038848884741769,0.5855407483516357,0.6199929017938524,-0.16986577406068756,0.35440117133870197,-0.8645425892189399,-0.4841232761975119,0.6966933122460466,0.3661093950830341,0.6576678295841707,0.7619157649027367,0.6580888628060783,0.9414390510819504,0.6492447141334471,0.6142383458670592,0.3896790208147466,-0.0056689027833627115,1.1071400134255676,-0.6079664798997731,-0.37547005981888054,1.1748176467328977,-0.017771127066686588,-0.6850472480566845,-0.6383850867570914,0.727863791447621,-0.7678004999011836,0.7273486334342557,-0.7413659622900661,0.7255384155029981,-0.4855624719038858,0.5846831133084078,-0.6683555437296816,0.6171671207221492,-0.5911865342263617,0.5362942243126176,-0.5765770068619175,0.5558541026499585,-0.6831276246197343,0.5192066546964934,-0.7507865866990139,0.5630785090683353,-0.7976156551870426,0.5418357740734167,-0.6057290927832958,0.4930477102331393,-0.545568617806353,0.5402180838524655,-0.5899155584080232,0.6169022562884788,-0.6210526467940013,0.5712902179597704,-0.5650625185496813,0.5492661945305356,-0.7076779971976838,0.6381778273272497,-0.7825552435926991,0.6379651362372474,-0.6003334320738639,0.6742219449013711,-0.4274924580353601,0.42310167501489426,-0.5198630882142344,0.4605055783370271,-0.4383697752050045,0.3852157303023416,0.5294342919316601,0.5483666190369527,-0.6126376769046953,0.6500459746446061,-0.6260827681203255,0.681585457719176,-0.5061123543681775,0.8353455646543849,-0.5069945176215653,0.8108958644849541,-0.6441305419250682,0.873344628097701,-0.6370694401262781,0.9000721393100852,-0.5196016263293168,0.9591787944101055,-0.763382561794734,0.9484979475450259,-0.6112273783104887,1.1881809053069423,1.1194997018199908,-0.11581158303072545,-0.29699209974613167,0.16021124775138343,-0.586108934369878,2.261433878837349,2.017902360488747,1.052499311799816,-0.17136278985533893,-0.18144913069340793,-0.06989297313480985,0.6701566652822614,0.6840285706173351,0.7258067152688111,0.7279961275369882,-0.6639082846266293,2,-0.07592917363125484,1.0,1,0.8281467,0.8414757,0.6691282791224007,0.018118011818426427,0.0017963128546228946,0,1,1,-0.07592917363125484,-0.07592917363125484,1.8371202963857765,-0.03438934087630929
1724716800000,2024-08-27,1724716800000.0,2024-08-27 00:00:00,1724716800000.0,2024-08-27 00:00:00,1724716800000.0,2024-08-27 00:00:00,1724716800000.0,2024-08-27 00:00:00,1724716800000,0.5371119126990288,0.6369236464158241,0.5365775866596557,0.6748824257829796,-0.5663617192853438,0.5371119126990288,0.660359385859981,0.6037339677552784,0.6347373564649875,-0.05149288945245943,-0.324109922733652,0.9359301738018676,-0.26708066328951674,0.6121368411766375,0.5701731990231538,0.6556864783929386,2.0014449072969573,0.47113126343090383,-2.075959847963268,-1.6752746081467438,-0.005007014008557711,-0.3529524438725345,-0.13179069227916831,0.4272032207003433,0.660359385859981,0.8355126776502766,0.6492447141334471,0.6306677611395546,1.070274195067089,0.35739793892470545,1.2391942848109339,1.5531668946039199,-0.07083922834256139,0.4372983419122223,-0.1391530488072445,-0.6830478260201716,-0.6027613051375252,0.6728235969464005,-0.663523999686953,0.7302328315509852,-0.7673689922836776,0.7299408793393534,-0.7405034652928733,0.7276945743727531,-0.4851553804454185,0.5871286412244318,-0.6676291132442989,0.6195457190327235,-0.5907884634659566,0.5390494788153215,-0.5764514190992065,0.5586283237630508,-0.6827142251463465,0.5219543271980143,-0.7503486185271359,0.5657684936945185,-0.7970315771010725,0.5447111988103103,-0.6054655714928487,0.49577677674738213,-0.545303873960808,0.5429220087947522,-0.5897649902551007,0.6195967431089255,-0.6209086496037953,0.5741211196467865,-0.5647201979764591,0.5523009756017856,-0.7074248682996531,0.6411874139543445,-0.7823131054910629,0.6410133826229899,-0.6000625625148289,0.6772802591825562,-0.4271484678432428,0.42609703773926577,-0.5197651460990048,0.46335852205504896,-0.4383088257114719,0.38810246470338366,0.5295029829634635,0.5512274734978378,-0.6123613783852409,0.65308988070671,-0.6257400006801941,0.6843279558412911,-0.5058466507221072,0.8381669387415197,-0.506770126732884,0.8135986903486812,-0.6439511806426209,0.8761899701204758,-0.636942978900935,0.9028901668757268,-0.5192550829014089,0.9617421899057509,-0.7630412513561021,0.9552253679899751,1.3087368128956385,-0.1493841777178438,-0.3256317331921496,-0.6252948117570127,0.03362895028742196,-0.9625003743864048,-0.9725139423046182,1.0536180917322875,-0.19142107018568133,-0.19951886943257505,0.7138664256402971,0.5371119126990288,0.6369236464158241,0.5365775866596557,0.6748824257829796,-0.5663617192853438,2,-0.19852783606531144,1.0,1,0.79543126,0.77648443,0.6793405245823667,0.010212245459966018,-0.007905766358460409,0,1,1,-0.19852783606531144,-0.19852783606531144,1.273872943287333,-0.22608993551373469
1724803200000,2024-08-28,1724803200000.0,2024-08-28 00:00:00,1724803200000.0,2024-08-28 00:00:00,1724803200000.0,2024-08-28 00:00:00,1724803200000.0,2024-08-28 00:00:00,1724803200000,0.5221361382173803,0.5213178158372622,0.529812955716744,0.5395894911183887,-0.5996701360383181,0.5221361382173803,0.6486155242325066,0.6047027145735284,0.6248326328387743,-0.1801132812285796,-0.29807873913787797,0.3781337560612135,-0.044098376328217864,0.607015465016657,0.565720808447623,0.6498304371240056,0.23833070632944517,0.41347446736065097,-0.2828365848182491,-1.8281430784783472,-0.58753883992267,-1.3891306431490102,0.001393573147293226,-0.49693456561696314,0.6486155242325066,1.1850343119005424,0.6492447141334471,0.6152549681296346,0.8065612655062161,0.23867981353647857,1.223815587947901,-0.14688608996077163,-0.14555189272775074,-0.39467764506937963,-0.24610160174601128,-0.6839160857273999,-0.6130505227386297,0.5398400369456477,-0.5659972676147947,0.6752279921456058,-0.6631148457377197,0.7328236843223798,-0.7664974069787419,0.7320936382515911,-0.7400375210008407,0.7300492879805396,-0.48448857082343155,0.5895271337262499,-0.667214550535517,0.6222677550659482,-0.5906617985029098,0.5418299382796123,-0.5760608109277606,0.5613602708388474,-0.6822910827542706,0.5246618021954492,-0.74977727028769,0.5686373842800535,-0.7967395287426348,0.5474193284387969,-0.6051915774228431,0.4984986670795463,-0.5451572884288095,0.5456447652010135,-0.5896236232162662,0.6224141090619736,-0.6205556305367445,0.5771532533404673,-0.564486563836457,0.5553203724341238,-0.7071922063452232,0.6442354082315291,-0.7820143914315216,0.6440738029182675,-0.5996831197170569,0.6802415271190533,-0.4270562240925457,0.428958720808321,-0.5197008765798334,0.4662270110665685,-0.43812887176377857,0.39099823250439897,0.5296026830990909,0.5542764820998096,-0.6120211607220901,0.6558402248648887,-0.6254554412506108,0.6871779445224983,-0.5056224150699704,0.8408624202858601,-0.5066047662315264,0.8164536208607759,-0.6438242147933635,0.8790120925934025,-0.6365733132477499,0.9054714815180904,-0.5189561223136787,4.0635617333115475,2.8321714604803216,2.3149220547851157,1.8040704023319043,0.19933578039232522,0.010475650118803546,-0.46604399533138385,-0.48704062081700505,0.9726978099961179,-0.18879079556265335,-0.20315645273322508,-0.3311461060598455,0.5221361382173803,0.5213178158372622,0.529812955716744,0.5395894911183887,-0.5996701360383181,4,-0.02788203748152618,0.0,0,0.66878825,0.6829316,0.6796821255416307,0.0003416009592639435,-0.009870644500702075,0,0,0,-0.0006,-0.02788203748152618,1.2725086195213606,-0.2476681249390711
1724889600000,2024-08-29,1724889600000.0,2024-08-29 00:00:00,1724889600000.0,2024-08-29 00:00:00,1724889600000.0,2024-08-29 00:00:00,1724889600000.0,2024-08-29 00:00:00,1724889600000,0.5345820944262553,0.5576300083655082,0.5638851856781759,0.5269038674592297,-0.6426366041900707,0.5345820944262553,0.6429270974653881,0.6097153495554616,0.6161235804883595,-0.26404421709575915,-0.29482650420026824,0.06182400597630794,0.19816272277604313,0.6041587859988681,0.5636934331197604,0.6460326165417704,0.2970513782320923,0.34001847010619735,0.16200075864778649,-1.2697446349026464,-0.340303308984741,-1.3335760116645636,-0.13579883091101888,-0.35371130670022494,0.6429270974653881,1.33743021491749,0.6492447141334471,0.6152549681296346,0.8037843970580983,0.18209098312000307,1.2257263499106335,-0.09761692436739362,-0.04421673216533104,-0.46492273221207775,0.008410273770758068,-0.6797364366814438,-0.627585494217792,0.524871150419348,-0.5992989120658294,0.5423298541996213,-0.5656090203915446,0.6778454135133681,-0.6622796982543575,0.7349742168870911,-0.7660254620153251,0.7344455583913571,-0.7392877622536366,0.7323531255355427,-0.4841135193976294,0.592261147579971,-0.6670820926260504,0.6250173215546807,-0.5902681542931448,0.5445685862833367,-0.5756608970530784,0.564050986242475,-0.6817380636093995,0.5275419157990264,-0.7494922685017426,0.5713358177028529,-0.7964359951563572,0.55012034227934,-0.6050396455331838,0.5012383986854498,-0.5450196712715937,0.5484828528742903,-0.589276597450012,0.6254410989148935,-0.6203143822738816,0.5801698111546012,-0.5642719306008936,0.5583750848833339,-0.7069049864480519,0.6472956241930183,-0.7815975686573153,0.6470395250737779,-0.5995802717559674,0.6830386605772473,-0.4269957360660394,0.43183524175419,-0.5195115648627643,0.4691057595355252,-0.43787955588668537,0.3940555146187262,0.5297306953127306,0.5570540337607067,-0.6117387636645361,0.6586956113593994,-0.6252150298072315,0.689914088615992,-0.5054571715518043,0.8437129753041025,-0.5064878717130709,0.8192859859046276,-0.6434531931860926,0.8816010086773922,-0.6362540009585821,1.4325551614621694,2.9289162791713,0.21081979988577781,0.01117545708229435,3.0489049815185947,0.4671761189406018,1.4371934503639152,1.1931636026746006,0.8925826436535972,-0.19184062970634147,-0.20412659351283927,-0.15697735077648842,0.5345820944262553,0.5576300083655082,0.5638851856781759,0.5269038674592297,-0.6426366041900707,4,0.02383661136991333,0.0,0,0.6080522,0.6128149,0.6733213862394868,-0.00636073930214387,-0.006702340261407813,0,0,0,0.0,0.02383661136991333,1.2725086195213606,-0.22973508241204554
1724976000000,2024-08-30,1724976000000.0,2024-08-30 00:00:00,1724976000000.0,2024-08-30 00:00:00,1724976000000.0,2024-08-30 00:00:00,1724976000000.0,2024-08-30 00:00:00,1724976000000,0.5251701961362502,0.5101169652290338,0.5235503414002999,0.5364365557303452,-0.6483371093046494,0.5251701961362502,0.6155112373170897,0.6103862074246457,0.6090788720059453,-0.3413572700917422,-0.30841183480648676,-0.17198336718784774,-0.056280148839700846,0.6006775558253885,0.5612083207400846,0.6414213695059402,0.1543986675400116,0.31089568887080976,-0.1930099885595169,-0.18099082218500945,-1.1839387185056593,-1.4135755471936398,-0.09851405453001405,-0.3941782531544491,0.6155112373170897,1.3150474936506984,0.6492447141334471,0.6152549681296346,-0.31143999234151676,0.12480204468252552,1.2040123571987118,-0.2305687254900635,-0.3189245643169392,-0.2725982980554451,-0.891783912235006,-0.7039829893923472,-0.6291445676231903,0.5373113822370909,-0.6422566442305863,0.5273705829448985,-0.598903525996229,0.5450114684097458,-0.5648079521269384,0.6800384049811079,-0.6618318118285048,0.7373243078185253,-0.7652672457239058,0.7367464843394556,-0.7388577396957056,0.7350301498917695,-0.48399494018460626,0.5950218533692684,-0.6666721212701393,0.627722785853913,-0.5898651461385008,0.5472664432952216,-0.5751365952976343,0.5669203457447829,-0.6814632078447223,0.5302570033648654,-0.749196031576405,0.574027163307196,-0.7962669902951409,0.5528403480337306,-0.6048969944526544,0.5040889292484146,-0.5446811903247497,0.5515177173817656,-0.5890396146220167,0.6284521405315152,-0.6200927075105254,0.5832225794026241,-0.564006578770719,0.5614407459179775,-0.706503594064433,0.6502609141826432,-0.7814835399909644,0.64984509143688,-0.599512746667583,0.6858558569537355,-0.4268170828016769,0.4347214824259083,-0.5192496655512678,0.4721590085308915,-0.4375717613048063,0.3968771818800352,0.5298331287374065,0.5599281381171979,-0.6115002072529833,0.6614394259740344,-0.6250375965325293,0.6927888689877996,-0.5053403611841122,0.8465406663785082,-0.5061439123629992,0.8218939154361918,-0.6431326874143599,1.1436802975740452,1.3136636822199883,0.22559523156203048,0.012605875710599531,-0.15630602183560782,-0.6157986770806254,-0.44629282631950207,-0.47883875135624865,0.9499087920075115,-0.18078646326559997,-0.19643661058116116,-0.24406172841816698,0.5251701961362502,0.5101169652290338,0.5235503414002999,0.5364365557303452,-0.6483371093046494,4,-0.017606085927936888,0.0,0,0.6080522,0.60284626,0.6666174458152645,-0.006703940424222288,-0.00034320112207841813,0,0,0,-0.0,-0.017606085927936888,1.2725086195213606,-0.2432964327383743
1725062400000,2024-08-31,1725062400000.0,2024-08-31 00:00:00,1725062400000.0,2024-08-31 00:00:00,1725062400000.0,2024-08-31 00:00:00,1725062400000.0,2024-08-31 00:00:00,1725062400000,0.520223440422262,0.4921332250973534,0.5644226476111863,0.5270576201132056,-0.8232523583696609,0.520223440422262,0.5867646296938475,0.6090047169379779,0.6009723312050431,-0.40660831916633344,-0.33294178287998394,-0.3239609350642733,-0.1891510699631629,0.6012198075464725,0.5610048638334267,0.6428275467896863,-0.7695658045508963,0.30169521997037146,-0.12103629632793075,-0.08721000084394957,-1.2344499525157913,-1.1040083867769184,-0.5274684528438732,-0.13051228058833914,0.5867646296938475,1.01383477127036,0.6492447141334471,0.6132864545650899,-0.34042340176527813,0.1112702380449785,1.1947841467434126,-1.1300015890594333,-0.3369721615975641,-1.3631985611523716,-1.199950374662293,-0.7161693188577998,-0.6865206088908871,0.5279038128540982,-0.6479559903125357,0.5398028237736525,-0.6418520493469904,0.5300594228254224,-0.598090820983399,0.5473070455629037,-0.5643825669409839,0.6824233809330753,-0.6611075044336343,0.7396233271990277,-0.7648316182752747,0.7394217556862519,-0.738719851374032,0.7377378557933304,-0.48362408527975964,0.5977392829535376,-0.6662524727586078,0.6303852768656615,-0.5893370189282867,0.5501403853416715,-0.5748776359670535,0.5696194750059904,-0.6811774770310014,0.5329649550720296,-0.7490312439705947,0.5767380337051705,-0.7961082639658151,0.5556764194681109,-0.6045470427528606,0.507128522294683,-0.5444502888485646,0.5545372036901819,-0.5888218845255272,0.631501131206807,-0.619818814607484,0.5862866646637314,-0.5636345432731688,0.5644175522352755,-0.7063941807741653,0.6530656623520715,-0.781408595272843,0.6526700381072216,-0.5993142588569549,0.6886867595607729,-0.42656951595928594,0.4377765068696243,-0.5189267503703432,0.4749591706010737,-0.4373168610693564,0.3997816363104838,0.5299172999358136,0.5626985516058519,-0.6113241718935974,0.664318776179523,-0.6249120175775933,0.6956424379553543,-0.5049966279520832,0.8491399195461324,-0.5058472262267973,4.0635617333115475,3.3336460946880733,3.2997921780131727,3.3554586077940396,-0.19433923784455936,-0.38110303028127007,-0.5039232896368205,-0.5516294278955175,1.0343193840533593,-0.17907757700599067,-0.19519425318354094,-0.24406172841816698,0.520223440422262,0.4921332250973534,0.5644226476111863,0.5270576201132056,-0.8232523583696609,0,-0.009419338245738484,1.0,-1,0.6080522,0.6080522,0.6610464308172997,-0.005571014997964752,0.0011329254262575361,0,-1,-1,0.008819338245738485,-0.009419338245738484,1.2925506417032757,-0.25042407959016844
1725148800000,2024-09-01,1725148800000.0,2024-09-01 00:00:00,1725148800000.0,2024-09-01 00:00:00,1725148800000.0,2024-09-01 00:00:00,1725148800000.0,2024-09-01 00:00:00,1725148800000,0.45540121473575323,0.48025682882713716,0.5025754251183975,0.5267156916971945,-0.718561124989059,0.45540121473575323,0.5483875816678739,0.6059604924236855,0.5957280168235316,-0.5420689290820145,-0.38092727755348305,-0.6496659618628803,-0.29030770315610227,0.5973285704561501,0.5640712060427022,0.6308655728286373,-0.0030355942147250567,0.3035003675106252,-1.0967535893811158,-0.8113279863585858,-1.6120174036932806,-0.6738760898071599,-0.7027052267778677,-0.42763198186256074,0.5483875816678739,0.48331904984170215,0.5963170926359929,0.546572606264772,-0.3473165528810982,0.1729791564106617,1.0576736080445426,-0.3465511279294847,-0.21887996282582436,2.630972300519197,0.536666107482561,-0.7087058753162713,-0.6505756874617619,0.5229593323501514,-0.822835675427171,0.5304012973474512,-0.6475501736647703,0.5424856585973107,-0.6410243334143789,0.5323665472215946,-0.5976577524856502,0.5497763078126074,-0.5636899735359554,0.684758760660612,-0.6606943487160507,0.7422974506467137,-0.7646917611849162,0.7421278312996528,-0.7382945746575476,0.7403983555228035,-0.4832443036071758,0.6004145261362305,-0.6657037730942483,0.633236525668389,-0.5890759420274515,0.5528463147653078,-0.57460836576449,0.5723115144415398,-0.6810187616486885,0.5356915163017972,-0.7488764884456285,0.5795674088865146,-0.795721681750205,0.5587105177658005,-0.6043079775366514,0.5101530794354092,-0.5442381827758234,0.5575919774139189,-0.5885527763351414,0.6345621547481802,-0.6194353131077904,0.5892601382205925,-0.5635339109057864,0.567244103575106,-0.7063222988665584,0.6558898570583546,-0.781189194616507,0.6555081702022608,-0.5990400204113399,0.6917286703877409,-0.4262638230653564,0.4405861358949017,-0.5186590269112589,0.47784883017131247,-0.43710189332776705,0.40259517853865384,0.5299769936502815,0.5655937485091239,-0.6111995985159572,0.6671772267133007,-0.6245447226367953,0.698289728668271,-0.5047001408402761,-0.610888061445318,0.01838074249566413,-1.1226417431663678,-1.1510778844712164,-1.1207434289209361,-1.2282407836171019,-0.929342002984255,-0.9334681659237682,1.026296353462817,-0.1932775985291782,-0.20526199748546062,0.017191404506868704,0.45540121473575323,0.48025682882713716,0.5025754251183975,0.5267156916971945,-0.718561124989059,1,-0.12460458458752444,0.0,0,0.6080522,0.6080522,0.6560053581863267,-0.005041072630973087,0.0005299423669916647,0,0,0,-0.0006,-0.12460458458752444,1.2911751113182537,-0.3438246757696468
1725235200000,2024-09-02,1725235200000.0,2024-09-02 00:00:00,1725235200000.0,2024-09-02 00:00:00,1725235200000.0,2024-09-02 00:00:00,1725235200000.0,2024-09-02 00:00:00,1725235200000,0.5266498791949037,0.4901781234077999,0.50046855547816,0.4601854011406289,-0.7094201932925264,0.5266498791949037,0.5279763927841538,0.6051558852200534,0.5937546106772964,-0.5482712612825548,-0.4206142623760812,-0.534432391762408,-0.14693235795311171,0.5945532905645945,0.5620063009905283,0.6272869782383819,0.18992087479765185,0.33090824079330755,1.153810820908689,-0.05526093258128798,-0.923230147380542,-0.05656508737157469,-1.002369968914379,-0.34912978044895526,0.5279763927841538,-0.4863033232228033,0.4684377565819073,0.546572606264772,0.1800075964042561,0.2670429509054323,1.1079417718504003,-0.19684193414361204,-0.129298117897004,-0.15182674533345708,-0.5633144382105663,-0.7155479838712531,-0.6492295794162941,0.4581669209878819,-0.7181657279770336,0.5254599929329731,-0.8223923699639902,0.5330886733235527,-0.6467204661831982,0.54478318639592,-0.6405813537649244,0.5348452968998687,-0.5969543299675016,0.5521995383995989,-0.5632978349649826,0.6874547758104851,-0.6605623850250013,0.7450024587208897,-0.7642609355867892,0.744786579854318,-0.7378593271760583,0.7430129249114366,-0.4827448912701083,0.6032739576037239,-0.6654313083664537,0.6359087799677795,-0.5888044791003847,0.5555451347476688,-0.574459164131269,0.575023040429141,-0.6808697234941953,0.5385323929260244,-0.7484989544639673,0.5825989624785094,-0.7954565465794448,0.5617291823993811,-0.6040883216511052,0.5132113257392731,-0.5439758962863596,0.5606576881115185,-0.588175698094729,0.6375291527689558,-0.6193312511504855,0.5920803798455752,-0.5634678561079223,0.5700883365694281,-0.7061115309973012,0.6587272877199718,-0.7808868345735771,0.6585517942213235,-0.5987022781892756,0.6944683756549381,-0.4260107051941174,0.4434823084171259,-0.5184330585242481,0.4806413482770022,-0.43694363392379215,0.4055160700672101,0.5300178777548373,0.5684691267278126,-0.6108350056203944,0.6698335791553615,-0.6242274969993276,0.19681383942355038,-0.05100789249666205,-0.6004534952873494,-0.7078045580990887,-0.23220735054977876,-0.9765665688587202,-0.6254707760148283,-0.6636737745363088,1.0477209276305905,-0.14443192626485013,-0.13415521959155882,0.10427578214854727,0.5266498791949037,0.4901781234077999,0.50046855547816,0.4601854011406289,-0.7094201932925264,0,0.15645251297911567,0.0,-1,0.6080522,0.6080522,0.6514438171960345,-0.004561540990292157,0.00047953164068093024,0,-1,-1,-0.15705251297911565,0.15645251297911567,0.9313403024105171,-0.24116439733892203
1725321600000,2024-09-03,1725321600000.0,2024-09-03 00:00:00,1725321600000.0,2024-09-03 00:00:00,1725321600000.0,2024-09-03 00:00:00,1725321600000.0,2024-09-03 00:00:00,1725321600000,0.4611368284776059,0.5095416875039899,0.511307993245468,0.5311615031170195,-0.6855333268376216,0.4611368284776059,0.5171703407723975,0.6009096337179818,0.5928974221385205,-0.6367819096298086,-0.47089542158947756,-0.6815436875556087,-0.33510332091962963,0.5922189949066543,0.5639133560942995,0.6200324199497412,0.33481932149690313,0.3112109476163705,-1.1050427269809322,-0.6264379701223562,-0.561778677616318,-0.6152941507173505,-1.3232894316781703,-0.3251873796099839,0.5171703407723975,-0.34641561905350043,0.46600615762908587,0.546572606264772,-0.3382720884907713,0.3572784154956416,1.0572640859590734,-0.011091567142729315,-0.47014169047195276,-0.0268888992890408,-0.8425696418984546,-0.7334638458828883,-0.6395626423254903,0.5293828153475595,-0.7090266548242413,0.46070920100781243,-0.7177448605250885,0.5281497556722018,-0.8215015534621696,0.5353934582744994,-0.6462761715880798,0.5472540513320284,-0.639863962142587,0.5372784161493868,-0.5965550148457625,0.554948446467415,-0.5631732537372685,0.6901801430351939,-0.6601538066003796,0.7476600605777851,-0.763820032777049,0.747399282903751,-0.7372913425230213,0.7458334239242886,-0.48249970941048925,0.6059583543828775,-0.6651480534494116,0.6385740219645062,-0.5886540101368954,0.5582630675617624,-0.5743190837544612,0.5778528961603211,-0.6805052176299956,0.5415683172888138,-0.7482402589253704,0.5856148981980593,-0.7952127812445386,0.5647833934281734,-0.603816877560735,0.5162798509603405,-0.5436079758693979,0.5636345994659497,-0.5880735573951584,0.6403371346510129,-0.6192629204418642,0.594918813872076,-0.5632735124338459,0.5729444589820546,-0.7058207795018318,0.6617707455183847,-0.7805153006708084,0.661300634483989,-0.5984219804622141,0.6973164429443355,-0.4257972664874458,0.44628408170321665,-0.5182665092513319,0.48354971435373395,-0.43683184751325865,0.40841889567756706,0.5301575926598375,0.5711569023010349,-0.6105201582669044,0.9994027786411833,0.9153150970326698,0.2749783405142485,0.03595783675525774,-1.0625633108233852,-0.9489685014883807,-0.9483976142192744,-0.9238275307891335,1.0454601060046758,-0.19290597435981618,-0.20555301478041438,-0.4182304837015241,0.4611368284776059,0.5095416875039899,0.511307993245468,0.5311615031170195,-0.6855333268376216,1,-0.12439583356109074,0.0,0,0.6080522,0.6080522,0.6473161924365197,-0.004127624759514781,0.00043391623077737584,0,0,0,-0.0006,-0.12439583356109074,0.9301814982290708,-0.3355603846677795
1725408000000,2024-09-04,1725408000000.0,2024-09-04 00:00:00,1725408000000.0,2024-09-04 00:00:00,1725408000000.0,2024-09-04 00:00:00,1725408000000.0,2024-09-04 00:00:00,1725408000000,0.4806006021089391,0.4551986411301332,0.4396978801149508,0.4660787858823224,-0.5550926039793356,0.4806006021089391,0.511262678173223,0.5921283605676761,0.5979621361005073,-0.6746597938347236,-0.5190508830489063,-0.6520261301211661,-0.6370719198505488,0.5930509647484424,0.5630177581616563,0.6228695239505033,0.5664715779925221,0.3029869908541108,0.28484868080708325,0.17534576642767552,-0.35509660343978783,-0.40970851925890917,-1.2455440904256583,-0.1097721941697795,0.511262678173223,-0.33471820617071896,0.46600615762908587,0.546572606264772,-0.29289684662429377,0.18232897154693356,0.7692702961509178,0.20556401269396624,-0.39334469363224206,0.7664080441702201,0.05134512128325443,-0.7267622083906052,-0.5964601461620036,0.4638998966924565,-0.6851446450718698,0.531879349802938,-0.7086077465079514,0.4634302398615385,-0.7168906193289356,0.5304583548759895,-0.821016910855132,0.5378702858212792,-0.6455569266379428,0.5496789523848234,-0.6394553895697286,0.5400332779462708,-0.596427912789513,0.5577230037856725,-0.562785482437218,0.6928596136833851,-0.6597355777413438,0.7502715415179299,-0.763245056448178,0.7502185843457674,-0.7370082026413326,0.7484600477705253,-0.48224470565226507,0.608635703833405,-0.6649907690625554,0.6412602274955507,-0.5885127364909898,0.5610976195225583,-0.5739749898926719,0.5808846323705499,-0.6802557942084448,0.5445889401742587,-0.7480024489512701,0.588667240426613,-0.7949120934204483,0.567848648061962,-0.6034366634807574,0.519262715030847,-0.5435085743616247,0.5664613496662658,-0.5880065016527121,0.6431643013133874,-0.6190621619233555,0.5977695269971218,-0.5630048466272183,0.5759923462172484,-0.7054631947472866,0.664518699467783,-0.7802063454628265,0.6641549863481282,-0.5981852250011112,0.700049856658754,-0.42564015933396077,0.44919796169932114,-0.5181487596011849,0.4864391600849043,-0.4365016139490939,0.41115762228118574,0.5302745070864963,0.6960959537694901,0.47751430406660594,-0.35225538229929537,-0.4898921429701078,-0.9332146545287727,-1.0669534055113843,-0.8721029264737745,-0.8733896894277623,0.9840829650547925,-0.1903581693737688,-0.20401106073167713,-0.3311461060598455,0.4806006021089391,0.4551986411301332,0.4396978801149508,0.4660787858823224,-0.5550926039793356,0,0.04220823935401308,1.0,-1,0.6080522,0.6080522,0.6435812076601866,-0.003734984776333161,0.00039263998318161963,0,-1,-1,-0.04280823935401308,0.04220823935401308,0.847553826656193,-0.30751555834754873
1725494400000,2024-09-05,1725494400000.0,2024-09-05 00:00:00,1725494400000.0,2024-09-05 00:00:00,1725494400000.0,2024-09-05 00:00:00,1725494400000.0,2024-09-05 00:00:00,1725494400000,0.41028882688142965,0.44759609471829975,0.4406886266567981,0.4839562057784847,-0.6037560225833647,0.41028882688142965,0.4935842573124296,0.5805038306377064,0.5981501992832974,-0.7929910861626303,-0.5823504044528031,-0.8623173901872299,-0.7687448903276616,0.587850271430436,0.5691236473079773,0.6045435033981773,0.42827735039830694,0.3579515354448127,-1.2062224161549553,-1.163549243679314,-0.8548574723956992,-0.8816346502858922,-1.3426175936050857,-0.5180802310851372,0.4935842573124296,-0.06306522154529472,0.45838190791214384,0.5001437623319289,-0.11777129671176384,0.2668822328556665,0.7582648728813332,0.12122839551216337,-0.3456594660990847,-0.45939171570844045,0.05981674162210554,-0.7209170314285315,-0.6098192631898144,0.48335471815882125,-0.5547304435570319,0.4664384941326409,-0.6847308563225255,0.5345660118458743,-0.7077566988205586,0.46578882098737306,-0.716430126035093,0.5329383162834954,-0.8202407980858907,0.540301401650214,-0.6451471258480649,0.5524288662004629,-0.6393250357498248,0.542813372196526,-0.5960330366531801,0.5604553119964083,-0.5623884598548682,0.6954944015956653,-0.6591886331917378,0.7530900587710692,-0.7629580463430345,0.7528434310839285,-0.7367138937007136,0.7510797909388196,-0.48210374960425206,0.6113333494972178,-0.6648430782779631,0.6440715232301227,-0.5881659235383102,0.5641311403908912,-0.5737400937024004,0.5839007639278592,-0.6800265590723229,0.5476444922425674,-0.7477089847258199,0.5917309803992747,-0.7944926209570397,0.5708245948416045,-0.6033335848218494,0.5221007351504144,-0.5434433363747171,0.5693057654240861,-0.587809336732785,0.6460045042209752,-0.6187848700466808,0.6008161323782316,-0.5626738006406213,0.578763918583431,-0.7051660692986046,0.6673724415777091,-0.7799450056385976,0.6668973307092194,-0.5980105468023852,0.7029230103642594,-0.42552920178402986,0.4520932974834881,-0.5178025024620493,0.4891530494056445,-0.4362170089639681,0.10130037432712272,0.5455269056031152,-0.39467339035466464,-0.5179050777278853,0.27091998558504116,-0.9600916336937405,-0.024153005766758558,-0.09403231719266911,0.9073837083102698,-0.17889693304526913,-0.19506292513961007,-0.24406172841816698,0.41028882688142965,0.44759609471829975,0.4406886266567981,0.4839562057784847,-0.6037560225833647,1,-0.14629980678129006,0.0,0,0.6080522,0.6195908,0.641299123799569,-0.0022820838606175675,0.0014529009157155937,0,0,0,-0.0006,-0.14629980678129006,0.8464452943601992,-0.4088258983603519
1725580800000,2024-09-06,1725580800000.0,2024-09-06 00:00:00,1725580800000.0,2024-09-06 00:00:00,1725580800000.0,2024-09-06 00:00:00,1725580800000.0,2024-09-06 00:00:00,1725580800000,0.32463413112823786,0.39716215834564456,0.3185022960482679,0.4139644702613627,-0.455567237251615,0.32463413112823786,0.4650617071775195,0.5526756128598249,0.5966701833285267,-0.9936103284138056,-0.6749938919852919,-1.2697893386043109,-1.8532655976688075,0.5772360635965091,0.5841920878099798,0.5641049644244032,1.5068566169061945,0.3426158689070628,-1.5060367187605244,-1.3904108170443223,-1.3214707476305991,-1.0590902509579634,-1.1767357107500074,-0.8759106177505731,0.4650617071775195,0.6161957424813441,0.45838190791214384,0.41198951711480364,0.1039595259387707,-0.2765266681740931,0.8311767478985664,1.3415047670991294,-0.003113040001335713,0.5618311331468612,1.1717207137347874,-0.6919366518008779,-0.5527251918137375,0.41307528211809963,-0.6033839678641737,0.48588081878492734,-0.5543446115936628,0.46915676560665726,-0.6838881538366726,0.5368696558701942,-0.707298314081705,0.46830984846706947,-0.7156880501045695,0.5353726985076285,-0.8197933104802727,0.5430550572351023,-0.6450163406057953,0.5552043588581086,-0.6389209946710659,0.5455516279054191,-0.5956287729393853,0.5631464122846804,-0.5618677326008201,0.698327874195665,-0.6589171400030197,0.7557137418299346,-0.7626597298216591,0.7554614022703586,-0.7365502204133626,0.7537230053796962,-0.4819714329511318,0.6141530308951724,-0.6644816426526804,0.6470962062825915,-0.5879290921698314,0.5671491857956641,-0.5735242933249075,0.5869532402689744,-0.6797434957595935,0.5507108337878316,-0.747299209615283,0.5947037236712037,-0.7943777997435331,0.5736495188704985,-0.6032659066400462,0.5249555085710867,-0.5432512949504984,0.5721620583188312,-0.5875368771842222,0.6490486189663087,-0.618443458738317,0.6035808697074762,-0.5623991817444481,0.5816339093829243,-0.7049148778575893,0.6701139194522587,-0.7797518011497753,0.6697758049880218,-0.5978869496855599,0.7057748417019941,-0.4252011954169704,0.45481812060343574,-0.5175037938597382,0.5580759414065316,0.864269060016011,-0.1622248242385603,-0.32344172573711055,0.41581780398792645,-0.7048739970212563,-0.14729577464184468,-0.22553107648917542,0.9599497495928649,-0.19354373688160076,-0.20552687623274854,0.19136015979022583,0.32463413112823786,0.39716215834564456,0.3185022960482679,0.4139644702613627,-0.455567237251615,0,-0.20876682507843514,0.0,-1,0.6080522,0.57343626,0.6348436741970507,-0.006455449602518315,-0.0041733657419007475,0,-1,-1,0.20816682507843515,-0.20876682507843514,1.2308139489681786,-0.5322434386282573
1725667200000,2024-09-07,1725667200000.0,2024-09-07 00:00:00,1725667200000.0,2024-09-07 00:00:00,1725667200000.0,2024-09-07 00:00:00,1725667200000.0,2024-09-07 00:00:00,1725667200000,0.3317148557663819,0.3175772805472722,0.36510134749688805,0.32540155624290246,-0.7561802865063241,0.3317148557663819,0.4382498439024849,0.5250364071738629,0.5870448146703904,-1.131884670597712,-0.7780593324317554,-1.4145091573758624,-1.833803116874953,0.5690102130134175,0.5948890672767224,0.5339082464167321,-0.5011964471282192,0.35515885609859105,0.08544558007812407,-1.4978915851766978,-1.2508035698268927,-1.4905254714943772,-1.073055946783603,-0.7263762205422064,0.4382498439024849,0.7843451179332961,0.45838190791214384,0.41198951711480364,0.14067973336201392,-0.2692008558656609,-0.1116051155556149,-0.8039302720184417,0.06793616019948798,-1.2871882665400283,1.8361987860469278,-0.6818532602194487,-0.6609193016442652,0.32745998237213775,-0.4552253124303948,0.41564652677429864,-0.6029877060844947,0.4885896991711463,-0.553547480347693,0.47151092422160307,-0.6834352791238321,0.5393455460105417,-0.7065592100181451,0.47078703349347595,-0.7152631190184264,0.5381283207115602,-0.8196492874022222,0.5458340297155022,-0.6446110835834546,0.5579376717640964,-0.6385073901997709,0.5482490668235658,-0.5950990934828326,0.5660160187552915,-0.5616107519259254,0.700973749902255,-0.6586348911057471,0.7583305526937959,-0.7624937402705062,0.7581029423948907,-0.7363965140875011,0.7565027884720725,-0.48164503021231847,0.6171809006619497,-0.6642344043215456,0.6501047741121148,-0.5877115021428437,0.5702029727675128,-0.573257525801355,0.5900170889397622,-0.6793476834016764,0.5536890793848359,-0.7471872889719375,0.5975225826916555,-0.7943023290830576,0.576492256278414,-0.6030669873228388,0.5278214631123106,-0.5429857249895685,0.5752099859536519,-0.5872012725335243,0.6518000758545557,-0.618160049394182,0.6064461582276252,-0.5621672979760481,0.5843984773329972,-0.7047293209897554,0.6729918775080681,-0.7796148773196117,0.6726333198435182,-0.5975249800601278,0.7084189068249951,-0.4249185507643812,2.913145889745503,2.62168248125729,1.3418088899595437,0.9605121858002086,-0.13572786755136118,-0.4649229634110295,-0.46620287632406376,-0.41663361345959704,0.9927588018897612,-0.19124995119760593,-0.20449730434343355,-0.3311461060598455,0.3317148557663819,0.3175772805472722,0.36510134749688805,0.32540155624290246,-0.7561802865063241,1,0.021811399231299378,0.0,0,0.47343478,0.5080507,0.6227825005326605,-0.01206117366439019,-0.005605724061871875,0,0,0,-0.0006,0.021811399231299378,1.2294754605987976,-0.5220410135251186
1725753600000,2024-09-08,1725753600000.0,2024-09-08 00:00:00,1725753600000.0,2024-09-08 00:00:00,1725753600000.0,2024-09-08 00:00:00,1725753600000.0,2024-09-08 00:00:00,1725753600000,0.3597230885685745,0.33216575501770534,0.3602838576130917,0.33470857601911075,-0.75778476424718,0.3597230885685745,0.42464139820814734,0.49917468473278476,0.5794301404436086,-1.1916351264007345,-0.8730217031415467,-1.3019894795895608,-1.6586998353222717,0.5602125677767154,0.5987311209302154,0.5104637075746888,-0.1908226565054193,0.3800257634256608,0.4563485217592795,-0.5699498833216211,-0.7020548185319114,-0.8394311445187209,-0.9903583311550047,-0.7550551555921663,0.42464139820814734,0.8543798222336211,0.45838190791214384,0.41198951711480364,0.17071353366480868,-0.19899234882448466,-0.09828456376782274,-0.48836224357807057,0.03703627474543606,-0.2563354088448894,-0.6191109042342816,-0.6877500113246512,-0.6620516305832072,0.33453745030291054,-0.7557772407272497,0.330086222057977,-0.45486081130079986,0.41838933193106104,-0.6021735736116524,0.49092885001975767,-0.5531246946286296,0.47402831808450385,-0.6827039410727143,0.5417756847890789,-0.7061362484149968,0.473568426249027,-0.715127019122389,0.5409091221357674,-0.8192067201643556,0.5485710804747679,-0.6441962398426038,0.5606298428204747,-0.6379661627754277,0.5511227405924876,-0.5948371573401888,0.5687155144995103,-0.561343530603108,0.7036126893973591,-0.6584781881687274,0.7609709964487313,-0.7623378530403556,0.7608814982066452,-0.7360213709058134,0.7595154961108848,-0.4814227248022112,0.6201928858883868,-0.6640071899533011,0.6531520707018222,-0.587442563850789,0.5732678837034813,-0.5728835897997865,0.5929900621081867,-0.6792399391499869,0.5565183556263525,-0.7471137431593246,0.6003597460301175,-0.7940814460142981,0.5793469836053591,-0.6027921686283934,0.5308716802946571,-0.5426583990558606,0.5779817737366636,-0.5869227876020792,0.6546562278705499,-0.6179206245734011,0.6092040440397485,-0.5619962909886452,0.5872901916646683,-0.704597898404153,0.6758488409262687,-0.7792170980329667,0.6752879353710797,-0.5972124416544077,0.8796541342726318,0.6859355006829734,0.044921404779991195,-0.16134335430416274,-0.8628582501582412,-0.7380769236309461,-0.9975300713646991,-0.9934796558478534,1.0568393533145317,-0.07655737181805289,0.007132506617081962,0.2784445374319044,0.3597230885685745,0.33216575501770534,0.3602838576130917,0.33470857601911075,-0.75778476424718,0,0.08443466524127596,0.0,-1,0.47343478,0.46189615,0.607478199115861,-0.015304301416799504,-0.003243127752409314,0,-1,-1,-0.08503466524127597,0.08443466524127596,1.0398927611431392,-0.4816847065030523
1725840000000,2024-09-09,1725840000000.0,2024-09-09 00:00:00,1725840000000.0,2024-09-09 00:00:00,1725840000000.0,2024-09-09 00:00:00,1725840000000.0,2024-09-09 00:00:00,1725840000000,0.4436863635358292,0.4389044126122428,0.398756129115523,0.36113437970682355,-0.589107214912579,0.4436863635358292,0.4128413709429281,0.483150261919465,0.5744561872245915,-1.1140441766567757,-0.9327462976066789,-0.8126757555559854,-1.023706751925754,0.5563904139164493,0.5977721737507427,0.5033396020987277,0.9376533629740107,0.4828164198919937,1.4297309820394952,1.1576666843702534,-0.6063195161330289,-0.35985899242424013,-0.5265340870836519,-0.4244626732276811,0.4128413709429281,0.45440275697762994,0.4141204780910783,0.41198951711480364,0.3187575060611038,0.10675432731451992,0.02832341424884312,0.6101778711979956,0.21288158440368302,1.8466125132035898,0.9662955955704464,-0.6696625594295476,-0.6062491296710685,0.36253280100293384,-0.7573813922440225,0.337159143773765,-0.7553483105260032,0.33287035480019694,-0.45409845059475235,0.42078269748197833,-0.6017395626151797,0.493433913224083,-0.5524357649979954,0.4765017158244001,-0.6822861260759339,0.5445287521151063,-0.7060008403177208,0.4763731941302619,-0.7147067829991737,0.5436481374558997,-0.818753850469897,0.551267235200889,-0.6436534803107292,0.563500136369113,-0.6376978342861052,0.5538282719117714,-0.5945648046761401,0.5714079193609211,-0.5611955131621164,0.7062740421298183,-0.658331044854782,0.7637487486171568,-0.7619577402529056,0.7638937394550788,-0.7357643769006312,0.7625112216402494,-0.4812185683566696,0.6232425227614806,-0.6637265777458141,0.656211721188159,-0.5870657136911646,0.5762431035623634,-0.5727823889736381,0.5958093563778438,-0.6791691648333574,0.5593650929521026,-0.7468982854349264,0.6032092738550827,-0.7937770925647408,0.5823945402431773,-0.6024537291634595,0.5336556762861583,-0.5423869349996499,0.5808519127358103,-0.5866875872820518,0.6574011303236099,-0.6177439347979866,0.6120917773825792,-0.5618753347233153,0.590161849747115,-0.7042149012846474,0.6785024328119938,-0.7788730407087657,-0.663757219144268,-0.12436846997925922,-1.1563396989442334,-1.1796351095030184,0.31070553843126725,-0.19305945256070411,-0.5680701400762935,-0.6226752500131798,0.6140907489670285,-0.1880271952319031,-0.2027401018394594,-0.3311461060598455,0.4436863635358292,0.4389044126122428,0.398756129115523,0.36113437970682355,-0.589107214912579,1,0.23341085861729072,0.0,0,0.47343478,0.47343478,0.5947273289574768,-0.012750870158384164,0.0025534312584153396,0,0,0,-0.0006,0.23341085861729072,1.0386688254864533,-0.36070428881345673
1725926400000,2024-09-10,1725926400000.0,2024-09-10 00:00:00,1725926400000.0,2024-09-10 00:00:00,1725926400000.0,2024-09-10 00:00:00,1725926400000.0,2024-09-10 00:00:00,1725926400000,0.46740560405664616,0.4372253629411013,0.47055831617389365,0.44647169382803065,-0.6970596468656712,0.46740560405664616,0.4137329884468944,0.47821803304076677,0.5730877538540596,-1.010632164265606,-0.9588744869179968,-0.34615420193083973,-0.438895495222426,0.5496157545057528,0.5896421498012471,0.4982027717231835,-0.2021729701669074,0.27829505258458515,0.35911024203739866,1.3244534457383972,-0.06303336128135904,0.34330819572032445,-0.3836181852198213,-0.607252253981046,0.4137329884468944,0.48128029537993083,0.4141204780910783,0.41198951711480364,0.18895401981588397,-0.22308188906837845,-0.052396676988196784,-0.5521938970338599,0.09497827381983923,-0.7889524625987193,-0.31145466691848966,-0.671395387939341,-0.6436228638263708,0.4464574579147676,-0.5887381386042004,0.3651365116465822,-0.756952118162124,0.3399398601329132,-0.7544809265643386,0.33532976538861103,-0.45369862256922605,0.4233323044890928,-0.6010348117082361,0.4958944588280734,-0.5520460544433013,0.4792808283446084,-0.6821525257708152,0.547307177518326,-0.7055825539966727,0.4791379530316891,-0.714276672806845,0.5463463859404164,-0.8181640794951665,0.5541400849444047,-0.6433843037273812,0.5662006516871846,-0.6374188624059212,0.5565266949381443,-0.5944138214708451,0.5741197906333725,-0.5610565477748494,0.7090671206629581,-0.6579708567456314,0.7667606844655788,-0.7616972093770713,0.7668889648325987,-0.7355281405017211,0.7655497236349891,-0.4809659244259193,0.6263040700456652,-0.6633340558852856,0.6591758151980488,-0.5869636412127196,0.5790666513559111,-0.5727159569407547,0.5986469197337706,-0.6789615188017171,0.5622235514095749,-0.746601227470238,0.6062555983523004,-0.7934031633300317,0.5851643498149026,-0.6021728401303781,0.5365342141289585,-0.5421577576705024,0.5836166912838627,-0.5865140810069004,0.6602811286259594,-0.6176188906723027,0.6149591829118666,-0.5615204612209079,0.5928427195721689,-0.7038838549162962,1.048613628372255,1.1524422696627652,0.8046478529548713,0.55946462846033,0.9097725639315187,0.916685202142876,0.5218799640232035,0.5501749706586643,0.7859848855300093,-0.18923321101136664,-0.19519480111186796,0.53969767035694,0.46740560405664616,0.4372253629411013,0.47055831617389365,0.44647169382803065,-0.6970596468656712,2,0.053459476040222276,1.0,1,0.47343478,0.46189615,0.5820917735476943,-0.012635555409782562,0.00011531474860160262,0,1,1,0.05285947604022227,0.053459476040222276,1.1464317914212026,-0.3265278750586629
1726012800000,2024-09-11,1726012800000.0,2024-09-11 00:00:00,1726012800000.0,2024-09-11 00:00:00,1726012800000.0,2024-09-11 00:00:00,1726012800000.0,2024-09-11 00:00:00,1726012800000,0.45565333084672405,0.4384830832128499,0.43729830397963976,0.47019880479323944,-0.629138392555582,0.45565333084672405,0.41018470003664104,0.4735138903478464,0.570515987900223,-0.9358011891257547,-0.9641095951691253,-0.05603171437329789,-0.42504031970898826,0.5437478225537732,0.5839694773031544,0.4921585043648663,0.3335693150909524,0.28713430311144006,-0.23657895482708227,0.9032228644120015,-0.25689256766456225,0.943022803352096,-0.11737868416114496,-0.5532204233473881,0.41018470003664104,0.362144577893962,0.40143777127701924,0.41198951711480364,0.17485299495756307,-0.2246015620405515,-0.06056694443912804,-0.00849306893181955,0.048336377854108985,0.31904398946972923,-0.590322528376196,-0.6825271848322612,-0.6203194077442044,0.4701657890118475,-0.6966686215565424,0.44900725951402665,-0.5883450164389905,0.36790371429670987,-0.7560841736543478,0.34239381104722405,-0.7540117555915321,0.33793363622085654,-0.4530420502692512,0.4258392777030686,-0.6006346162512821,0.4986658333822098,-0.5519223260783227,0.4820834756207759,-0.6817393346266624,0.5500436406343766,-0.7051544310104139,0.4818636381003222,-0.7137150393785086,0.5492205791824726,-0.817868879853384,0.5568443934698796,-0.6431044536536417,0.5688940731814052,-0.6372640534883915,0.5592442526750926,-0.5942720636347711,0.5769498994597381,-0.5607149946290712,0.7120848808264649,-0.6577245062722874,0.7697555823355293,-0.7614577020862342,0.7699271243160403,-0.7352365849558582,0.768602246109006,-0.4806109487057892,0.62927217578229,-0.6632272958525546,0.6619782990909909,-0.586896630742506,0.5819081239294117,-0.5725205499982899,0.601496820695744,-0.678674965255277,0.5652719922238827,-0.7462360646897424,0.609018837966788,-0.7930921767291756,0.5880331278701137,-0.6019355774061993,0.5393109277892838,-0.5419887902022225,0.5865085310825943,-0.5863913269023268,0.6631402714667153,-0.617253032849107,0.6176321586547469,-0.5612141686749803,3.3975531748559313,1.0676290048582173,1.1727505953501793,0.9204151297159906,-0.11565805901880943,0.2753468661949948,-0.4912075835913351,-0.5435813883270302,0.6895453784214391,-0.10236380788057724,-0.17264096803439116,-0.4182304837015241,0.45565333084672405,0.4384830832128499,0.43729830397963976,0.47019880479323944,-0.629138392555582,2,-0.025143629233204123,1.0,1,0.47343478,0.5080507,0.5750486203164793,-0.00704315323121496,0.0055924021785676015,0,1,1,-0.025143629233204123,-0.025143629233204123,1.0924627062833459,-0.34346140846708595
1726099200000,2024-09-12,1726099200000.0,2024-09-12 00:00:00,1726099200000.0,2024-09-12 00:00:00,1726099200000.0,2024-09-12 00:00:00,1726099200000.0,2024-09-12 00:00:00,1726099200000,0.486642519776251,0.45937697048004245,0.5082880914045422,0.45753289806750985,-0.6585241888819359,0.486642519776251,0.42104460213699935,0.47012181638601436,0.5673670270050714,-0.8268203982771019,-0.9454802542663073,0.2753513560693887,-0.3264809282609218,0.5323357903757111,0.5544381194776213,0.5019524310174365,-0.42893700169011456,0.21975413814297196,0.47883685575383444,0.3498456745846215,0.38627388168098553,1.1272803380674643,-0.31880214776119137,-0.8749542783033727,0.42104460213699935,0.5926325111218821,0.4199278203934809,0.41198951711480364,-0.08048911693376498,-0.19544759491288402,-0.08011076944677127,-0.7856806184947615,-0.1492742574045856,-0.41136228195015395,-0.5417383639136184,-0.6907608482877537,-0.6312724429060766,0.4584189211406085,-0.6287611770665271,0.4727003615530378,-0.6962523624217614,0.4517339506733249,-0.5875360017262597,0.3703360691412504,-0.7556146325738041,0.3449931961101817,-0.7532574490539948,0.34049716813776615,-0.45267378320892004,0.4286386052195378,-0.6005072049693053,0.501461284396765,-0.5515369585316504,0.4848459566732543,-0.6813164045602917,0.55273916907147,-0.7045952543626633,0.48475543653063435,-0.7134354152002629,0.5519268813621305,-0.8175620831422153,0.5595415972296909,-0.6429491371660674,0.5716069050533774,-0.6371186935098442,0.5620785297028308,-0.5939241473625826,0.5799817318510336,-0.5604819066675255,0.71508602462701,-0.657498112993409,0.7727935175369975,-0.7611621790879788,0.7729793691849189,-0.7348293721609201,0.771551264375521,-0.480515419079536,0.6320822548361279,-0.6631571746736367,0.6648004128052167,-0.5866995934261459,0.5847616714165467,-0.5722504544098969,0.6045432336162874,-0.6783224248711363,0.5680465163563696,-0.7459325125961122,0.6118830961087213,-0.7928290942360708,0.5907959724592383,-0.6017605169440465,0.5422098781189749,-0.5418693010458797,0.5893803231908736,-0.5860316225003122,0.6657979090492481,-0.6169370721326418,0.13931177612998796,0.6218251663587656,-0.3421147940000443,-0.45236645535329123,-0.3409789605584133,0.1806604517330982,-0.69828535353734,-0.7313068998079233,0.7439721759646575,-0.1819127737534566,-0.18220000548350718,0.3655289150735829,0.486642519776251,0.45937697048004245,0.5082880914045422,0.45753289806750985,-0.6585241888819359,2,0.0680104518756417,1.0,1,0.6080522,0.57343626,0.5748952446884324,-0.0001533756280468479,0.006889777603168112,0,1,1,0.0680104518756417,0.0680104518756417,1.2347720404706042,-0.29880992218313507
1726185600000,2024-09-13,1726185600000.0,2024-09-13 00:00:00,1726185600000.0,2024-09-13 00:00:00,1726185600000.0,2024-09-13 00:00:00,1726185600000.0,2024-09-13 00:00:00,1726185600000,0.5812243757802923,0.5371581724871728,0.5205829105000913,0.4883650003614348,-0.6199321582558642,0.5812243757802923,0.4575398236669751,0.4740880577348493,0.5697480424605412,-0.606930931639653,-0.8845382831558403,0.8629068963739024,0.13319556304311725,0.5253730740619196,0.5276065152796007,0.5181949177109593,0.6373122591900131,0.26457413577761635,1.523172995957229,1.0294133369627927,1.60604735166968,1.627257285331217,0.49952879803416517,-0.5982562542417085,0.4575398236669751,0.962116281239166,0.5108375685325012,0.41927686932097413,-0.5930203109139994,0.049849943308776484,-0.026450303314381005,0.19677620279784894,-0.3987045037651346,0.02333099655563586,-0.8530528462005627,-0.7154709223125056,-0.621819311441949,0.489393856907476,-0.6581409986422065,0.46096103928811766,-0.6283594751952164,0.47541560840177033,-0.6954056330593054,0.4541015646698032,-0.5871053697963331,0.3729177104735971,-0.7548598043942122,0.34755205254960764,-0.7528244126344633,0.3433305483072407,-0.4525575870657907,0.43146005231987505,-0.6001114572948509,0.504216035581386,-0.5511423858149247,0.4875692140923086,-0.6807636479134467,0.555611616945125,-0.704316990128739,0.48748786353004664,-0.713144746738192,0.5546260730252687,-0.8173911922907905,0.5622580029018388,-0.6428032992792237,0.5744377180030595,-0.6367625690700234,0.5651119460912831,-0.5936865307611137,0.5829979665518469,-0.560267778536864,0.7181282371330964,-0.6572184967323005,0.7758455806255129,-0.7607496401685193,0.7759278003166711,-0.7347182179304574,0.774325206270435,-0.4804527505125882,0.6349113489123343,-0.6629513695651523,0.6676359023137118,-0.5864273054666713,0.5878089484644085,-0.5719176903584136,0.6073069447171207,-0.6780295773673686,0.5709185378734503,-0.7456758079359299,0.6146395177097941,-0.7926345765064307,0.593686660071504,-0.6016366448496038,0.5450892658051645,-0.5415183697514616,0.5920614418102158,-0.5857210778970975,2.8791300165988463,1.3498163317022285,0.7838853722702047,0.4725863667137761,-0.7739311724011543,0.6414759409992236,-1.0024322176901221,-0.990814833009609,1.0292641972363752,-0.1854136469015345,-0.1937425999075254,0.10427578214854727,0.5812243757802923,0.5371581724871728,0.5205829105000913,0.4883650003614348,-0.6199321582558642,2,0.1943559227983782,1.0,1,0.6080522,0.6195908,0.5791469076961113,0.004251663007678874,0.004405038635725722,0,1,1,0.1943559227983782,0.1943559227983782,1.669113222640283,-0.16252947755197167
1726272000000,2024-09-14,1726272000000.0,2024-09-14 00:00:00,1726272000000.0,2024-09-14 00:00:00,1726272000000.0,2024-09-14 00:00:00,1726272000000.0,2024-09-14 00:00:00,1726272000000,0.5598499500609028,0.5377597686343193,0.5932959710442088,0.5834285266478186,-0.7805631736369839,0.5598499500609028,0.48998782579710604,0.47689192181843565,0.572892349391893,-0.45836433099951485,-0.8046791544249556,1.1255916009678688,0.06123781118768084,0.5172132239186358,0.493055752875587,0.5408479697903783,-0.4797792296528567,0.29146970017269563,-0.37988817486890836,0.9418118130197368,1.4115248805665004,0.7771330614751638,0.2857907092295529,-0.6717889983761043,0.48998782579710604,0.7428122638880152,0.5108375685325012,0.44810242991437355,-0.423017106051587,0.0639059301846175,-0.05082236365024574,-0.8594916070102648,-0.4108110222074261,-1.1569162930456955,-0.54397778839397,-0.7191365642405676,-0.6730143001830263,0.5839322109476123,-0.619556814587943,0.49191607828985495,-0.6577329986425153,0.4636819564981904,-0.6275364750463488,0.47776493340526566,-0.6949500995497025,0.4566300137231957,-0.586405381457257,0.3754580727802166,-0.7544264222777943,0.3503826177250295,-0.7526854656665722,0.3461836641687667,-0.45219344873099543,0.43424272721248947,-0.5997063053238401,0.50693105478497,-0.5506246873269397,0.4904594547766683,-0.6804889374538495,0.5583153291249362,-0.7040277298764926,0.4902131046537899,-0.7129831775403641,0.5573443570343786,-0.8172306901861268,0.5650914354614397,-0.6424460858343349,0.577469817974837,-0.6365191107119658,0.5681298794529963,-0.5934682145520004,0.5860505135271424,-0.5600030393773909,0.7211837669736479,-0.6568273118845208,0.7787936272918649,-0.7606368928437282,0.7787006306246581,-0.7346451807172292,0.7771210883510428,-0.48026795121298793,0.6377533497150001,-0.662667291516328,0.6706789001116126,-0.5860919070021162,0.5905772672208347,-0.5716416144346325,0.6101715272260653,-0.677782055842474,0.5736859915591556,-0.7454860964151107,0.6175263787258493,-0.7924967080087791,0.5965572213965803,-0.6012739363431685,0.5477844842167802,-0.5412155470549557,2.7228071577201916,2.8521597195060573,1.4710253596769516,1.087370751621312,-0.041947686080830764,1.844545390170559,-0.4058081428311869,-0.44380411289820054,0.94944109522606,-0.17388750855121873,-0.18781170719302778,-0.15697735077648842,0.5598499500609028,0.5377597686343193,0.5932959710442088,0.5834285266478186,-0.7805631736369839,4,-0.03677482674516952,0.0,0,0.6080522,0.6080522,0.5818965208116342,0.0027496131155229087,-0.0015020498921559655,0,0,0,-0.0006,-0.03677482674516952,1.6675117547066987,-0.19332731091918454
1726358400000,2024-09-15,1726358400000.0,2024-09-15 00:00:00,1726358400000.0,2024-09-15 00:00:00,1726358400000.0,2024-09-15 00:00:00,1726358400000.0,2024-09-15 00:00:00,1726358400000,0.5255879941089777,0.5295365810729878,0.562745706431594,0.5617342939863258,-0.7660424457360255,0.5255879941089777,0.5135790440834989,0.48185814749972145,0.5732161975554372,-0.384676485512493,-0.7253637465493549,1.1180414628806525,0.1980200991044629,0.5100798699966023,0.46543397405074466,0.5576429816269501,-0.13922031756271316,0.2788301740051338,-0.5894077213034976,0.3035404570484971,0.9839725342378407,0.34020984956179207,0.48862167617367697,-0.6182028863943447,0.5135790440834989,0.18866210303035943,0.5108375685325012,0.5345158958149919,-0.17753927047441995,-0.024825052275152085,-0.06854690801065262,-0.516896016565277,-0.417028379096864,-0.015073477861361909,-0.32633855408726525,-0.720377996534122,-0.6677865587821502,0.5625676161782106,-0.7801551703039364,0.5863937055720636,-0.619157085848307,0.49462204350759975,-0.6568997321661988,0.46604034322700033,-0.6270966090534041,0.48027835588354106,-0.6942150141027128,0.45911493418994326,-0.5860083421969093,0.37827750307710645,-0.754287353880737,0.3532331156591246,-0.7522572052056755,0.3490003560763797,-0.4518205124753456,0.4369875065009052,-0.599175527715909,0.5098160092670231,-0.5503693832173967,0.49318957019431064,-0.6802033571022015,0.5610119382592909,-0.7038669745825236,0.4929560023672147,-0.7128314523437079,0.5601791664225356,-0.8168400615282244,0.5681245309356633,-0.6422018524308817,0.5804863396259773,-0.6362953920563553,0.571183589696119,-0.5931983954320017,0.5891144194468777,-0.5596318263624123,0.7241391458192525,-0.6567209517649758,0.7815657297146379,-0.7605627984368991,0.781495491097004,-0.7344311565226479,0.7799321089446687,-0.480012119769478,0.6407978905125842,-0.6623177257578481,0.6734244012697526,-0.5858135969295515,0.5934450196444289,-0.5714084807274854,0.6129284097663885,-0.6775992645508859,0.5765794251132424,-0.745351685218779,0.6203928524223347,-0.7920963903451287,0.599236055293456,-0.600960747589768,-0.5265941730872828,-0.13579859529932703,-1.136652860432177,-1.1631178190256788,-1.1705102290494618,-1.223151859057294,-1.2923789614348435,-1.2686015746873125,1.059355623537789,-0.19374102700902884,-0.20585755188827395,-0.5053148613432027,0.5255879941089777,0.5295365810729878,0.562745706431594,0.5617342939863258,-0.7660424457360255,4,-0.061198462102564966,0.0,0,0.6080522,0.6080522,0.5843845771940883,0.0024880563824540847,-0.000261556733068824,0,0,0,-0.0,-0.061198462102564966,1.6675117547066987,-0.242694438911071
1726444800000,2024-09-16,1726444800000.0,2024-09-16 00:00:00,1726444800000.0,2024-09-16 00:00:00,1726444800000.0,2024-09-16 00:00:00,1726444800000.0,2024-09-16 00:00:00,1726444800000,0.48969154336895904,0.4817416483882953,0.5131580112306621,0.528341461264403,-0.6757815056265255,0.48969154336895904,0.5201224309211909,0.47924307614076395,0.5715785806293199,-0.372688951383951,-0.6594015771031564,0.9326176501396464,-0.26409890396232527,0.5077400388644513,0.4607955812830212,0.5580010442302722,-0.14303916898261393,0.24792760958636648,-0.624111537292088,-0.9101942057193996,0.18769646146775693,0.1633828820997332,0.7859930856174562,-0.32360766244432193,0.5201224309211909,0.029816734427647516,0.5108375685325012,0.5468320795519546,-0.3439422176766867,-0.12608633339194714,-0.05864721474554667,-0.5038002221920964,-0.6597582619177277,0.961021988957238,-0.7069794251029892,-0.7334083203191412,-0.6371230026881294,0.5283214186648921,-0.7656373947724786,0.565042834360555,-0.7797210142258163,0.5890540359334544,-0.6183373020225515,0.49695653566616055,-0.6564530876992973,0.46856121098650344,-0.6263836059212731,0.4827476142845182,-0.6937947156729477,0.46190098427057624,-0.5858820395576116,0.38111764564156136,-0.753858751177465,0.3560469955187336,-0.751818916741308,0.35178138947733323,-0.4513295631193868,0.4398915570881348,-0.5989129836945076,0.5125382803446652,-0.5501038979625664,0.4959125064042279,-0.6800447286825411,0.5637277820796835,-0.703716015726219,0.4958088536997409,-0.712460823542209,0.5632127851182458,-0.8165720465026679,0.5711421201525337,-0.6419774170146154,0.5835390831090532,-0.6360190199991889,0.5742484384435154,-0.5928203628008949,0.5920875136968047,-0.5595314400073632,0.7269251298159267,-0.6566510959725161,0.7843599212212641,-0.7603457944539135,0.7843055587326114,-0.7341360262319266,0.7829693082750283,-0.47969649590473495,0.6435516191749023,-0.6620274009246417,0.6762764559404192,-0.5855785466155287,0.5962064067676208,-0.57123653181095,0.615815545394256,-0.6774698313566647,0.5794529196953653,-0.7449606575267689,0.6230640983891403,-0.7917500987943195,4.0635617333115475,2.122350212095866,2.282922590892678,1.7569269271548298,0.4981062128079605,-0.8018000545615047,0.14044529440675568,0.012256070197743425,1.0132293361624245,-0.17954483150009037,-0.1929527912600909,-0.15697735077648842,0.48969154336895904,0.4817416483882953,0.5131580112306621,0.528341461264403,-0.6757815056265255,4,-0.06829769922898155,1.0,0,0.6080522,0.6080522,0.5866359574072982,0.002251380213209919,-0.00023667616924416546,0,0,0,-0.0,-0.06829769922898155,1.6675117547066987,-0.2944166663467578
1726531200000,2024-09-17,1726531200000.0,2024-09-17 00:00:00,1726531200000.0,2024-09-17 00:00:00,1726531200000.0,2024-09-17 00:00:00,1726531200000.0,2024-09-17 00:00:00,1726531200000,0.5718239842365581,0.5645363932609946,0.5199051777579767,0.4931276013778515,-0.5968290363960151,0.5718239842365581,0.5349740162635516,0.487074998340749,0.5739798772857804,-0.2506842693698445,-0.5810875876892272,1.1041357103327516,0.3832256473122432,0.5101917525614906,0.4678347196682457,0.555087675545671,1.0901885201968387,0.31803465623903454,1.3155189226072446,0.04183444213733713,0.5488952182532592,0.5340975135459881,1.1929477856159882,-0.002249665930451813,0.5349740162635516,0.055963385557916266,0.5108375685325012,0.5468320795519546,-0.055845426522901316,-0.07923208937065705,0.009987307345704579,0.636484999819274,-0.4007514725950243,0.34099822649807887,0.7020571073797114,-0.7183399846358403,-0.6140575516644927,0.4924414781327546,-0.6753948066112055,0.5308186349089486,-0.7652063508580542,0.5677134776814136,-0.7788451117710452,0.5913155996650168,-0.6178995596480634,0.49945777120451995,-0.6557305307623456,0.4710382295379712,-0.6259779416403869,0.485524234606982,-0.6936602430394728,0.4647100834359486,-0.5854894165402372,0.3839204022759119,-0.7534201139053379,0.3588250319399463,-0.7512471725246245,0.3547087031819239,-0.4510890659203215,0.4426421653978755,-0.5986400015776014,0.5152533948422134,-0.5499568839178081,0.49865322624271535,-0.6798957724087135,0.5665608027996855,-0.7033471331771561,0.4988493286833386,-0.7122070424234335,0.5662309354320079,-0.8163256178829743,0.574195594720235,-0.6417001755573459,0.5866031482981905,-0.6356321903477566,0.5772235267735909,-0.5927179366340213,0.5949070372027867,-0.5594655484657856,0.7297320792367064,-0.656446038877915,0.7871693648444489,-0.760046657228375,0.7873425322378306,-0.7337731797972087,0.7856838911404223,-0.4794349559425944,0.6464093340963184,-0.6617820435204982,0.6790155358923682,-0.585405153381937,0.5990962260716208,-0.5711148979777171,0.6186823124352788,-0.6770921798486068,0.5821371986440237,-0.7446225428156422,-0.5156219144722252,0.4862805603141592,-1.1092479246988332,-1.1398443301889454,-1.2121928329415999,-0.8743888780852708,-1.2895496150908632,-1.265500710448306,1.052276663516225,-0.1925446063124202,-0.20542165943108515,-0.4182304837015241,0.5718239842365581,0.5645363932609946,0.5199051777579767,0.4931276013778515,-0.5968290363960151,2,0.16772280832653919,1.0,1,0.6080522,0.60393417,0.5882814484177782,0.0016454910104799492,-0.00060588920272997,0,1,1,0.1671228083265392,0.16772280832653919,2.1133138103973366,-0.17607424811803452
1726617600000,2024-09-18,1726617600000.0,2024-09-18 00:00:00,1726617600000.0,2024-09-18 00:00:00,1726617600000.0,2024-09-18 00:00:00,1726617600000.0,2024-09-18 00:00:00,1726617600000,0.6286379607113791,0.5807777596451855,0.5825605040194614,0.5739935952421737,-0.5912217458642861,0.6286379607113791,0.5595778837907535,0.4975497193444267,0.5769444510629306,-0.07787294572892205,-0.4822547001152025,1.3890622732938243,0.5097517888198551,0.514832687400347,0.484247392885275,0.545975709817951,0.381663979288843,0.30088236174994804,0.8647923483764401,0.9004329722473944,0.9821138960599213,0.2439320073670101,1.3311261704332247,0.1433653157366473,0.5595778837907535,0.13897482416384546,0.5564103374182054,0.5787255856341538,-0.04569618148650396,-0.02512881331642559,0.02878552495920573,-0.07670045292854552,-0.41561349764136873,-0.2073096480078725,0.03859582505166001,-0.7126397224339799,-0.6144171693043624,0.5745361430184792,-0.5964583900788608,0.49496174187414976,-0.6749831079267773,0.533505809301456,-0.7643355214169858,0.56999152240956,-0.7783703163542532,0.593756915858037,-0.6171895496138446,0.5019143272662735,-0.6553185350889853,0.4738195220629118,-0.6258486093844114,0.48832456415433134,-0.6932445932790086,0.46747949478830647,-0.5850874491679613,0.38668658396324146,-0.752847938458021,0.3617504225774265,-0.7509619515465362,0.35749383226696907,-0.45083891308497165,0.44538553538649145,-0.598488654567069,0.5179867240741004,-0.5498188632895733,0.5015044811841434,-0.6795314531252039,0.5695937417668944,-0.7030945948670234,0.501874831603829,-0.7119737772963749,0.5692847942470666,-0.8160216996080351,0.5772602524528871,-0.6413121787757884,0.5895765794028427,-0.6355271329087203,0.5800468255515612,-0.5926506914525691,0.597744811239244,-0.5592716649431797,0.7325534234650872,-0.6561629666867103,0.7902061904756902,-0.7596789959511562,0.7900559109699336,-0.7334715921111943,0.788514675048304,-0.479214292185627,0.6491564575041254,-0.6616008830675301,0.681892065348052,-0.5852824805927512,0.6019658598565292,-0.570758203810571,0.6213541029422223,-0.676765838576192,-0.4711838391718856,0.6561200841524564,-1.0642078569483222,-1.1015589520825784,-0.3483101727332284,-0.49021061260008086,-0.5177219016690625,-0.5664558221036229,1.0468495346798865,-0.19320405292019735,-0.20566136988252878,-0.4182304837015241,0.6286379607113791,0.5807777596451855,0.5825605040194614,0.5739935952421737,-0.5912217458642861,2,0.09935570742222954,1.0,1,0.6080522,0.6193497,0.5912368151465375,0.00295536672875929,0.0013098757182793408,0,1,1,0.09935570742222954,0.09935570742222954,2.422639306456761,-0.09421252217640941
1726704000000,2024-09-19,1726704000000.0,2024-09-19 00:00:00,1726704000000.0,2024-09-19 00:00:00,1726704000000.0,2024-09-19 00:00:00,1726704000000.0,2024-09-19 00:00:00,1726704000000,0.6751338526564464,0.661153188254916,0.6785417869330244,0.633394508288895,-0.5608712875683665,0.6751338526564464,0.5863872933194416,0.516289433294979,0.5819821687114425,0.11891920753413218,-0.36198580145835757,1.6867239173923068,1.0302568807142771,0.5222322424264741,0.5105595962200612,0.5312801455575707,0.19296694365299116,0.2790428193222917,0.682924332675645,1.7032061491150345,1.0632040509129475,0.7280002725246657,1.082133977731108,0.3299851841429098,0.5863872933194416,0.40859179296160747,0.6011010424308514,0.5818635849125455,-0.029689595139775014,-0.21250335058353065,0.04383725133901113,-0.2779094304246891,-0.3049728650190726,-0.0803914026600037,0.5213615206053542,-0.697958910947886,-0.6067584934974961,0.6313239884819378,-0.5908522396272751,0.5770036732117577,-0.5960636129296412,0.49766623596667514,-0.6741438123722413,0.5358102721044744,-0.7638640755223514,0.5724463796943943,-0.777608082539809,0.5961510185183789,-0.6167858688858937,0.5046832998116934,-0.6551869788739889,0.4766241967302856,-0.6254474475353823,0.49108455561728964,-0.6928191574316213,0.4702101382720041,-0.5845606086757957,0.38960436779293345,-0.7525624787733693,0.36453269797065624,-0.750665487649755,0.3602716234529296,-0.4507007607276994,0.44814556276437656,-0.5983465541860736,0.5208325616711322,-0.5494794629571745,0.504544349508241,-0.679282162493214,0.5726111631473861,-0.7028624790872708,0.5049337255915075,-0.7116858257765324,0.5723497634119005,-0.8155978904111817,0.5802349367868507,-0.6412067722370688,0.5923967406556118,-0.6354581415882966,0.5828880692663327,-0.5924529925829918,0.6005949087243939,-0.5590036179042959,0.7355930692161955,-0.6558146095942654,0.7929187807217134,-0.7593733249743959,0.7928858664739379,-0.7332165726553149,0.7912235283461516,-0.4790517403770554,0.6520377789752166,-0.6614726230018022,0.6847475027137516,-0.5849229946899579,0.6046429719458151,-0.5704503087534343,0.8898846336087759,1.4121961107502092,0.15389315714716986,-0.05977200938959342,-0.8832120029983775,-0.04766145538102672,0.268617703495316,0.3950696139045411,1.0065149950132415,-0.15667813652202534,-0.15196119546405082,0.10427578214854727,0.6751338526564464,0.661153188254916,0.6785417869330244,0.633394508288895,-0.5608712875683665,2,0.0739629084639617,1.0,1,0.656096,0.64170563,0.596037657431723,0.004800842285185514,0.0018454755564262237,0,1,1,0.0739629084639617,0.0739629084639617,2.6757876641853797,-0.027217845866340462
1726790400000,2024-09-20,1726790400000.0,2024-09-20 00:00:00,1726790400000.0,2024-09-20 00:00:00,1726790400000.0,2024-09-20 00:00:00,1726790400000.0,2024-09-20 00:00:00,1726790400000,0.6849504811162265,0.670253795642493,0.7087174371447974,0.6774457471714276,-0.6496404715715485,0.6849504811162265,0.6011404153557445,0.5417844385748518,0.5846074498631951,0.2830025641696099,-0.23141637049823485,1.8297576827993642,1.6427469173405744,0.5303602571080985,0.5362805948350022,0.5188439248221034,-0.12760945127353093,0.1273453592043847,0.1092613685215656,0.9743700670160893,0.5134759068993645,1.057151831632864,0.9981216768098623,0.3801028119461209,0.6011404153557445,0.7429151648337142,0.6105365436840179,0.5818635849125455,-0.3460400111986466,-0.6161836394087321,-0.04128880269887442,-0.5753102222763578,-0.4732063775071995,-0.6502779297733106,-0.40237201878871937,-0.702425159686947,-0.6343988107979607,0.6777984951138111,-0.5605079522181049,0.6337550409749252,-0.5904586642639535,0.5796685391736949,-0.5952519004935963,0.4999983771405556,-0.6736931871293615,0.5382868349685543,-0.7631065626349386,0.574854596114455,-0.7771697926424966,0.59888238935271,-0.6166572333708741,0.5074765169726805,-0.654779548901396,0.4793888555059993,-0.6250367775273324,0.49380515972127087,-0.6922633028905775,0.47310511836043706,-0.5843002440342943,0.3923753552362996,-0.7522657676981394,0.3673076436965055,-0.7505005688611263,0.363064174850657,-0.4505710839211961,0.4510109702099243,-0.5979978573600453,0.523870371299559,-0.5492479071538772,0.5075692018538438,-0.679053050160651,0.5756645227782806,-0.702575921676687,0.5080027757597984,-0.7112834512227286,0.5753251064248112,-0.8154817720395953,0.583057470703285,-0.6411375492505443,0.5952351008157191,-0.6352555210802834,0.5857414032736351,-0.5921798150299423,0.603641368215587,-0.5586733154459484,0.7383206967614724,-0.6555253097862462,0.7957481937733741,-0.7591148025901635,0.7955935425748175,-0.7330281310711471,0.7940820497969774,-0.4789368662654607,0.6548983352450573,-0.661098123758886,0.6873982617639085,-0.58461264240521,1.5559058041980394,1.2613126521128657,1.157132851663828,0.8706475278969298,-0.0730536275446031,0.6626169861797676,-0.24317676638676522,-0.31746283335153885,0.7900812324059687,-0.19049785895683508,-0.19936370559623964,0.3655289150735829,0.6849504811162265,0.670253795642493,0.7087174371447974,0.6774457471714276,-0.6496404715715485,2,0.014540269934850025,1.0,1,0.66842264,0.68374497,0.6043808084092823,0.008343150977559333,0.003542308692373819,0,1,1,0.014540269934850025,0.014540269934850025,2.729234609045827,-0.013073330757432222
1726876800000,2024-09-21,1726876800000.0,2024-09-21 00:00:00,1726876800000.0,2024-09-21 00:00:00,1726876800000.0,2024-09-21 00:00:00,1726876800000.0,2024-09-21 00:00:00,1726876800000,0.691400321633088,0.6497806947346649,0.7254375387791304,0.687553419634498,-0.8094366488116109,0.691400321633088,0.6198510251818812,0.5672348042095808,0.588429411987624,0.4150684019870743,-0.09931005666659576,1.851098923973148,1.6416345376970498,0.5420050010288933,0.5624288668473244,0.5134925949715802,-0.7175173760014251,0.10726826117263571,0.05746842830749169,0.4961531194479118,0.6857539562314707,1.3846190976486807,1.097910735576791,0.6395818844991689,0.6198510251818812,0.9323295485265648,0.616735971372344,0.5818635849125455,-0.4285080014724528,-0.6137842563789913,-0.056314474585172074,-1.1142364885256049,-0.528713927975501,-1.2717337526099586,-0.7042091646850139,-0.70676590164428,-0.683512066782294,0.6876106085150484,-0.649259087578463,0.680199694684747,-0.5601208817349177,0.6363924947273238,-0.5896489108110877,0.5819373511851855,-0.5948194873573601,0.5024976810663911,-0.6729650195554179,0.540717674921062,-0.7626714013384757,0.5775944645086198,-0.7770290003428952,0.6016406371499716,-0.6162580352533534,0.5102288686624213,-0.6543624905256434,0.48211443386424396,-0.6244991779765354,0.496693697857268,-0.6919868775999337,0.4758422667092447,-0.5840295186452102,0.3951390455732869,-0.7521007060476373,0.3700975064660543,-0.7503456898194987,0.3659534225337062,-0.4502506965756424,0.45405621675937224,-0.5977596852380584,0.5268930159228653,-0.5490351959605423,0.5106276503183246,-0.6787701358034003,0.5787290873547413,-0.7021754186512027,0.510986750093485,-0.7111737441560491,0.5781488873784724,-0.8154054405718243,0.5858980114691054,-0.6409342757722899,0.5980857450380606,-0.6349757253779797,0.5887886297325807,-0.5918433476054096,0.6064053276380617,-0.558399327108723,0.7411604549776601,-0.6552808317193856,0.7984550990265167,-0.7589237212684308,0.798451362692024,-0.7328946333918566,0.7969182507364968,-0.4785983358672512,0.6575585965985161,-0.6607745570446395,3.038472526938939,2.3381788042017595,1.2567764266622137,0.8851275302796013,-0.6667980875746043,-0.28212410698957585,-0.8759544853944906,-0.8859197688106283,1.0002165963043,-0.1802918758058311,-0.19118629763923628,-0.06989297313480985,0.691400321633088,0.6497806947346649,0.7254375387791304,0.687553419634498,-0.8094366488116109,2,0.009416506294514182,1.0,1,0.7291588,0.7183291,0.6152201280921185,0.010839319682836135,0.0024961687052768022,0,1,1,0.009416506294514182,0.009416506294514182,2.7643509702156273,-0.0037799295642856334
1726963200000,2024-09-22,1726963200000.0,2024-09-22 00:00:00,1726963200000.0,2024-09-22 00:00:00,1726963200000.0,2024-09-22 00:00:00,1726963200000.0,2024-09-22 00:00:00,1726963200000,0.6993164534262878,0.665876097203658,0.7097024388561923,0.6936717730418818,-0.7672150212865362,0.6993164534262878,0.6445606887057002,0.5912635074042755,0.5878206118701108,0.5225132666685195,0.028870843359113163,1.7965904091787834,1.6048638106621307,0.5505247707307345,0.5850314017332096,0.5055336439516952,-0.21360798898608208,0.10515351732291597,0.07945233406678967,0.14452587059007826,0.9538264204090268,0.8099396390722818,0.9638733953016998,0.404887451933686,0.6445606887057002,0.8404088575540791,0.624344762085061,0.5818635849125455,-0.6276452801775613,-0.6028962542871258,-0.3350746241250194,-0.6590898157077175,-0.5596971981210225,0.6833191101854492,-0.22995447834087537,-0.7069421827417046,-0.6706903982726939,0.6940574824932818,-0.8090227748935586,0.6900055052701449,-0.6488529915867998,0.6828147146063919,-0.5593217316272746,0.6386174996693523,-0.5892177911185418,0.5843846226991418,-0.5941169885273485,0.5049522238255685,-0.6725493056624068,0.5434711644072997,-0.7625317079882936,0.580360614985095,-0.7765955389016447,0.6043554264809186,-0.6158493666479271,0.5129413305705633,-0.6538169930431786,0.48500616382187484,-0.6242328576869097,0.49942128681688847,-0.6916995215565244,0.4785722155632702,-0.5838794759569816,0.3979182733121302,-0.7519456924928029,0.3729847833738229,-0.7499678743816016,0.3690077288346017,-0.4500326723236184,0.45708683665390903,-0.5975408552845207,0.5299499525068294,-0.5487721754856087,0.5136963393904134,-0.6783745234114437,0.5817035746633945,-0.7020662713763828,0.513826872207542,-0.7111016672954271,0.5809905742386766,-0.8151821312458527,0.5887506897643656,-0.6406536020179774,0.6011323340911028,-0.634631305404239,0.5915566787413701,-0.5915641309872239,0.6092700809840824,-0.5581679842772668,0.7438820611474055,-0.6551003339176122,0.801312459899053,-0.758788324718636,0.801286814456246,-0.7325060603737726,0.7995333009022955,-0.478306428181484,0.228760542033903,0.5565850522232237,-0.8474961059342356,-0.917921552606805,0.7732979160109579,-1.1040302898969672,0.11992773363307842,0.004411314446598936,1.0560335609913316,-0.1531728864937725,-0.17636155792568217,-0.24406172841816698,0.6993164534262878,0.665876097203658,0.7097024388561923,0.6936717730418818,-0.7672150212865362,2,0.01144941873110783,1.0,1,0.7436705,0.7451449,0.6275792122302914,0.012359084138172993,0.0015197644553368583,0,1,1,0.01144941873110783,0.01144941873110783,2.807450600724478,0.007626211170466579
1727049600000,2024-09-23,1727049600000.0,2024-09-23 00:00:00,1727049600000.0,2024-09-23 00:00:00,1727049600000.0,2024-09-23 00:00:00,1727049600000.0,2024-09-23 00:00:00,1727049600000,0.690047025881007,0.6945540322430804,0.7196520216686314,0.7021189272330677,-0.6828100675926402,0.690047025881007,0.6730575543170089,0.6086953180547016,0.586764300002459,0.5863662169648824,0.14478452549621795,1.6262471381696215,1.3329445795577517,0.5618197313967543,0.6052445496085955,0.5063417399997948,0.09558063209348654,0.026999374513828955,-0.18075365935629994,-0.02432471310462627,1.1348998515663897,0.33375986686231657,0.4131151101077215,0.6133502956524556,0.6730575543170089,0.004223043736715946,0.624344762085061,0.6663927898657203,-0.8425217884239286,-0.7462817682464177,-0.33425972076950194,-0.37437605140747815,-0.5314963618611868,0.8952723902044507,-0.269959726861839,-0.7079988333056394,-0.6447049872293362,0.7019699733420756,-0.7668097319137086,0.6964482380957272,-0.8085824304905953,0.6926157887608445,-0.6480228287579005,0.6850038683566094,-0.5588976129289794,0.6410287784842824,-0.5885171153107384,0.5867849325375971,-0.5937182855420542,0.5077199842092791,-0.6724164433890403,0.5462499824169597,-0.7621013438841275,0.5830838929827037,-0.7761519496842564,0.6070278557764703,-0.6153142414288996,0.5158246441170138,-0.6535463008746056,0.4877384892128051,-0.6239559652790233,0.5021417038565558,-0.6915398668392544,0.48131956153314515,-0.5837386036753524,0.40079775469957,-0.7515675705409468,0.3760383407419865,-0.7497089785304754,0.3720480643056346,-0.4498324750857466,0.46014923482025055,-0.597270413014448,0.5330174162009458,-0.548403269726513,0.5166795500057684,-0.6782668389714683,0.5845257355636613,-0.7019945659993331,0.5166835774743752,-0.7108903499348247,0.583844321612833,-0.8148745151973524,0.5917977608373854,-0.6403081269529205,0.6038969843566587,-0.6343453445217124,0.5944242455875121,-0.5913283029758593,0.6120272062911206,-0.557997384929252,0.7467481803223565,-0.6549725505238178,0.8041474210910953,-0.7583946493240157,0.8039004739160056,-0.7321701062155459,1.4048091372658924,0.5656540026426868,0.054025869910569825,-0.15174436503037747,-0.9128772172040097,-1.0224062190927816,-0.14557964622325356,-0.2403920702369188,1.0456161690359598,-0.18337888839164596,-0.18889974540130172,0.19136015979022583,0.690047025881007,0.6945540322430804,0.7196520216686314,0.7021189272330677,-0.6828100675926402,3,-0.013254982776202962,1.0,0,0.7436705,0.7421102,0.6384739628181105,0.01089475058781908,-0.0014643335503539134,0,0,0,-0.0006,-0.013254982776202962,2.805166130364043,-0.005729856903448627
1727136000000,2024-09-24,1727136000000.0,2024-09-24 00:00:00,1727136000000.0,2024-09-24 00:00:00,1727136000000.0,2024-09-24 00:00:00,1727136000000.0,2024-09-24 00:00:00,1727136000000,0.7266633671905048,0.6923874055035338,0.7234864438590943,0.6928427297855678,-0.6678316005208316,0.7266633671905048,0.6950805957234816,0.6270396924916817,0.5868114489893285,0.6769557451834918,0.25648229991606386,1.5677048087391006,1.3677784190179472,0.573961039580027,0.6294754516036339,0.504294553867891,0.0011517010988050414,0.045870268691930234,0.5150527391455515,0.2404021282609222,0.82054453607543,0.2590293384445826,0.7039330070069139,0.6646323002032432,0.6950805957234816,-0.44210430646782506,0.6506299413754553,0.7248646946443291,-1.1905252002226034,-0.7379554563185503,-0.3165134475765712,-0.47668499826510835,-0.7740501650266005,-0.12320058204900583,-0.6287516813849366,-0.7186731219844631,-0.6410499266414751,0.6927048091758352,-0.6824219395227906,0.7043556463521565,-0.7663784366863278,0.6990554095990127,-0.8076964406947346,0.6947973732868763,-0.6475782335138875,0.6873856911688342,-0.5582068045534401,0.643391573452249,-0.5881196204586754,0.5895200405665855,-0.593591398504282,0.5105120740672133,-0.6720053323525573,0.5489868672514062,-0.7616609114213874,0.5857653691942319,-0.7755736521526896,0.6098854816615837,-0.6150492907990057,0.5185444801654918,-0.6532648814263188,0.49046362902116414,-0.6238023582353179,0.5048800433727558,-0.6913899442433454,0.4841756734555602,-0.5833927053076136,0.40384834961920185,-0.7513084565436984,0.3790778730659034,-0.7494709833076907,0.37511711584085156,-0.44958463350502564,0.4632211251225978,-0.5968915438326884,0.5359980351423504,-0.5483035734935677,0.5195182262178506,-0.6781961043465008,0.587365933507531,-0.7017842956961853,0.5195513340451614,-0.7105988595358816,0.586891646028484,-0.8144966655344931,0.5945649813052697,-0.6400212712862744,0.6067622129798697,-0.6341037308153652,0.5971853689972906,-0.5911543236849234,0.6149144865510789,-0.5578767218954995,0.749592497266976,-0.6545993321263737,0.8067601698939026,-0.7580542041601591,-0.6529052973043618,0.17740108105138386,-1.15277843882023,-1.176576407354601,-0.6825598022898514,-1.0294673443219164,-0.9378877232896525,-0.9320419099171148,0.8213979627357345,-0.18484919962661633,-0.1977731370162701,-0.15697735077648842,0.7266633671905048,0.6923874055035338,0.7234864438590943,0.6928427297855678,-0.6678316005208316,3,0.05306354485442277,1.0,0,0.7436705,0.7504506,0.6491257327500475,0.01065176993193695,-0.00024298065588213014,0,0,0,0.0,0.05306354485442277,2.805166130364043,0.04702964143216848
1727222400000,2024-09-25,1727222400000.0,2024-09-25 00:00:00,1727222400000.0,2024-09-25 00:00:00,1727222400000.0,2024-09-25 00:00:00,1727222400000.0,2024-09-25 00:00:00,1727222400000,0.6824915090445701,0.6980247150181759,0.7325399807700042,0.7286921992482776,-0.7227878526490454,0.6824915090445701,0.7027402679735324,0.6430901452425039,0.5872149899436832,0.6789743794249445,0.3462631631132886,1.2633653585083429,1.1038900887276086,0.5873921519686104,0.6417815277317284,0.5189191826161271,-0.04806128756485092,0.010450510366433,-0.7011644824885962,-0.2164284141597259,0.2111592420195218,-0.10562481692710475,0.6665334016795607,0.7824623860038128,0.7027402679735324,-0.7850236999458597,0.6506299413754553,0.7727174156664768,-1.0402725682151404,-0.6451619849907869,-0.33086995114674933,-0.5017234105026629,-0.8666603997343452,-0.623669973121933,-0.9685879415382698,-0.7384523316718864,-0.6568087155356249,0.7293043091710971,-0.6674465178884867,0.6950964336686472,-0.6820087344376133,0.7069589983962717,-0.7655071975900496,0.7012320209013929,-0.8072149849820179,0.6971729770844233,-0.64685856481928,0.6897177844068252,-0.5578158489375816,0.6461040946678731,-0.5879931577886562,0.592281763932259,-0.5931971283873816,0.5132632148638401,-0.6715845222974662,0.5516828451408159,-0.7610865165819733,0.5886288001991892,-0.7752848036046782,0.6125671990877225,-0.6147738166611619,0.521257166657914,-0.6531086578864161,0.49320643100335876,-0.6236581298946161,0.5077295535283628,-0.6910234230109431,0.4872173875263927,-0.5831565248496478,0.4068847050463249,-0.751070259579753,0.3821463745942292,-0.7491772943834879,0.37819439869345084,-0.44923610472154957,0.46621110633874524,-0.5967888674455852,0.538831804694048,-0.5482381399240381,0.5223736026228848,-0.6779885701891224,0.590218292017861,-0.7014942132800923,0.522601978259519,-0.7102403868947071,0.5896602173570197,-0.814182354162789,0.597431978142673,-0.6397788899724124,0.6095200136759091,-0.6339253915390554,0.6000750311898745,-0.5910312293208738,0.617781408090313,-0.5575226363235581,0.7522226133023315,-0.6542768927856534,4.0635617333115475,2.1962726270675463,1.3597086810430619,0.9536140213659999,-0.9795470434886022,0.5268912102681068,-0.7782052240123576,-0.7951611548163025,1.0561209464426025,-0.1776397267976725,-0.18536672903383425,0.017191404506868704,0.6824915090445701,0.6980247150181759,0.7325399807700042,0.7286921992482776,-0.7227878526490454,3,-0.0607872367595963,1.0,0,0.77638596,0.77450323,0.6610522574928036,0.011926524742756128,0.0012747548108191786,0,0,0,-0.0,-0.0607872367595963,2.805166130364043,-0.016616397275883932
1727308800000,2024-09-26,1727308800000.0,2024-09-26 00:00:00,1727308800000.0,2024-09-26 00:00:00,1727308800000.0,2024-09-26 00:00:00,1727308800000.0,2024-09-26 00:00:00,1727308800000,0.7617184102129195,0.735778174855796,0.7222843453966423,0.6842252770948465,-0.6146192335578196,0.7617184102129195,0.7150553215461398,0.662553767360352,0.5945631106096221,0.7772822142408649,0.43867067268433074,1.29983911638592,1.2351323080831895,0.6089589052019635,0.6546744925969527,0.5504018521583711,0.7208825239575496,0.11716713485346238,1.1653617965777616,0.5603892831938518,0.39211225806677263,0.3828365312643917,1.2641364132288482,1.4195932496572445,0.7150553215461398,-0.4606087659320834,0.684323984470085,0.7802897809613222,-0.7648552575723222,-0.5406514506849822,-0.5212908065169553,0.14429743567029754,-0.7746637763343972,0.7960724294283691,-0.49179141140221616,-0.7465326186088017,-0.626074480465183,0.6851527674226182,-0.7223915962543558,0.7316724239571974,-0.6670365230722272,0.6977042581244106,-0.6811669833594007,0.7091295058742613,-0.7650354812153252,0.7036035386063462,-0.8064433639267705,0.6994985882986561,-0.6464484832101259,0.692411820839325,-0.5576916832335785,0.6488448124338262,-0.5876000837322447,0.5950002865466799,-0.5927934823185537,0.5159743862456018,-0.6710343866181357,0.5545555814138068,-0.7607998283587634,0.5913191320012362,-0.7749845833926386,0.6152418769140452,-0.6146210293358256,0.5239882017079307,-0.6529619659542295,0.49605921216450777,-0.6233045841071396,0.5107687588000951,-0.6907725652509379,0.4902442192302262,-0.5829395367835887,0.40995103098926405,-0.7507763259521274,0.38522321166667484,-0.7487672176250877,0.3811957851513529,-0.4491425034351575,0.4690626009220124,-0.5967214562154434,0.5416826716138889,-0.5480455472338748,0.5252401196290025,-0.6777021670805038,0.593265287310547,-0.7011374325096312,0.5253882512493198,-0.7099425084620477,0.5925281435418712,-0.8139164194520004,0.600192291545911,-0.6395999722422525,0.6124076963094933,-0.6337991608603449,0.6029444971459655,-0.5906706106216686,0.6204534853947473,-0.5572170372976271,2.2916649504634656,0.9649870340444153,0.9083996228258785,0.6188689369234162,-0.3670826482531232,-0.5914687737858227,-0.5780468841415051,-0.581750877435879,0.8924521808671921,-0.18565130047771555,-0.19850204370321242,-0.15697735077648842,0.7617184102129195,0.735778174855796,0.7222843453966423,0.6842252770948465,-0.6146192335578196,3,0.11608481588182729,1.0,0,0.79543126,0.7840482,0.6727522368937865,0.011699979400982885,-0.00022654534177324326,0,0,0,0.0,0.11608481588182729,2.805166130364043,0.09753950718755311
1727395200000,2024-09-27,1727395200000.0,2024-09-27 00:00:00,1727395200000.0,2024-09-27 00:00:00,1727395200000.0,2024-09-27 00:00:00,1727395200000.0,2024-09-27 00:00:00,1727395200000,0.7855958559680418,0.7632570585386317,0.8084265155760363,0.7642748499153788,-0.6695826309536246,0.7855958559680418,0.7293702665907781,0.6770145376435096,0.6031823349779042,0.8755842723326217,0.5331782898753639,1.3290013277943318,1.034020985229689,0.6313544476569689,0.6653852832182073,0.5862134541537177,-0.17003612638462803,0.042235815136093674,0.31154161247859286,0.4409437256231938,0.4701079029603662,0.4881109226080414,0.9301467899377055,1.4750621138733577,0.7293702665907781,-0.16631236190166526,0.7072743966475383,0.7802897809613222,-0.7589293788701656,-0.7696397634732034,-0.527215012342056,-0.6520512578396114,-0.7913852385250344,-0.5452504313411992,-0.3566323097117116,-0.7495306563381038,-0.6430138973789148,0.7643432289825633,-0.614244970119274,0.6875492429731418,-0.7219698229064759,0.7342625813725109,-0.6662000049251193,0.6998819129010325,-0.6807147368256187,0.7114960085641292,-0.7642775871043505,0.7059248909225635,-0.805998853020458,0.7021887220584573,-0.6463175993275391,0.6951353478688529,-0.5573050830675018,0.6515407718732469,-0.5871976566684535,0.5976766946416417,-0.5922645664557653,0.5188568717020912,-0.6707611269880951,0.5572597215572705,-0.7605018451431667,0.5940023993546052,-0.7748174935642753,0.617936998204351,-0.614477572810193,0.5268323576604143,-0.6526028064043792,0.49909966048162463,-0.6230629609771132,0.5137929000957299,-0.6905420036410675,0.4933040231881716,-0.5826713286444646,0.4130261047514612,-0.7503659206905036,0.38822365529971964,-0.748655206756007,0.38406887259273503,-0.44908111453415583,0.47192975810063403,-0.5965232893237752,0.5445449821641333,-0.5477792359831591,0.528290470100236,-0.6773498074665648,0.5960321037064019,-0.7008409888902654,0.5282683555916383,-0.7096906710594568,0.5952897775871635,-0.8137197523474934,0.6030814711643514,-0.6394733254581806,0.6152750476703882,-0.6334301146994991,0.6056212976919444,-0.5903592612730965,0.17071467380082925,1.0929776626326975,-0.577276226094344,-0.6880265973702118,-0.7064430999934964,-0.5733581299034951,-0.8090451453130012,-0.8136699084616259,1.0464957466803388,-0.19055866453931128,-0.2035409910175466,-0.24406172841816698,0.7855958559680418,0.7632570585386317,0.8084265155760363,0.7642748499153788,-0.6695826309536246,3,0.03134681456425348,1.0,0,0.77638596,0.7964702,0.6845209008454138,0.011768663951627345,6.868455064446e-05,0,0,0,0.0,0.03134681456425348,2.805166130364043,0.13194387459630352
1727481600000,2024-09-28,1727481600000.0,2024-09-28 00:00:00,1727481600000.0,2024-09-28 00:00:00,1727481600000.0,2024-09-28 00:00:00,1727481600000.0,2024-09-28 00:00:00,1727481600000,0.7891053863837408,0.7543487946593531,0.8318338955100837,0.7878827539179148,-0.8033561269155983,0.7891053863837408,0.743267006848815,0.6932360290070991,0.6115091994377353,0.9454106083442512,0.6234040000522302,1.2695425284501187,1.2195970367845315,0.6525411672505963,0.6728058720174049,0.6232512865938172,-0.6767116557363491,0.02395819565330219,0.010667376583883965,0.8701976851933944,0.4519405396150037,0.576080385276195,0.6500936105308536,1.3661376475484615,0.743267006848815,-0.028124129875089016,0.7106476707579955,0.7802897809613222,-0.7548152718158624,-0.814653585708147,-0.5269413036035244,-1.0964718064466408,-0.7875144090850636,-1.186488756475737,-0.06483868853440213,-0.7486165309563522,-0.6825059787969819,0.788209692549058,-0.6691971922999509,0.766688836501396,-0.6138463800754029,0.6901607128947491,-0.7211141050455523,0.7364120026983743,-0.6657512135010043,0.7022542879437347,-0.6799842841507899,0.7138121337746689,-0.7638421731676007,0.7086124605009251,-0.8058558755350319,0.7049086196259966,-0.6459120642921188,0.6978128418705092,-0.5569092540854977,0.6541931329468664,-0.5866702478601946,0.6005368735964941,-0.5920030529984072,0.5215754789252559,-0.6704770489570957,0.5599567574207821,-0.7603360482329503,0.5967056367468958,-0.7746605703557161,0.6207548292263606,-0.6141257857503394,0.5298695282313807,-0.652357187957151,0.5021251348052781,-0.6228409395372456,0.5168508616227935,-0.6902573313722601,0.4963738108866496,-0.5822954586819651,0.4160228189839936,-0.7502538115629951,0.39109495774751657,-0.7485816010686787,0.38695587477107524,-0.44889992207983465,0.47480726423347563,-0.5962494824193233,0.5475943358196937,-0.5474510192953641,0.5310751768079394,-0.6770571132673533,0.5988988225556137,-0.700590382369451,0.5310472953140737,-0.709504627407748,0.5981797439988906,-0.8135803377171541,0.6059504216273625,-0.6391031611977969,0.6179479228596184,-0.6331113476745942,1.0430019450373902,1.1723277969822214,0.1413766847565285,-0.07108154964814377,-1.0021053660314825,-0.3314653507882231,-1.1012100146934911,-1.0895312805929052,1.009865673218038,-0.18447008368066198,-0.20080058665174483,-0.3311461060598455,0.7891053863837408,0.7543487946593531,0.8318338955100837,0.7878827539179148,-0.8033561269155983,3,0.004467348432451335,1.0,0,0.82763183,0.81169105,0.6966179509577514,0.012097050112337526,0.00032838616071018123,0,0,0,0.0,0.004467348432451335,2.805166130364043,0.1370006622901041
1727568000000,2024-09-29,1727568000000.0,2024-09-29 00:00:00,1727568000000.0,2024-09-29 00:00:00,1727568000000.0,2024-09-29 00:00:00,1727568000000.0,2024-09-29 00:00:00,1727568000000,0.7786814285951892,0.7461175473886182,0.8327066395588398,0.7908742441585022,-0.813009569114456,0.7786814285951892,0.7545552082160875,0.7111442323088426,0.619802953834418,0.973420654809552,0.7014490622905355,1.1004013725900765,1.4333382485876969,0.6690706016142749,0.6832439248230621,0.6467323645431787,-0.8232356996214486,-0.03952638696360653,-0.1927130805982873,0.07562818125435365,0.34648341283749706,0.2551223931618589,0.36802695843161093,0.9840250225401458,0.7545552082160875,-0.029925260988006134,0.7106476707579955,0.7802897809613222,-0.7198795044028429,-0.8909983355185378,-0.5269522303519573,-1.2231527260621355,-0.9104207076436462,-0.42978385576216965,-0.8975216080722866,-0.7555011305402785,-0.6852731705614715,0.7917176087918922,-0.8029434892955825,0.7905399694333528,-0.668786822193046,0.769262080188005,-0.6130284523921204,0.692344193439455,-0.7206526367649152,0.7387611806154049,-0.6650256305717264,0.7045765338554724,-0.6795670559008479,0.7164965562367315,-0.7637023910752267,0.7113299733952456,-0.8054162552506415,0.7075822150393197,-0.6454969372049424,0.7004455231439227,-0.5563900024781888,0.6570378816886889,-0.5864095686288401,0.6032223795925578,-0.5917311380210802,0.5242869401370105,-0.6703192888345824,0.5626730044504944,-0.7601803423860447,0.5995294169043396,-0.7742780968941665,0.6237819958144828,-0.6138854143075516,0.5328914875365878,-0.6521314716547719,0.5051840092094245,-0.622566626130383,0.5199191560324876,-0.6898593590639331,0.4993593450964048,-0.582193679389771,0.41888706078214805,-0.7501801406703743,0.3939803194206023,-0.7483659745823972,0.3898518923552342,-0.4486489407773304,0.47786021882896046,-0.5959122587489271,0.5503737273577294,-0.5471787998233906,0.5339542035999797,-0.6768097232576777,0.601658740925867,-0.7004052662859185,0.5339475718552984,-0.7093728546587226,0.6010495349265228,-0.8131758655041899,0.6086262652553248,-0.63878341004495,0.7047242072741535,0.4369614755549828,-0.3210085991149483,-0.4715909634758758,-0.7904404949776795,-1.2550880889213814,-0.9795894012906318,-0.9827470476671811,1.056869199753874,-0.19181234524498206,-0.2037493530513182,-0.06989297313480985,0.7786814285951892,0.7461175473886182,0.8327066395588398,0.7908742441585022,-0.813009569114456,3,-0.01320984239674483,1.0,0,0.8232342,0.8315176,0.7094502673754376,0.01283231641768623,0.000735266305348703,0,0,0,-0.0,-0.01320984239674483,2.805166130364043,0.12198106273625742
1727654400000,2024-09-30,1727654400000.0,2024-09-30 00:00:00,1727654400000.0,2024-09-30 00:00:00,1727654400000.0,2024-09-30 00:00:00,1727654400000.0,2024-09-30 00:00:00,1727654400000,0.6889538909608045,0.7276380962721134,0.729109691542978,0.7809406267552585,-0.6451612807987054,0.6889538909608045,0.7543997299704943,0.7252434942604674,0.6253230599947429,0.8618570656361715,0.7405269212642889,0.559300617191497,0.979251763037973,0.6800023085220137,0.6807539998452105,0.673203220893844,0.4835859224411517,0.018631709228014142,-1.3551935395891277,-0.8865630059048687,-0.1084365624937672,-0.045552593340596255,-0.09993734829125742,0.5861454600283184,0.7543997299704943,-0.024033905686547175,0.7106476707579955,0.7802897809613222,-0.22943821258827912,-0.6323766630239437,-0.4029359831662033,-0.020751117889739615,-0.8333677214273018,3.4650573164254617,0.10575442633585305,-0.7498411375020062,-0.6331387992972589,0.7812984453968387,-0.8125949687465314,0.7940456323644738,-0.8025044481041128,0.7931016924768579,-0.6679496922996512,0.7713844719200964,-0.6125919355594315,0.6947213550410352,-0.719909186655838,0.7410592483691041,-0.6646116295460066,0.7072646414464935,-0.6794336616958769,0.7192111423319419,-0.7632717768553804,0.7140010073106885,-0.8049663890423485,0.710210741337343,-0.6449538273723304,0.7032776439803909,-0.5561338386435991,0.6597004903701478,-0.5861385174848592,0.6059008350603698,-0.5915804077858366,0.5270168174395978,-0.67017115011572,0.5655063207245512,-0.7598006429148619,0.6025588442790147,-0.7740158859255155,0.6267932269599659,-0.6136645504259006,0.5359479548046947,-0.6518526765372816,0.508253043505278,-0.6221825601234209,0.5229015319370267,-0.6897509687506028,0.5022024204299854,-0.5821268634809358,0.4217659333378866,-0.7499643303975342,0.3968748067385187,-0.7480686896828481,0.39290923366137515,-0.44833914497471355,0.4806588111151167,-0.5956324007864534,0.553249097488838,-0.5469489744465142,0.5367316120778677,-0.676627031073359,0.60454768519719,-0.7002741607743768,0.5368283762209295,-0.7089889166295394,0.6037269387223502,-0.8128259172055452,1.2620419418329294,0.48893473168410995,0.01860251011897961,-0.1834962910037698,-0.8025560899228938,-1.3009302693304736,-0.6948856227597316,-0.718546391281388,1.0558485746064579,-0.1867529421878356,-0.18806345750478637,0.6267820479986186,0.6889538909608045,0.7276380962721134,0.729109691542978,0.7809406267552585,-0.6451612807987054,3,-0.11523009839371812,1.0,0,0.8232342,0.8238114,0.72032886232099,0.010878594945552433,-0.001953721472133796,0,0,0,-0.0,-0.11523009839371812,2.805166130364043,-0.0073049255187299655
1727740800000,2024-10-01,1727740800000.0,2024-10-01 00:00:00,1727740800000.0,2024-10-01 00:00:00,1727740800000.0,2024-10-01 00:00:00,1727740800000.0,2024-10-01 00:00:00,1727740800000,0.5912858111456523,0.6746623265254145,0.6219369448959849,0.6909722178601071,-0.5318741407679699,0.5912858111456523,0.735144773864336,0.7266205602188118,0.6297685966204173,0.6315493788075704,0.723569435886684,-0.21880929620641712,0.003369357865702856,0.6866947300366021,0.6703154703799925,0.6997925721443791,1.2884336776440717,0.03703116544854729,-1.523410612096072,-1.7400209771470692,-0.8593041839811252,-1.2013068694716718,-0.5861602123017383,0.2964184379770216,0.735144773864336,0.7367961178278665,0.7106476707579955,0.6864225459302452,0.041373464492167146,-0.48838599464324384,-0.3342238218103103,0.8061015979166262,-0.5538553665408655,0.48277117293502964,0.8547277654506342,-0.729401746455643,-0.5940679457294582,0.6916121770319352,-0.6447808075193467,0.78363316172412,-0.8121538585752863,0.7966056620925465,-0.8016205826212417,0.7952056732300022,-0.6675004969622287,0.7737114418226357,-0.6118836528442558,0.6970485899405743,-0.7194833448891949,0.7437327988648722,-0.6644793689328089,0.709982654689331,-0.6790210514352658,0.7218790324247191,-0.7628310894788821,0.7166268036562918,-0.8043803312741215,0.7130401960575178,-0.6446844568809463,0.7059215137681522,-0.5558674631513976,0.6623561145725052,-0.5859882865198819,0.6085995257816147,-0.591438888136566,0.5298601247585538,-0.6698086937868973,0.5685393720080185,-0.7595404061964003,0.6055724998668043,-0.7737748248877165,0.6298423474273939,-0.6133916410877808,0.5390150381186772,-0.6514625940374895,0.5112369842687655,-0.622078329316641,0.5257386278413343,-0.689679765700897,0.5050618398646377,-0.5819303745520599,0.4246543675955073,-0.7496667983593763,0.39993178541316643,-0.7477032542112154,0.395731216542253,-0.4480825475775979,0.48354739072586633,-0.5953960225857364,0.556021309696791,-0.5467795186222756,0.5396309763560562,-0.6764976691710242,0.6074163842588113,-0.6998920156514888,0.5395262244371606,-0.7086570420920736,-0.43990816384410447,1.0060441836867455,-1.062901472626074,-1.1005114156575966,-0.15880424961858242,-0.9787160136207557,-0.7976354769882482,-0.8240108378505022,1.0515131485205065,-0.19374102700902884,-0.20585755188827395,-0.5053148613432027,0.5912858111456523,0.6746623265254145,0.6219369448959849,0.6909722178601071,-0.5318741407679699,3,-0.1417628684540062,1.0,0,0.79103357,0.7780606,0.7258205907958823,0.005491728474892321,-0.005386866470660112,0,0,0,-0.0,-0.1417628684540062,2.805166130364043,-0.14803222677735817
1727827200000,2024-10-02,1727827200000.0,2024-10-02 00:00:00,1727827200000.0,2024-10-02 00:00:00,1727827200000.0,2024-10-02 00:00:00,1727827200000.0,2024-10-02 00:00:00,1727827200000,0.5848036847295213,0.6030221122837637,0.6141160384623306,0.5941069844277141,-0.638489182169075,0.5848036847295213,0.7212504857397286,0.7235189660290556,0.6316711292051013,0.43328171963486417,0.6684919306991307,-0.7481460149576932,-0.35343440773486,0.6915382298441881,0.6623779815599341,0.719481993260977,0.2520788266741956,0.0250041561986545,-0.14306715137547482,-1.7133835239326387,-0.6583086450560848,-1.387262883347641,-0.6516889443614151,0.163758451465027,0.7212504857397286,1.180030890562896,0.7106476707579955,0.679751260058627,0.01211538889572417,-0.5947509776261458,-0.4086762880358314,-0.17188559768751846,-0.48198546700732614,-0.691681486438913,0.6850016508935497,-0.716728565493299,-0.6278816046943142,0.5939890186579802,-0.5315167011477568,0.6940045033775388,-0.6443756715329261,0.7861982209138295,-0.8112666205311437,0.7987069367819326,-0.8011405295133366,0.7975175163314989,-0.6667743447442098,0.7759863623600942,-0.611481116826187,0.6997397012827715,-0.7193469251083734,0.7464372740972324,-0.6640699536471222,0.7126542260543729,-0.6785987133957784,0.7245014781970658,-0.7622563794898813,0.7194545066523425,-0.8040871870678661,0.715680109522484,-0.6444044060172206,0.7085584531306619,-0.5557199345756232,0.6650332324087852,-0.5858472369641576,0.6114199732108748,-0.5910915146183696,0.5328969728323628,-0.6695607290205945,0.5715569138352143,-0.7593011709417984,0.6086232806277815,-0.7734774172606691,0.6329034761651917,-0.6130094599792927,0.5419948525562417,-0.6513565636406763,0.5140770428263838,-0.6220098865577909,0.5285925518583995,-0.6894709112492958,0.5079321282160318,-0.5816588240116921,0.427709911859441,-0.74930106591923,0.40275183468889997,-0.7473994708582664,0.39863588810852585,-0.4478661238937089,0.48633837416341785,-0.5952216286829802,0.5589175782153919,-0.5466596781716462,0.5425108062283608,-0.6761202092284508,0.6100917612063691,-0.6995617191928278,1.152554781856111,3.0085120226816726,0.09184305436582886,-0.11082044507040754,-0.7000947400914731,0.5184574931977037,-0.6419000739376189,-0.604901255761138,0.9951646710569758,-0.19162733441982968,-0.2039327615917126,-0.15697735077648842,0.5848036847295213,0.6030221122837637,0.6141160384623306,0.5941069844277141,-0.638489182169075,3,-0.010962763343790538,1.0,0,0.6833,0.68889344,0.7223078982090586,-0.00351269258682374,-0.009004421061716061,0,0,0,-0.0,-0.010962763343790538,2.805166130364043,-0.15737214785173415
1727913600000,2024-10-03,1727913600000.0,2024-10-03 00:00:00,1727913600000.0,2024-10-03 00:00:00,1727913600000.0,2024-10-03 00:00:00,1727913600000.0,2024-10-03 00:00:00,1727913600000,0.5887756212087716,0.5721999233072796,0.608543347899267,0.5887521278412186,-0.6636497967378829,0.5887756212087716,0.6966525693018804,0.7174084923666966,0.635846899991008,0.27641428846617494,0.5915864207301841,-1.051250905392574,-0.6501818508226408,0.6919108258275113,0.6621113992322569,0.7205958993455703,-0.1595837207731172,-0.007716645656768523,0.022339519368536447,-0.9495602241443704,-1.056071471195994,-1.382507946510019,-0.5918207593468493,-0.1427575258422626,0.6966525693018804,1.3727459159151398,0.7106476707579955,0.679751260058627,-0.45091400413246174,-0.6774025896299017,-0.48583747380458714,-0.5646744238867382,-0.6364666524226188,-0.39212047114216875,-0.5194564095043539,-0.7240996568323282,-0.6360467301929632,0.5875098736300486,-0.6381100654677497,0.596444053287083,-0.5311358454954079,0.6966128552606248,-0.6435470735702183,0.7883075331156597,-0.8107843406465397,0.8010165565313633,-0.8003708853355831,0.7997766703385949,-0.6663599664457157,0.7786459764662035,-0.6113528834008939,0.7024605079960223,-0.7189257874049881,0.7490943036018363,-0.6636508718731521,0.7152805951944513,-0.6780466886710901,0.7273270312362304,-0.7619695168164605,0.7220918206860308,-0.8037825187412624,0.7183131039745309,-0.6442489734789402,0.7112179159709267,-0.5555814294849115,0.6678378668265035,-0.5855009346436328,0.6144481340843674,-0.5908542842951607,0.5359185862952119,-0.66933284284635,0.5746103559497733,-0.7590059779118928,0.6116857550321978,-0.7730623483127103,0.6358706966763656,-0.6129057929635126,0.544827098989215,-0.6512869266555753,0.5169336896814264,-0.6218088122163595,0.5314577140744157,-0.6891827327351208,0.5109833723935572,-0.5813243116501107,0.43052231264355845,-0.7489970307182124,0.40565517599878753,-0.7471425678078948,0.40144973889589136,-0.4477067673203964,0.48924582593745514,-0.5950982360717991,0.5617941011499628,-0.5463078029288532,0.5452068454771063,-0.6757940365679883,1.9392582912982956,2.030529268671408,0.4296547664288612,0.16657766431728038,-0.4531362086154398,-0.2835012667177202,-0.7466859788019746,-0.7181666612522614,1.0489270930143328,-0.1247608546017009,-0.0930153755064069,0.19136015979022583,0.5887756212087716,0.5721999233072796,0.608543347899267,0.5887521278412186,-0.6636497967378829,1,0.006791914249116626,1.0,0,0.6080522,0.6140493,0.7120098089714942,-0.010298089237564367,-0.006785396650740627,0,0,0,0.0,0.006791914249116626,2.805166130364043,-0.1516490917360258
1728000000000,2024-10-04,1728000000000.0,2024-10-04 00:00:00,1728000000000.0,2024-10-04 00:00:00,1728000000000.0,2024-10-04 00:00:00,1728000000000.0,2024-10-04 00:00:00,1728000000000,0.6412624029928713,0.6071475736416662,0.6081662974729655,0.5910627582377609,-0.6984857066065121,0.6412624029928713,0.6761238023269,0.7143172427399186,0.6411030359994033,0.2189184936193266,0.5180240552354426,-1.0048278149768293,-0.3525064569691852,0.6959279052937013,0.6603117638929114,0.7313536675613712,0.41093879321071997,0.04226689479702764,0.7898616074995828,0.3880576296355663,-0.8908891994048281,-0.979931343220836,-0.5118589621021112,0.0987219492865528,0.6761238023269,1.120239705935337,0.7106476707579955,0.679751260058627,-0.24157835724287197,-0.5749804012318809,-0.45516692852712165,-0.05739050368586312,-0.5068932469576695,-0.47721727573125644,-0.4414205121909898,-0.7284448488268377,-0.6484082425168763,0.5914799832574623,-0.6632655643542329,0.5899690701411272,-0.6377063594828601,0.599099529100498,-0.5303468259352182,0.698791352911489,-0.6431035115491156,0.7906237566340681,-0.810011557976244,0.8032733931583498,-0.7999276845237852,0.8024267917908828,-0.6662275733120349,0.781337490940532,-0.6109548185542951,0.7051350799686468,-0.7184947583370854,0.7517051745494702,-0.6631028728657904,0.7181086657346002,-0.6777723833650452,0.7299611548901678,-0.7616713529592766,0.724722223205069,-0.8036128580335137,0.7209688393341712,-0.6441030263232461,0.7140096092054784,-0.5552409252124954,0.6708600184497024,-0.5852644666922879,0.6174604314904021,-0.5906363253155213,0.5389748167254141,-0.6690514157668397,0.5776749873791791,-0.7585938819599464,0.6146558216277639,-0.7729488442324137,0.6386790997861096,-0.6128377243421045,0.5476765660809045,-0.6510824862877775,0.5198013917655897,-0.6215310956511855,0.5345077434972305,-0.6888282397452923,0.5137728444763466,-0.5810467530488705,0.43342039204418853,-0.7487399116152023,0.4084671364355329,-0.7469527067841503,0.40437081425344407,-0.44759419167137154,0.4921342949965051,-0.5947368159650405,0.5644840016775128,-0.5460041493886345,0.8357610832311209,0.8170003771040634,0.008884040839036845,-0.19026155788414809,0.41605092682362527,-0.688046464031514,-0.010310399533399536,-0.084533192955922,1.0466988870850191,-0.1182867477208685,-0.164714154460616,-0.3311461060598455,0.6412624029928713,0.6071475736416662,0.6081662974729655,0.5910627582377609,-0.6984857066065121,0,0.08914564376212275,1.0,-1,0.6080522,0.6087505,0.7021872773683969,-0.009822531603097318,0.0004755576344670498,0,-1,-1,-0.08974564376212275,0.08914564376212275,2.4636690463726962,-0.0760223038826523
1728086400000,2024-10-05,1728086400000.0,2024-10-05 00:00:00,1728086400000.0,2024-10-05 00:00:00,1728086400000.0,2024-10-05 00:00:00,1728086400000.0,2024-10-05 00:00:00,1728086400000,0.640439858409186,0.6034225845197927,0.6358805895760815,0.6443866258776189,-0.8250231966367868,0.640439858409186,0.6549788777228506,0.710711418915933,0.6486325490356487,0.1683470519871657,0.4485859647341411,-0.947557902654123,-0.3983132977377788,0.7015949629626258,0.6543249638879456,0.7505465183559208,-0.07872897002942492,0.1015538880391925,-0.053345124701971634,0.4412299205937816,-0.913453008454887,-0.4149863339135288,-0.31574695992705776,0.2135077724789092,0.6549788777228506,0.6300145602016384,0.7006284195273101,0.679751260058627,-0.25085095272932584,-0.5775433686094696,-0.5567485032708158,-0.5113857996288038,-0.37940612785030237,-1.2805563830201057,-0.6956701150319463,-0.731702203823505,-0.6879504741666187,0.6439426242794419,-0.6980943913494334,0.5939366295666811,-0.6628564658055711,0.5926276735195992,-0.6368800925085163,0.6013533348466968,-0.5299293960604017,0.7011644204752683,-0.6423852991129644,0.7928874763108019,-0.8095662772571804,0.805922119371061,-0.7997851672209375,0.8051094781546125,-0.6658177845236195,0.7839805986406885,-0.6105473049598195,0.707764647048491,-0.71793198890393,0.7545233003897083,-0.6628307959848023,0.7207465251770155,-0.67748722254617,0.7325883762323625,-0.761505451643536,0.7273755094900952,-0.8034535141844933,0.7237578003104167,-0.6437455638884721,0.7170268429287228,-0.5550085837345924,0.6738658716026855,-0.5850472127528438,0.6205102821486499,-0.5903669394996373,0.5420417080824607,-0.6686577999776548,0.5806496160817864,-0.7584812671309371,0.6174696130578772,-0.772874247634934,0.6415066535794182,-0.6126377045382819,0.5505375708689396,-0.6508002434118685,0.5228520230680991,-0.6211891740255022,0.5372907383269372,-0.6885337363084941,0.5166551496888313,-0.5808123473987654,0.4362248750851936,-0.74854988777846,0.4113870855869552,-0.7468181880442891,0.4072738362327464,-0.4472618373770407,0.49484637130522974,-0.5944247612342195,-0.41507907564998703,-0.048218861657516966,-1.082909181558538,-1.1174852784971165,-0.31973725019806265,-0.8956471876690532,-0.5657610299657073,-0.620919426841872,1.0511459450080167,0.0482941267309433,0.014095679916411457,-0.15697735077648842,0.640439858409186,0.6034225845197927,0.6358805895760815,0.6443866258776189,-0.8250231966367868,1,-0.0012826957885668788,1.0,0,0.656096,0.65830314,0.6980128023770202,-0.0041744749913766865,0.005648056611720631,0,0,0,-0.0006,-0.0012826957885668788,2.4615908449448725,-0.07720748618219175
1728172800000,2024-10-06,1728172800000.0,2024-10-06 00:00:00,1728172800000.0,2024-10-06 00:00:00,1728172800000.0,2024-10-06 00:00:00,1728172800000.0,2024-10-06 00:00:00,1728172800000,0.6697910856074824,0.6267393447560865,0.6358659722355953,0.6423349007807369,-0.8180369950869487,0.6697910856074824,0.6394912382952477,0.7086222841640526,0.6599245418242577,0.16429567212891247,0.3921872504962968,-0.7664923974347291,-0.26469778914335707,0.7104814925651826,0.6401969843669435,0.7861644096602445,0.2982466565768611,0.14905995206407857,0.41390943513988004,0.6728207426234629,-0.6988278289538911,0.4599718587741971,-0.5360819345436295,0.43920664249578173,0.6394912382952477,-0.11803084506496538,0.6143845225252483,0.679751260058627,-0.14087840593468598,-0.5491523004811797,-0.7280427484667674,-0.17850851623312744,-0.15178372832031878,-0.038893298957036665,-0.34159474737069684,-0.7324580102764588,-0.685986674523785,0.6431204580167825,-0.8246061536456184,0.6463655711855568,-0.697677826573545,0.5965933165231423,-0.662021408628467,0.5948864773838632,-0.6364380695522834,0.6037882769353619,-0.5292480151333416,0.7034873881955731,-0.6419761825794011,0.7955403466444442,-0.8094230293680447,0.8086035081704289,-0.7993468439394308,0.8077431031355412,-0.6653983220818553,0.7865766322292777,-0.610013607679506,0.7105947696054421,-0.7176517358932556,0.7571464026202778,-0.6625479426795581,0.7233774715315053,-0.6773288366041127,0.7352386566760247,-0.7613496474924324,0.7301626752847874,-0.8030655248326564,0.7267739957226482,-0.6435011532788057,0.7200274221805966,-0.5547951459507263,0.676911309142196,-0.584778682120644,0.6235720027055341,-0.5899894885596114,0.5450211165311779,-0.6685507127404936,0.5834720446747208,-0.7584072606496566,0.6203021190078497,-0.7726558281856829,0.6443472176034352,-0.6123614060145548,0.5535866150943588,-0.6504528828473719,0.5256382272100016,-0.6209053319000275,0.5401685874035362,-0.6882847942100659,0.519437216940914,-0.5806394399711592,0.4391403694604318,-0.7484152519205931,0.41428890453564626,-0.7464268713765004,0.4100129273591664,-0.4469753657693621,-0.32123993106712434,-0.2758663397313064,-0.8639188051959219,-0.9313562145220454,-0.44244410240226073,-1.1278063369080655,-0.6802950318922245,-0.7103721640118802,1.0439916611890199,-0.18929201344502133,-0.2010009409223587,-0.06989297313480985,0.6697910856074824,0.6267393447560865,0.6358659722355953,0.6423349007807369,-0.8180369950869487,0,0.04582979465269843,1.0,-1,0.71683216,0.7095586,0.6991110960598222,0.0010982936828020096,0.005272768674178696,0,-1,-1,-0.04642979465269843,0.04582979465269843,2.300869892842421,-0.034916094766874184
1728259200000,2024-10-07,1728259200000.0,2024-10-07 00:00:00,1728259200000.0,2024-10-07 00:00:00,1728259200000.0,2024-10-07 00:00:00,1728259200000.0,2024-10-07 00:00:00,1728259200000,0.6466553163661533,0.6837719815546065,0.6946975590154435,0.6716374601634398,-0.6453824898970459,0.6466553163661533,0.63347504756934,0.7055520047742309,0.670227985993011,0.1262559248357392,0.3391038555652964,-0.7204556888431071,-0.33587361597882176,0.7141738442497173,0.6357078636814333,0.7993548996060995,0.30807734779195683,0.16878211863726078,-0.394600646988081,-0.020861491509623083,-0.34238356258830394,0.34468227833815207,-0.7436903306572146,0.07598426970897224,0.63347504756934,-0.3217320448553673,0.5959657064657163,0.679751260058627,-0.43918826519898757,-0.5372915730600619,-0.708004915599325,-0.1560138309758326,-0.18125675179558554,3.4650573164254617,-0.2141691316795414,-0.7324912661145144,-0.6319719858292842,0.6724581854162792,-0.8176213725375461,0.6455439330417981,-0.8241624686464664,0.6489969337632376,-0.6968305989977313,0.5988490577801387,-0.6615735818284758,0.5973255260188329,-0.6357220263249345,0.6061757359233527,-0.5288633071724721,0.7061759303704054,-0.6418456376883671,0.7982255894511954,-0.8089826469635574,0.811235739371977,-0.7988982996149916,0.8103290303826401,-0.6648498524553361,0.7893852374054967,-0.6097494474812676,0.7132356740916432,-0.7173604162809941,0.7597626343312893,-0.6623908904125082,0.7260312716776516,-0.6771801086378053,0.7380236191768942,-0.7609697240164129,0.7331781884933003,-0.8027993882024116,0.7297734615013622,-0.6432765539825369,0.7230692480754964,-0.5545312441524702,0.6799694528698069,-0.5844023792258471,0.6265404749138532,-0.5898872363820536,0.5478525943298895,-0.6684803744253879,0.5863124886425715,-0.7581905044921684,0.6231473024124817,-0.7723547875763159,0.647391417923544,-0.6120211883462698,0.5563643567047838,-0.6501644281580348,0.5285182841872433,-0.6206655358095721,0.542944322297941,-0.6881009324023433,0.5223393567571443,-0.5805171166419609,0.44203742974907745,-0.7480236205498466,0.4170257624571781,-0.7460885023149082,0.12274626741915458,0.4184328197212329,-0.5735633294410406,-0.6841081367074445,1.1239641932419724,-0.9077471942796621,0.2190986464226552,0.07879968898209824,1.0370577487087558,-0.1355840379518369,-0.1530034589025215,-0.15697735077648842,0.6466553163661533,0.6837719815546065,0.6946975590154435,0.6716374601634398,-0.6453824898970459,1,-0.03454176942403697,1.0,0,0.7291588,0.7280254,0.7018615647588109,0.0027504686989886507,0.001652175016186641,0,0,0,-0.0006,-0.03454176942403697,2.2988893709067155,-0.06825180049628599
1728345600000,2024-10-08,1728345600000.0,2024-10-08 00:00:00,1728345600000.0,2024-10-08 00:00:00,1728345600000.0,2024-10-08 00:00:00,1728345600000.0,2024-10-08 00:00:00,1728345600000,0.6422765107744383,0.6341605642000724,0.6885704220408059,0.6495537610247779,-0.7146539311911773,0.6422765107744383,0.640727532485298,0.6995810202492402,0.6794718710271666,0.08720830316318734,0.2884616963174325,-0.686556554145573,-0.5915414552567203,0.7148468019783426,0.6353383851887978,0.8012362915980448,-0.3985869631096578,0.1316817216012539,-0.10824699955309634,-0.05272271900133797,0.19916208619435585,0.2854914676807652,-0.7782749897299303,-0.12392072291170309,0.640727532485298,-0.3911989508513349,0.5959657064657163,0.679751260058627,-1.1625445657860427,-0.5872883255160067,-0.7113439450393277,-0.8088694394069219,-0.5331503240072993,-0.6771843652700162,-1.0822685323258896,-0.7599697701894158,-0.6534826163808175,0.6493330572369992,-0.6450019716412233,0.6748628153377596,-0.8171791848602213,0.6481756924895077,-0.8232710334782225,0.6512122044839659,-0.6963747365363891,0.6012855901202966,-0.6608493584722616,0.5997172652235606,-0.6353143473455753,0.608903106760203,-0.528741336013939,0.7088943477735569,-0.641441058084643,0.8008619604366202,-0.8085320040150865,0.8138201811790831,-0.7983138760902578,0.8131311506391709,-0.6645775150643725,0.791994211662663,-0.6094747918281259,0.7158696567062445,-0.7171984707375084,0.7624025308542794,-0.6622434181829355,0.7288188141346138,-0.6768163095964601,0.7410382950911311,-0.7607093278736086,0.7361769226843485,-0.8025546967194881,0.7328145248735576,-0.6429991137458143,0.7261244645679846,-0.5541611552568686,0.6829303600855587,-0.5843004704394995,0.6293512477865045,-0.5898201066616812,0.5507013550052898,-0.668273957300434,0.589165076644512,-0.7578917005186866,0.6261925974002004,-0.7719848391410147,0.6501433311092417,-0.6117387912843616,0.5592385917402678,-0.6499206750922524,0.5312971566019,-0.6204885662526698,0.5458426895124321,-0.6879707291423628,0.5252221515016305,-0.5801585697586725,0.4447654540941607,-0.7476849744932609,0.9942178628053016,1.1412439605388316,-0.3270523546614851,-0.47370711664593196,-0.648939365701569,-0.33947121623029763,-0.8282684908957253,-0.8485287904353986,1.0307500576032351,-0.18823457121364737,-0.1988460043452177,0.017191404506868704,0.6422765107744383,0.6341605642000724,0.6885704220408059,0.6495537610247779,-0.7146539311911773,0,-0.0067714677060438655,1.0,-1,0.71683216,0.7251765,0.7040793974095999,0.002217832650789009,-0.0005326360481996417,0,-1,-1,0.006171467706043866,-0.0067714677060438655,2.3192483601250777,-0.07456110333938992
1728432000000,2024-10-09,1728432000000.0,2024-10-09 00:00:00,1728432000000.0,2024-10-09 00:00:00,1728432000000.0,2024-10-09 00:00:00,1728432000000.0,2024-10-09 00:00:00,1728432000000,0.5825684972602849,0.6092008648827876,0.5247037599775085,0.6445877068887388,-0.7081895176427543,0.5825684972602849,0.6404096183652137,0.6925107396108342,0.6840154736755598,-0.026482503682126693,0.2241444002091741,-0.8764502664323311,-0.6635610379517627,0.7102794124076923,0.6383112425585101,0.7879253265645776,1.737508946461909,0.297403405665124,-0.964526687825461,-0.8416865199573408,-0.11548085998483813,-0.49112051633476317,-1.0032533739786247,-0.455386914989521,0.6404096183652137,-0.37672226087839095,0.5959657064657163,0.6774508460236853,-0.8062044536405681,-0.5391985028994655,-0.761576057605351,1.241929651623472,-0.2250875247189887,-0.1781476990303796,-0.6924702834794153,-0.7704482861560928,-0.6501334246017287,0.6449562656324361,-0.7142593285938589,0.6517525415958689,-0.6445967882440302,0.6774804130942781,-0.816290190416467,0.6503915974426899,-0.822785982388769,0.6536154854825204,-0.6956391874539656,0.6036747066132928,-0.6604362584478521,0.6024472130773466,-0.6351843074084915,0.6116576345840178,-0.5283609210707204,0.7115663532675938,-0.6410269047576245,0.8034508142766619,-0.8079449859638679,0.8166213482757523,-0.7980216365151164,0.8157305017468705,-0.6642943920034468,0.7945963561535496,-0.6093224775628733,0.7185263257643324,-0.7170463911883564,0.7651798818994857,-0.6618824805768885,0.731834470482076,-0.6765673892210524,0.7440361313771279,-0.7604699451836472,0.7392174850546108,-0.802252885517356,0.7358691233419923,-0.6426108501118752,0.7290791806825532,-0.5540611051365802,0.6857268106128653,-0.5842335685970266,0.6321809795195733,-0.5896227332287944,0.5535617008469437,-0.6679890562703211,0.5922121263204699,-0.7575244396862564,0.6289503475166701,-0.7716772285096487,0.6529997970427898,-0.6115002348690735,0.5620091909293007,-0.6497407236369606,0.5341973930434565,-0.620363320868792,0.5487214543060476,-0.6875910084223954,0.5279236944898378,-0.5798490439793488,-0.20859459060950442,1.0366012841631,-0.8346424648816513,-0.9063445774914798,-0.8949225638774083,-1.149672419739106,-0.88843616515132,-0.9052633655909956,1.04090744707155,-0.18852254388822412,-0.19826291940765348,0.10427578214854727,0.5825684972602849,0.6092008648827876,0.5247037599775085,0.6445877068887388,-0.7081895176427543,1,-0.09296309691001958,1.0,0,0.71683216,0.7086274,0.7045120260658219,0.0004326286562219561,-0.0017852039945670528,0,0,0,-0.0006,-0.09296309691001958,2.3172568111090026,-0.16059276917395182
1728518400000,2024-10-10,1728518400000.0,2024-10-10 00:00:00,1728518400000.0,2024-10-10 00:00:00,1728518400000.0,2024-10-10 00:00:00,1728518400000.0,2024-10-10 00:00:00,1728518400000,0.5709850628986469,0.5611745366113097,0.5695850320116539,0.5844011684653222,-0.6641726364676716,0.5709850628986469,0.6378792401446763,0.6790149665297979,0.687404130595588,-0.13273498635292932,0.1504443646892844,-1.0067395086156472,-1.3516485504749711,0.7046560940467994,0.6407536557596742,0.7729555128002331,0.26599462293209175,0.25518451806179926,-0.22437138815552435,-0.7457458744623218,-0.20750036264197258,-0.5649917159540886,-0.6700747181645696,-0.5206027721904123,0.6378792401446763,-0.2641151766094578,0.5959657064657163,0.6655293873786785,-0.7995999233716079,-0.7951806266793633,-0.7644792929521305,-0.15029303060765667,-0.13479603009212276,0.14717263980937625,-0.21662643097429995,-0.7705268881372652,-0.6357005031896581,0.5852757142125837,-0.7077962293967224,0.6473785614255325,-0.7138392985535623,0.6543813021435462,-0.6437681129989167,0.6796736864464273,-0.8158067508465631,0.6527953995383665,-0.8220092938909347,0.6559699443975195,-0.695218581768824,0.6064030753945774,-0.6603043143195352,0.6052041375113141,-0.6347811509936502,0.6143684281037051,-0.527971395965393,0.714193185086759,-0.6404849987835793,0.806254812435321,-0.8076513101955313,0.819219284963497,-0.7977179049257027,0.818323050847041,-0.6641371838255473,0.7972229418953292,-0.6091794664522943,0.7213159711452993,-0.7166749549272113,0.7681916653133245,-0.6616355966862667,0.7348333581737383,-0.6763386193011427,0.747076078848879,-0.7601745733209393,0.742271677461372,-0.8018319049699825,0.73882253233592,-0.6425053637550788,0.7318639099704243,-0.5539954367238099,0.6885433793390816,-0.5840368374570206,0.6350235751297035,-0.5893499932919207,0.5566105889199865,-0.6676385015950095,0.5949792326960331,-0.7572191083119857,0.6318108290655325,-0.7714170421559524,0.6557451455859792,-0.6113241995068729,0.5649044984664958,-0.6496133332523927,0.5370781545740085,-0.6199969222530123,0.5514155164322553,-0.687262845872725,1.3331115920806127,1.6114856542716152,0.4721603430569906,0.23889799415958898,-0.531899560446691,-0.8807454959500425,-0.34864278729258324,-0.3587505826732688,0.892280917690511,-0.19132771343485597,-0.20453970598635993,-0.3311461060598455,0.5709850628986469,0.5611745366113097,0.5695850320116539,0.5844011684653222,-0.6641726364676716,0,-0.019883386101570588,1.0,-1,0.66878825,0.66034997,0.7003111134618769,-0.004200912603944951,-0.004633541260166907,0,-1,-1,0.01928338610157059,-0.019883386101570588,2.3812247549956824,-0.17728302724091627
1728604800000,2024-10-11,1728604800000.0,2024-10-11 00:00:00,1728604800000.0,2024-10-11 00:00:00,1728604800000.0,2024-10-11 00:00:00,1728604800000.0,2024-10-11 00:00:00,1728604800000,0.6584940412421305,0.6429064604906408,0.6164816942361219,0.5732526929281019,-0.6497500640222343,0.6584940412421305,0.6403301223131853,0.670021587690268,0.694040171994426,-0.09888315803361811,0.09857193063316193,-0.7036402186717916,-0.8231727160987937,0.7030324217644073,0.6391098378004353,0.7713694512266077,0.8598649704895145,0.3507713176962806,1.3544533201373459,0.07607462615106719,-0.0024778082502495027,-0.1655626186370296,0.2083634082130164,-0.2689754130599411,0.6403301223131853,-0.22127728634409546,0.5959657064657163,0.6655293873786785,-0.4457164752610836,-0.49818590508112354,-0.6531302362462673,0.34544790867632125,-0.047019689418451506,-0.13699251367979598,0.23568975463533937,-0.7632001341769709,-0.6336772509995999,0.5736976075339156,-0.6637882977797038,0.5877363458370561,-0.7073775848457275,0.6500094347057424,-0.7129864223886814,0.6565924145964431,-0.6433244999511174,0.6820588939998425,-0.8150323336775471,0.6551504015882674,-0.8215614247447944,0.6586774466734509,-0.695084001209112,0.6091585313006759,-0.6598957910315519,0.6079175053509447,-0.6343684481571651,0.6170365988071642,-0.5274599378335935,0.7170215525134442,-0.6402162946848845,0.8088569502132854,-0.8073460914412863,0.821810423723721,-0.7975487856244976,0.820940570062897,-0.6639895647963572,0.7999905360843126,-0.6088286943554667,0.7243324266445651,-0.7164205991390432,0.7711863997141266,-0.6614087101040026,0.7378740256634662,-0.6760561202758356,0.7501297728808796,-0.7597622372940834,0.745224227635013,-0.8017166326742673,0.7416047869309137,-0.6424360878004669,0.7346697062462284,-0.5538021821083712,0.69137369647282,-0.5837649612142612,0.6380682568804846,-0.5890140517189575,0.5593874979026785,-0.6673473380978288,0.597846151041693,-0.756960877262185,0.6345618839680254,-0.771224706899723,0.6586254096535433,-0.6111996261272078,0.5677799948660331,-0.6492411708938159,0.5397759232748002,-0.6196804855421705,0.8444560837096993,2.970045986506595,-0.32682019687161956,-0.47608292450115725,0.8260280295678423,0.4540582393950836,1.1604584076500037,0.9183753570145015,1.053077163481109,-0.03201627607195914,-9.746044814011127e-05,0.017191404506868704,0.6584940412421305,0.6429064604906408,0.6164816942361219,0.5732526929281019,-0.6497500640222343,1,0.1532596630448404,1.0,0,0.6080522,0.6298699,0.6936103964627035,-0.006700716999173406,-0.0024998043952284554,0,0,0,-0.0006,0.1532596630448404,2.3791960201426847,-0.051193701214587994
1728691200000,2024-10-12,1728691200000.0,2024-10-12 00:00:00,1728691200000.0,2024-10-12 00:00:00,1728691200000.0,2024-10-12 00:00:00,1728691200000.0,2024-10-12 00:00:00,1728691200000,0.6847908761588132,0.6489017687149506,0.689812509240303,0.6600434097324621,-0.7853292784500784,0.6847908761588132,0.646638235156865,0.6626405765620177,0.7005227005435684,-0.03784716593429454,0.06985315588278265,-0.38212721565943597,-0.6663983579308752,0.7023156960538517,0.6380191052127344,0.7710946360073667,-0.17964878845122262,0.39690453266724257,0.36360246010649255,0.8695050265348057,0.1546053032430521,0.17156249394510822,0.3692001914082515,-0.21198276437873761,0.646638235156865,-0.0802610493016913,0.6103831353339051,0.6655293873786785,-0.4203783663713543,-0.46776346512075984,-0.658496418451166,-0.6226811074479507,-0.07127034316626565,-1.1153110851492936,1.0411983156253057,-0.7572326829061449,-0.6760549943576126,0.6611663370117277,-0.6493686577466978,0.5761656763608723,-0.6633790871731041,0.590396027672469,-0.706526967111604,0.6522239234870116,-0.7125268303741885,0.6589922790851885,-0.6426062155962566,0.684394515123511,-0.814585969761465,0.6578582308728355,-0.8214172676471756,0.661413496855867,-0.6946680472636406,0.6118703217203928,-0.6594776183668647,0.6105884196721182,-0.6338283354229041,0.6198914920884238,-0.5272080880565239,0.7196598525139005,-0.6399369338646534,0.8114522779453457,-0.8071761126025507,0.8244266103326969,-0.7973899515429104,0.8237015184518722,-0.6636282926794241,0.8029986117040372,-0.6085890452623204,0.7273321713377163,-0.7161868025587136,0.7742242229695313,-0.6611284954869284,0.7409283032694716,-0.6756610654481368,0.7530812689920892,-0.7596495506563931,0.7480048562772211,-0.8016408626710502,0.7444083088306628,-0.6422326650272364,0.7374899748189085,-0.5535349807637726,0.6944154685585345,-0.5834300574797749,0.640822737126247,-0.5887352810561373,0.5622611601178212,-0.6671012612299001,0.600606352904842,-0.7567700154843212,0.6374455476889457,-0.7710884083438875,0.6614848363887658,-0.6108350332262041,0.5704679898202473,-0.6489196610565269,0.5296244993849656,1.0609053862062323,0.014638869490316465,-0.17318915780710814,0.07096495472965623,1.0850099916303688,0.187654085602742,0.13672135706891544,0.9725321468730043,-0.19298714195006278,-0.19633574625999564,4.3706543726740295,0.6847908761588132,0.6489017687149506,0.689812509240303,0.6600434097324621,-0.7853292784500784,0,0.03993481074950722,1.0,-1,0.66842264,0.6620669,0.6906098216244478,-0.003000574838255665,0.003700142160917741,0,-1,-1,-0.040534810749507225,0.03993481074950722,2.242220948980713,-0.013303301234652176
1728777600000,2024-10-13,1728777600000.0,2024-10-13 00:00:00,1728777600000.0,2024-10-13 00:00:00,1728777600000.0,2024-10-13 00:00:00,1728777600000.0,2024-10-13 00:00:00,1728777600000,0.6710558563087684,0.6407086638433415,0.6972285965745898,0.6888934616578802,-0.7940046958852284,0.6710558563087684,0.6468181254211681,0.6550252836845697,0.7034615850630703,-0.009965166005363466,0.0527158209357728,-0.22130669734661304,-0.6805893224332511,0.7013786276499393,0.6368704625652721,0.7704121855718897,-0.42695671668326884,0.4336838310449554,-0.24948857237562094,0.8542639287225007,-0.09499623460042499,0.10797114359514971,0.2821288486549281,-0.22596957764739062,0.6468181254211681,-0.07590827310654226,0.6103831353339051,0.6655293873786785,-0.44239503850018763,-0.46670239403033537,-0.8047271109784484,-0.8439848755708032,-0.2162740911578559,-0.3761263016721007,0.4565762734247771,-0.7536197471980193,-0.6785761372630216,0.687451076966314,-0.784920306067643,0.6635782202575501,-0.6489625382665671,0.5788309470944684,-0.6625438473348324,0.5926565550037177,-0.7060688662548936,0.6546265620296349,-0.7117860247365142,0.661343177002361,-0.642197051401517,0.6870906756122672,-0.8144423413895538,0.6605945851713045,-0.8209743226814793,0.6641044426081961,-0.6942423013959329,0.6145395548840903,-0.6589307432902672,0.613445073446089,-0.6335606239672946,0.6225691545290601,-0.5269461797311673,0.722291238155606,-0.6397819001512165,0.8140724226444994,-0.807016469213714,0.8271865819154633,-0.7970031237932521,0.8267070685390286,-0.663381170717255,0.8059893699077486,-0.6083688494083817,0.7303734257145975,-0.7158982064087218,0.77727619532585,-0.6607365073734593,0.7438810336394821,-0.675553547780916,0.7558599020413047,-0.7595754965221415,0.7508068838387777,-0.8014191358797877,0.7472264558612811,-0.6419517905153009,0.7405293656688616,-0.5532056945148155,0.6971544340366994,-0.5831521669695764,0.6436809691122141,-0.5884998356160346,0.5650309453049074,-0.6669195586032453,0.6034954660715189,-0.7566347768613533,0.6403086059858728,-0.7706923092060746,0.6641430009691193,-0.6105201858679253,1.4074993056959382,0.6516463477192735,-0.28941483024796744,-0.4451318001692138,-1.1914026790860364,-0.9794089442225824,-1.285324683016813,-1.2593455648126868,1.0595957489116339,-0.19360793780132937,-0.20507788082506886,2.107216467907154,0.6710558563087684,0.6407086638433415,0.6972285965745898,0.6888934616578802,-0.7940046958852284,1,-0.02005724715125934,1.0,0,0.7291588,0.72093093,0.6934941150687574,0.002884293444309516,0.005884868282565181,0,0,0,-0.0006,-0.02005724715125934,2.2402756164113242,-0.033093720785120406
1728864000000,2024-10-14,1728864000000.0,2024-10-14 00:00:00,1728864000000.0,2024-10-14 00:00:00,1728864000000.0,2024-10-14 00:00:00,1728864000000.0,2024-10-14 00:00:00,1728864000000,0.7969526703321546,0.7616690067631515,0.7132848565878682,0.6731189078069794,-0.5555250806339648,0.7969526703321546,0.6681951471228172,0.6626669836806544,0.7112185262827599,0.1791275920874152,0.07859651077887428,0.37604399142757905,0.4461437358752672,0.7048468650776839,0.6485901147725437,0.7642384357778439,1.278685455384924,0.5074783147828957,1.8846805009530996,1.1627619759638246,0.7659202732878277,1.4158020026307974,0.6233272120372018,0.04714616974393879,0.6681951471228172,0.7577937039705666,0.7181902866197014,0.6655293873786785,0.14878173656297725,-0.24046334830307511,-0.5878161255630596,0.6070651058975254,-0.05000326228844253,3.4650573164254617,0.4244524508386678,-0.7401108839868372,-0.6097845499372098,0.6737223743991287,-0.7935939596078964,0.6898460761965788,-0.784485128491257,0.6662012687317709,-0.6481323371500552,0.5811004059658975,-0.6620958999304698,0.5950970196710591,-0.705330162304192,0.6569803513185236,-0.7113619354848796,0.6640485352859965,-0.6420664897690626,0.6898161780012576,-0.8140008866123171,0.6632858575900376,-0.820521068013074,0.666751460274228,-0.6936860635771225,0.6173951299124809,-0.6586592885581473,0.6161253483299491,-0.6332822910198398,0.625239789066813,-0.5268012330464363,0.724945453376974,-0.639636328513549,0.8168352955233034,-0.8066277973033601,0.8301917607973637,-0.7967378138757993,0.829695118389757,-0.663154063966831,0.8090244702052335,-0.6080967503593832,0.7334281789921802,-0.7154949664682402,0.7802240500936402,-0.6606299069895326,0.746662003436637,-0.6754829238280445,0.7586600955454074,-0.7593586060507768,0.7536236369480507,-0.8011136478728009,0.7502653439634479,-0.6416060742143919,0.7432556340432059,-0.5529325679873788,0.7000019923757111,-0.582917476585081,0.6464288272906304,-0.5883261446232395,0.5679257678876329,-0.6667909085299518,0.6063643455497402,-0.7562415258253892,0.6429735118920705,-0.770349730713906,0.5726155180785409,0.08477854207644821,-0.6687372753754658,-0.7664909334057153,-0.40861482066555804,-0.9335401068200023,-0.6404615638488997,-0.6857107721511329,1.0581831200145009,-0.1416195053194845,-0.12059190372511665,0.19136015979022583,0.7969526703321546,0.7616690067631515,0.7132848565878682,0.6731189078069794,-0.5555250806339648,2,0.18761003698842327,1.0,1,0.7436705,0.7435738,0.6982579397470318,0.004763824678274409,0.0018795312339648929,0,1,1,0.18701003698842328,0.18761003698842327,2.8462396792890923,0.14830760202272186
1728950400000,2024-10-15,1728950400000.0,2024-10-15 00:00:00,1728950400000.0,2024-10-15 00:00:00,1728950400000.0,2024-10-15 00:00:00,1728950400000.0,2024-10-15 00:00:00,1728950400000,0.8356027268403367,0.8150948606436027,0.8064175771211226,0.79907026829476,-0.5141648814176606,0.8356027268403367,0.6956922294551741,0.679954184374727,0.7213608226523831,0.37521133628977216,0.14035533087030094,0.8742497068302494,1.2842848100323776,0.7124017280857393,0.6710107341179896,0.7544109051601493,0.6986840784862461,0.45274269313892385,0.5216371173694828,1.258392985628366,1.0164791086089264,1.7775482786357406,0.811765744398634,0.3080659412884948,0.6956922294551741,1.4127119994593702,0.7553397680442107,0.6655293873786785,0.11820868251649773,-0.5641205937901456,-0.6081495515071881,0.07644028623605424,0.14290100328066488,-0.04732452475543213,1.8152356789021264,-0.7099700289261172,-0.5992084155425876,0.7995612834617667,-0.5551628322800579,0.676126192268198,-0.7931569226674777,0.69245643669517,-0.7836075609329738,0.6684032527998026,-0.6476877166261565,0.5835482089519508,-0.6613715065904758,0.5974902347937497,-0.7049074658594371,0.6596874504284628,-0.7112261312908472,0.6667825915685542,-0.6416618629804351,0.6924957938362266,-0.813549150719304,0.6659332234053874,-0.8199308210954942,0.6695927803204044,-0.6934094261240963,0.6200738040163077,-0.6583770794823279,0.6187985877751228,-0.6331278513866347,0.627931089920649,-0.5266651589643364,0.7277333000857451,-0.6392797217681138,0.8198415769538245,-0.8063611748959124,0.8331794125717119,-0.7964938869354513,0.8327283639675092,-0.6628735822951698,0.812074235606295,-0.6077156570272138,0.7363819154073975,-0.7153850005562026,0.7829957892064101,-0.6605598917551856,0.7494643445379661,-0.6752757016092068,0.7614751378425991,-0.7590596214648234,0.756662194728758,-0.8007383553228444,0.7529889316116999,-0.6413190139644966,0.7460944571947464,-0.552701964475783,0.7027346828500927,-0.5827443545872664,0.6493105865128752,-0.5882032576437586,0.5708007462513894,-0.6664153613138072,0.6090400574075063,-0.7559014541731895,0.8451375799244787,1.318875595999076,0.21304347964046613,-0.01521596592838082,1.1084796804239765,0.36129368578296933,0.3188645019240699,0.1699523323119719,1.0379184954037768,-0.19053141169959495,-0.19650908456947647,0.8009508032819758,0.8356027268403367,0.8150948606436027,0.8064175771211226,0.79907026829476,-0.5141648814176606,2,0.048497304729619106,1.0,1,0.76135933,0.7760053,0.7056536539597731,0.007395714212741322,0.0026318895344669135,0,1,1,0.048497304729619106,0.048497304729619106,3.032771937078728,0.20399742572135593
1729036800000,2024-10-16,1729036800000.0,2024-10-16 00:00:00,1729036800000.0,2024-10-16 00:00:00,1729036800000.0,2024-10-16 00:00:00,1729036800000.0,2024-10-16 00:00:00,1729036800000,0.8570832703586865,0.8341436318917,0.8828640345943989,0.8376625500654282,-0.6378662254262382,0.8570832703586865,0.7347368839823274,0.6992199475671235,0.7333802378138763,0.5514817887154129,0.22666832456740155,1.2152103294342445,1.396252697430313,0.7171072517211442,0.6887772095059987,0.743861207423197,-0.17819571942806292,0.4128082111280556,0.2672619947050187,1.577546445471409,1.5263374321126197,1.2616268170839624,0.763568923625539,0.11961186175300463,0.7347368839823274,1.5828731019862035,0.7759863368856913,0.6655293873786785,-0.29581089768185953,-0.5837793136204278,-0.6456314622549866,-0.6842835486083162,-0.27681057556861177,-0.7388244153925774,0.47144385521506343,-0.699397859720442,-0.6355659731750876,0.8381935632690657,-0.5138110424624788,0.8018842686460901,-0.5547769076258707,0.6787431797847434,-0.7922763242341705,0.6946381442864383,-0.783131666110299,0.6707956172385999,-0.646968012301244,0.5859490727390521,-0.6609582939162851,0.6002210712627204,-0.7047721509014514,0.6624231256689465,-0.7108067285897804,0.6694713955723955,-0.6412476615633446,0.6951307364833589,-0.8129607814620008,0.6687747668479697,-0.8196353579968207,0.6722503010667358,-0.6931218503884932,0.6227454472990271,-0.658220399560937,0.6214923499628802,-0.6329828391119052,0.6307461205473435,-0.5263301942080135,0.7307490720547805,-0.639035920152934,0.8228304110890275,-0.8061160341670628,0.8362123855409372,-0.7961930030908527,0.8357766261196828,-0.6624812356730551,0.8150174226645467,-0.6076123153756412,0.7391647898894222,-0.7153127519231682,0.7857896468115736,-0.6603543852603164,0.752281390117701,-0.6749897179657414,0.7645132902073581,-0.7586921436035061,0.7593840210537779,-0.8004262125444951,0.755825910512354,-0.6410764571450169,0.7488147345980561,-0.552531922264601,0.7056074056739644,-0.5826218769089975,0.6521716103951924,-0.5878431961990657,0.5734877795675313,-0.666090872195337,0.12288721499424626,1.4892792206311882,-0.4123141944053497,-0.547492816217119,-0.690904262502133,0.45708554244065697,-0.6960643122889866,-0.719332851275342,1.0422433367730954,-0.1909158860686468,-0.2001994601273071,0.3655289150735829,0.8570832703586865,0.8341436318917,0.8828640345943989,0.8376625500654282,-0.6378662254262382,2,0.02570664602732231,1.0,1,0.83275515,0.8174269,0.7162860771644814,0.010632423204708363,0.003236708991967041,0,1,1,0.02570664602732231,0.02570664602732231,3.1364409777741296,0.23494816136218222
1729123200000,2024-10-17,1729123200000.0,2024-10-17 00:00:00,1729123200000.0,2024-10-17 00:00:00,1729123200000.0,2024-10-17 00:00:00,1729123200000.0,2024-10-17 00:00:00,1729123200000,0.8493107201104457,0.816065820888888,0.8810463084542023,0.8592441796172857,-0.7160214741713449,0.8493107201104457,0.7743235663645626,0.7176547028101532,0.7424583635180216,0.6709378682553561,0.32072936969155647,1.3228002031950832,1.3209524570518785,0.7202510910629148,0.7003324223570284,0.7371795552035513,-0.44212583716659504,0.38658501673591883,-0.1511079059442462,0.37169975545053685,1.557061199292514,1.0179931151959491,0.8450178624634338,0.022644478455612984,0.7743235663645626,1.146651752629238,0.7759863368856913,0.755592026300656,-0.32128760111499655,-0.5692895466183949,-0.7358224295851048,-0.9071855157555196,-0.4417334096154014,-0.7180476244977695,-0.6126426845931204,-0.7071926410516848,-0.6578614268804133,0.859664227029624,-0.6374872353851259,0.8404917329895717,-0.5134339823577365,0.8044405121334303,-0.5539796252883024,0.6809354779209088,-0.7917984282375103,0.6970138491966613,-0.7823678827569336,0.6731386979203309,-0.6465579070795662,0.5886845142873761,-0.660826310218711,0.6029788221034313,-0.7043541270890981,0.6651136686772191,-0.7103774678074998,0.6721161306398307,-0.6407056961355986,0.697964308371819,-0.8126663577371507,0.6714326190983301,-0.819328288478467,0.6749008520105251,-0.6929620686955971,0.6254377012992913,-0.6580732779176163,0.6243091847572493,-0.6326275069814515,0.6337722229310713,-0.5261017952062008,0.7337480837377295,-0.6388118840537242,0.8258641937562583,-0.8058136780487843,0.8392604267441138,-0.7957732674788208,0.8387166338071023,-0.6623745280557943,0.8177803246836401,-0.6075444626692307,0.7419688814987435,-0.715100950407684,0.7885987789708754,-0.6600707087585579,0.7553200172059558,-0.6746378623926063,0.7672329547941464,-0.7583866281750226,0.7622197882223045,-0.8001621382026156,0.7585435671571051,-0.6408974071572929,0.7516800621394922,-0.5524116600020134,0.7084587767373487,-0.5822629152806941,0.6548327397851409,-0.5875323373343169,2.386802822175405,0.6750704403448358,0.33550653707547157,0.08814918797923406,-0.6129484255898475,0.39326400224262764,-0.6829098734204958,-0.7031774038864828,1.0416951469139941,-0.19237079308917993,-0.19410696314318196,3.500566510174011,0.8493107201104457,0.816065820888888,0.8810463084542023,0.8592441796172857,-0.7160214741713449,2,-0.00906860572017465,1.0,1,0.83751816,0.8398078,0.7280360722100927,0.01174999504561125,0.0011175718409028867,0,1,1,-0.00906860572017465,-0.00906860572017465,3.098929225461922,0.22374890340193399
1729209600000,2024-10-18,1729209600000.0,2024-10-18 00:00:00,1729209600000.0,2024-10-18 00:00:00,1729209600000.0,2024-10-18 00:00:00,1729209600000.0,2024-10-18 00:00:00,1729209600000,0.8886771875418582,0.8566447389999275,0.9014164081513462,0.850985413889027,-0.5963389800341122,0.8886771875418582,0.8070628660525413,0.7351611002817232,0.7509656847121011,0.8078203141855176,0.42463743336871046,1.4595364514004743,1.2855794349605911,0.7251641949363248,0.7192118786950481,0.7257809608384275,-0.1021262711446204,0.3389666117698162,0.5206801137975157,0.3711428994775196,1.220919776433557,1.3835057247310822,1.0551551460626325,0.1290791468719387,0.8070628660525413,1.0586851305513152,0.8063536311553711,0.7685204164609271,-0.49591267039066766,-0.5991006244592391,-0.7643535941441785,-0.6308884581365417,-0.6544718946147164,0.8579820923640589,0.17333914042405638,-0.6991629968245286,-0.6245986678935497,0.8518952516869163,-0.7156265935237652,0.8619486050587686,-0.6370836629158129,0.8430293281879975,-0.5126511497680595,0.8065357360843477,-0.553556739809079,0.6833198842188228,-0.7910318243635099,0.6993395657997381,-0.7819285659662266,0.6758393496319952,-0.6464270149028662,0.5914465478240131,-0.6604176754066432,0.6056930776282612,-0.7039262716473524,0.6677602571131042,-0.7098168845038318,0.6749559860146819,-0.6404369591264668,0.7006103314152679,-0.8123603644808219,0.6740835005898984,-0.8191572399525132,0.6775731762087254,-0.6928120265443561,0.6282534305861553,-0.6577131391891108,0.6273359727595959,-0.6323846125103263,0.6367823128356207,-0.525892003417477,0.7367888361385039,-0.6385351269510119,0.8289128912190328,-0.80539196597625,0.8421999671244874,-0.7956583675550667,0.8414735165146588,-0.662304441660316,0.8205660605237002,-0.6073450514398506,0.7447875599554722,-0.7148088089635023,0.7916355307936447,-0.6597216255100188,0.7580422130891441,-0.6743455956518527,0.7700672347582692,-0.7581282392308273,0.7649357229444214,-0.7999668730353446,0.761407333340387,-0.6407706652349804,0.754523533449085,-0.5520586513257228,0.7111019874457407,-0.5819530244514401,1.1460180626385224,1.9065493936823492,0.16243336566236707,-0.059459261909121784,0.12379241990484405,-0.04285868489248446,0.4753324201350611,0.33921610717864864,1.0444861889963544,-0.1886782686776064,-0.18651439677103707,1.2363726914903685,0.8886771875418582,0.8566447389999275,0.9014164081513462,0.850985413889027,-0.5963389800341122,2,0.046351077996864554,1.0,1,0.8341382,0.83817214,0.7385127568497244,0.010476684639631695,-0.0012733104059795552,0,1,1,0.046351077996864554,0.046351077996864554,3.288919013694935,0.2804709842720945
1729296000000,2024-10-19,1729296000000.0,2024-10-19 00:00:00,1729296000000.0,2024-10-19 00:00:00,1729296000000.0,2024-10-19 00:00:00,1729296000000.0,2024-10-19 00:00:00,1729296000000,0.8865820160402484,0.845127649642474,0.9356988501148217,0.8911902639766976,-0.8249886256890141,0.8865820160402484,0.8357639273993815,0.7525774501326591,0.7578833234996404,0.9011194450154316,0.5272980254860852,1.4422139918246064,1.2748886740870657,0.7304882604644528,0.7374498407194543,0.7160157162694395,-0.8194823561368066,0.270216082508983,-0.0700453434783989,0.17355927758751236,1.0453685317427672,0.4878542302163567,1.3661315404898813,0.1551667565773837,0.8357639273993815,0.7679452487292632,0.8063536311553711,0.7685204164609271,-0.43565678658877155,-0.597816552439417,-0.7883212543179394,-1.2346651219862927,-0.7878199460876776,-1.4364466253715373,-0.9229546050748075,-0.7051252508143694,-0.6894377765053039,0.8912436129115189,-0.5959684333557271,0.8541846201211697,-0.7152062703840011,0.8644758360968863,-0.6362576135798763,0.8450947505686811,-0.5122378049196268,0.8088403844350689,-0.5528676695731843,0.6856546702009998,-0.7905906383883831,0.7020297630116616,-0.7817874129610083,0.6785690288311067,-0.6460214564908794,0.594165403608723,-0.6599993890784566,0.6083649380124303,-0.7033674257645769,0.670601301735871,-0.7095378416192873,0.6776113332952254,-0.640157564227781,0.7032494178222256,-0.8121899380026625,0.6767561371172259,-0.8189965893876199,0.6803742968704298,-0.6924452328823614,0.6312797984742635,-0.6574668238599943,0.6303467979139118,-0.6321614153363859,0.6398306517645667,-0.525632524055814,0.7398431825648458,-0.638147780393434,0.8318538195882093,-0.8052764748744253,0.8449559651077255,-0.7955828446616704,0.844253720283183,-0.6620987345918588,0.823367616685952,-0.6070695712689027,0.7478265739911782,-0.7144495540085573,0.7943477274819001,-0.6594317098757373,0.7608782345014674,-0.6740985723455165,0.7727810560999894,-0.7579372584668688,0.767798463265196,-0.799828466875431,0.7642491367833221,-0.640400245332558,0.7571520797186692,-0.5517540001609299,1.6919586126784618,0.8115676896200917,1.466939693791708,1.2833572706005545,0.06292123415175654,0.46601167810404964,-0.39462387770602797,-0.4525251880237943,0.46042417137535124,-0.1865901763303458,-0.1538321777426127,2.890975866682261,0.8865820160402484,0.845127649642474,0.9356988501148217,0.8911902639766976,-0.8249886256890141,2,-0.002357629441805731,1.0,1,0.8543928,0.8549858,0.7495922434765135,0.011079486626789148,0.000602801987157453,0,1,1,-0.002357629441805731,-0.002357629441805731,3.2788073319547273,0.2774521081801966
1729382400000,2024-10-20,1729382400000.0,2024-10-20 00:00:00,1729382400000.0,2024-10-20 00:00:00,1729382400000.0,2024-10-20 00:00:00,1729382400000.0,2024-10-20 00:00:00,1729382400000,0.9122574485595312,0.8722627063581174,0.9392351356122767,0.8890432155261818,-0.8100611823135113,0.9122574485595312,0.8700703974466406,0.7697337107460345,0.7653197914712709,0.9965004711211166,0.6293965290490047,1.4344087988434264,1.2645821946842222,0.7415065765039744,0.7656146084328586,0.7069647689355442,-0.4358384558761969,0.20208444659590738,0.3203658750961488,0.4503308410360976,1.2771675166472234,0.39706307127398516,1.5562972407728928,0.5241368291842021,0.8700703974466406,-0.20501232540880046,0.8290183966900779,0.8980911132905731,-0.5520029191399467,-0.6014238498286075,-0.784051196068843,-0.9177890120109851,-0.8039014736294832,0.1857655459227131,-0.5302529731338268,-0.7075391294315109,-0.6853815144047966,0.8891494050627584,-0.8245715897268469,0.8935077059067064,-0.5955737612381306,0.856715601341712,-0.7143529164493883,0.8665246956576376,-0.6358157343221844,0.847374913397748,-0.5115621815635194,0.8110920394173391,-0.552477865838118,0.6883503278708802,-0.7904488288151872,0.7047497195892908,-0.781352934887996,0.6812531311886678,-0.6456063055786936,0.5968421667846098,-0.6594523734798051,0.6112221988451031,-0.7030893446247197,0.6732584137738817,-0.7092477750814924,0.6802597170427641,-0.6400025108179997,0.7059109093692645,-0.8120298731338809,0.6795574867174381,-0.8186056224348104,0.6833951131983688,-0.6921941812340929,0.6342901731027518,-0.6572404630824372,0.633395640352651,-0.6318856758142423,0.6428911470660381,-0.5252683720803446,0.7427960584898423,-0.63804256834287,0.8346124453671514,-0.8052005596692484,0.847735355766945,-0.7953618143700637,0.8470501161191878,-0.661814788377898,0.8264025732034036,-0.6067303369557064,0.7505508331358222,-0.7141510121243769,0.7971768697788335,-0.6591867035106462,0.763594530514779,-0.6739161565015858,0.7756425373411343,-0.7578019342523675,0.7706391708661126,-0.7994267044817132,0.7668745869654601,-0.6400802691689096,0.8898293740573217,0.19218166872573683,-0.6366985348543247,-0.7394109413334414,-0.8199240995958088,-1.3935560549598336,-1.064325819719713,-1.063955868977712,1.0592573456746341,-0.19209008182908105,-0.20104168603778486,0.8009508032819758,0.9122574485595312,0.8722627063581174,0.9392351356122767,0.8890432155261818,-0.8100611823135113,3,0.02896001955234473,1.0,0,0.8829969,0.8837396,0.7623529994087187,0.012760755932205159,0.001681269305416011,0,0,0,-0.0006,0.02896001955234473,3.2762400475555546,0.31444714621027914
1729468800000,2024-10-21,1729468800000.0,2024-10-21 00:00:00,1729468800000.0,2024-10-21 00:00:00,1729468800000.0,2024-10-21 00:00:00,1729468800000.0,2024-10-21 00:00:00,1729468800000,0.8465982543274653,0.8763678350439998,0.8884554882298319,0.9142979047142337,-0.6063513268640598,0.8465982543274653,0.8771315645161482,0.7838811294217812,0.7703971741345752,0.969777439717061,0.7054803015550617,1.0731667941044176,0.9352403159207071,0.7541042852823309,0.7778007257945063,0.7199321876405204,0.41740828877405467,0.2122316294479541,-0.9549471330039654,-0.4113633808541048,0.16784387458823025,-0.15503442679121196,0.7714893335126851,0.6557120059785676,0.8771315645161482,-0.48601105429756086,0.8290183966900779,0.9378690440755421,-0.8925488781079268,-0.4749772549388712,-0.7121655062774199,-0.17114179886388425,-0.9734686059850897,3.4650573164254617,-0.47222446924269795,-0.7151801777712198,-0.6262112933886785,0.9148130284276654,-0.8096471814146577,0.8914148432733813,-0.8241279121371339,0.8960196931767989,-0.5947622200099381,0.8587704540166538,-0.7138930089813215,0.8687912501673128,-0.6350998936282998,0.8496010473382912,-0.5111812891967596,0.8137376458847172,-0.5523541047426886,0.6910753626413595,-0.7900125002363098,0.7074233783883299,-0.7809083095363571,0.6838928554104022,-0.6450631662912499,0.5997025735836611,-0.6591808409620781,0.6139033745599535,-0.7028002739646941,0.6759085571883025,-0.7090865537781915,0.6829299934930854,-0.6398569206350173,0.7087040896540503,-0.8116402408012042,0.6825783900464389,-0.8183373666446168,0.6863995343955948,-0.6919634403166885,0.6373387070148151,-0.6569608862440453,0.6364565437484145,-0.6314996953123303,0.64585702785962,-0.5251700977491415,0.7455773038574961,-0.6379734744206638,0.8373942511121705,-0.8049784236141426,0.8505309931331325,-0.7950572629492842,0.8500838497796225,-0.6614653810357974,0.829105197056252,-0.6064487738410629,0.7533882740037844,-0.7138986055673253,0.7998833902780501,-0.6590058075937695,0.7664574860804685,-0.6737869933821218,0.7784818999739359,-0.757408453226928,0.7732625868192549,-0.7990791413095685,-0.5124417116500621,-0.2519092743640093,-1.0689746085676473,-1.1055555225613878,2.0312980865716876,-0.3174948274620625,0.6072943498428686,1.0231300711682239,1.0427202644120748,-0.19271513437159327,-0.1910500018331646,4.3706543726740295,0.8465982543274653,0.8763678350439998,0.8884554882298319,0.9142979047142337,-0.6063513268640598,3,-0.07197441285433492,1.0,0,0.8977474,0.89129305,0.7746184115517735,0.012265412143054766,-0.0004953437891503931,0,0,0,-0.0,-0.07197441285433492,3.2762400475555546,0.21984058463373812
1729555200000,2024-10-22,1729555200000.0,2024-10-22 00:00:00,1729555200000.0,2024-10-22 00:00:00,1729555200000.0,2024-10-22 00:00:00,1729555200000.0,2024-10-22 00:00:00,1729555200000,0.8481168549683362,0.8105768567314345,0.8777449858412523,0.8490163182495971,-0.6475169127183978,0.8481168549683362,0.8789114680308167,0.7984458325283964,0.7752652581738786,0.93790271010945,0.759673672522124,0.7691954588173582,0.971517581828845,0.7670967685112509,0.7870966596590285,0.7371174710035988,-0.4796562048391624,0.2047074609727119,-0.018937140474503605,-0.3822221586430384,-0.03515868080510636,-0.09661126379612622,0.6460038886754264,0.6838202931793256,0.8789114680308167,-0.5414532049530816,0.8290183966900779,0.9491854397251742,-0.9810773870939397,-0.48047395944000515,-0.7120226725378236,-0.9389667984864779,-1.1947203919516438,-0.4607560492886362,-0.8161241836541336,-0.7352278773938604,-0.6381116337220095,0.8491840334750194,-0.605978744464903,0.9170619815972755,-0.809206703158178,0.8939278414440265,-0.8232364890467206,0.8980441918846316,-0.5943299199158754,0.8610419325798648,-0.713151758732973,0.8710032002774306,-0.634692348869691,0.8522312881920117,-0.5110606583002583,0.8164161333398079,-0.5519686449467857,0.6937544761836808,-0.7895659888797475,0.7100519722405723,-0.780328731033204,0.6867294954840517,-0.6447937794952224,0.6023884176839552,-0.6588985513399787,0.6165775122375976,-0.7026396282494523,0.6785804963187453,-0.7089351561455484,0.6857296131473493,-0.6395002716305498,0.7117218884851509,-0.8113729348607583,0.6855829045426342,-0.8180907153661987,0.6894439913108604,-0.6916785505554903,0.6403993603499502,-0.6565697543194708,0.639423287661271,-0.6313948918619642,0.6486628945626397,-0.5251056077680708,0.7483798982229573,-0.637770564720963,0.8401921412747217,-0.804672385268232,0.8535645470568424,-0.7946830958269383,0.8527799531766834,-0.6611751905496926,0.8319277535590475,-0.6062109328432408,0.7561065871236305,-0.7137121330120653,0.8027405219273802,-0.6588777378196025,0.769298423609295,-0.6734100675807942,0.7811028192413405,-0.7570681791427789,2.160662760554838,2.447310537452348,-0.17726906968119296,-0.350056255359584,-0.10398402354356992,-0.3020589973751064,-0.3757824128357889,-0.43957441543314857,1.0593124846636048,-0.19249134258525694,-0.19947108316509293,1.8459633349821185,0.8481168549683362,0.8105768567314345,0.8777449858412523,0.8490163182495971,-0.6475169127183978,3,0.0017937677441555167,1.0,0,0.8677767,0.8697831,0.7836709454446549,0.00905253389288141,-0.0032128782501733566,0,0,0,0.0,0.0017937677441555167,3.2762400475555546,0.22202869532746594
1729641600000,2024-10-23,1729641600000.0,2024-10-23 00:00:00,1729641600000.0,2024-10-23 00:00:00,1729641600000.0,2024-10-23 00:00:00,1729641600000.0,2024-10-23 00:00:00,1729641600000,0.8180126801327879,0.7966967587638636,0.7691350690780465,0.8506195283518285,-0.6730309923497326,0.8180126801327879,0.8733543984409936,0.8151052227715808,0.779451722407754,0.8598905217466422,0.786694872002228,0.3918811717849066,1.1983197760456585,0.7784078572836659,0.7903405962945134,0.7577271640438139,0.9791655920575052,0.13432437808096473,-0.47003545268877295,-0.8288672669283034,-0.3099449750940521,-0.5283380660158541,0.5732109033288806,0.5724480494875455,0.8733543984409936,-0.3673579308659957,0.8290183966900779,0.9197656899371305,-0.9609614334610559,-0.5980674476451857,-0.6977709072395714,0.33026544380477796,-0.9736555797208885,-0.40049920703040925,-0.45407159084076937,-0.7405144311696519,-0.6447802987960355,0.8507019356509515,-0.6471359604895072,0.8514751434616165,-0.6055819264450811,0.919562591613106,-0.8083204951730478,0.895953955657923,-0.8227514459318092,0.9002907310666922,-0.5936275804112323,0.8632590149872451,-0.7127273748338413,0.8736249013834073,-0.6345623560788629,0.8548954857194022,-0.510684020822336,0.819045248061011,-0.551573978211172,0.6963888835053539,-0.7889840787108695,0.712881470308153,-0.7800391734067977,0.6893800714913131,-0.6445137117481887,0.6050672102807091,-0.658741824865207,0.6192721231503543,-0.7024887725682333,0.681381334724233,-0.7085652737610355,0.6887498590634233,-0.6392564399395979,0.7147230737523927,-0.8111271620017616,0.6886274253503984,-0.8177865270157239,0.6925013402432905,-0.6912802862735137,0.6433655753846712,-0.656463410029758,0.6422307884560909,-0.6313260690910054,0.6514881172615437,-0.5249156746607374,0.7511971800479287,-0.6374903801413014,0.8432262290499188,-0.8042964314159683,0.856259692070911,-0.7943719074823316,0.8555980238215615,-0.6609299483977563,0.8346249153660815,-0.606035436605501,0.7589707444122813,-0.7135800517352856,0.8055752382596881,-0.6585037499012825,0.7719222663812789,-0.673084365060339,2.7138506892762257,1.1518032159297211,0.5811308438385467,0.2926464997405111,-0.8676347536157359,-1.1197448754744093,-0.9785732552950688,-0.9742036752522913,1.0594303934837708,-0.1676745421664993,-0.16794995520770295,0.10427578214854727,0.8180126801327879,0.7966967587638636,0.7691350690780465,0.8506195283518285,-0.6730309923497326,3,-0.0354953148958137,1.0,0,0.83751816,0.83668035,0.7887134611724711,0.005042515727816221,-0.004010018165065188,0,0,0,-0.0,-0.0354953148958137,3.2762400475555546,0.17865240197509724
1729728000000,2024-10-24,1729728000000.0,2024-10-24 00:00:00,1729728000000.0,2024-10-24 00:00:00,1729728000000.0,2024-10-24 00:00:00,1729728000000.0,2024-10-24 00:00:00,1729728000000,0.8782723927303651,0.8498588246186218,0.8731240154865276,0.8208755896327634,-0.6934340129845964,0.8782723927303651,0.877473661274138,0.8368480387630248,0.7844116920704457,0.8679644362721616,0.8100022759106977,0.34031119958125206,1.4431994047449288,0.7901024805110497,0.8024445180484995,0.7688431388386594,0.22666636042731592,0.13067425792920825,0.8289062511901533,0.1924987846367983,0.05219080112838424,-0.1407732812863866,0.24552038172500465,0.5809899599975631,0.877473661274138,-0.3772544374274964,0.8290183966900779,0.9197656899371305,-0.7088365212752802,-0.5858434574510408,-0.6706447127135446,-0.3492133411275616,-0.8520764199794414,-0.38407842170504125,0.017798242543587618,-0.737118707589793,-0.6519338566372229,0.8206116069248203,-0.6726448525716331,0.852992070612344,-0.6467303196308658,0.8540074334213992,-0.6047668872674049,0.9215689084896986,-0.8078388953980765,0.8982018221696645,-0.8219747686735576,0.9024818193786242,-0.5932289830122944,0.8658838061276237,-0.7125914671422037,0.8762811569970836,-0.6341593325435186,0.8575092509079222,-0.5102983456470637,0.8216263684353238,-0.5510561634877434,0.6992221118923982,-0.7886932303971386,0.7155214480975187,-0.7797382189506084,0.6920236977286921,-0.6443582694518527,0.6077662195495128,-0.658594659389026,0.6220895800635654,-0.702120125123252,0.6844020437893493,-0.7083120238675642,0.6917536685573217,-0.6390323760263655,0.7177653146554795,-0.8108240391365772,0.6916848260676485,-0.8173623552547384,0.6954605664675335,-0.6911718086280971,0.6461720748863328,-0.6563935647421362,0.6450575129733807,-0.6311239236537278,0.6543265068365207,-0.5246529397629687,0.7542358631198812,-0.6371454928818883,0.8459242206396467,-0.8039837278114672,0.8590771033799891,-0.7941086519195264,0.8582888110346525,-0.6607488747965734,0.8374764714272661,-0.6059112510399696,0.7618129656399525,-0.7131952846739117,0.80818753252547,-0.6581806332443036,-0.04193130143405631,2.418756136884918,-0.7407407567106353,-0.8257581480484486,-0.4618617797660722,-0.5178316279793607,-0.558857361364557,-0.5934186118425389,1.0276888590905375,-0.1927472348314576,-0.20404239640682995,0.2784445374319044,0.8782723927303651,0.8498588246186218,0.8731240154865276,0.8208755896327634,-0.6934340129845964,3,0.0736659883900519,1.0,0,0.82799715,0.842547,0.7938343723010527,0.005120911128581596,7.839540076537421e-05,0,0,0,0.0,0.0736659883900519,3.2762400475555546,0.26547899613490156
1729814400000,2024-10-25,1729814400000.0,2024-10-25 00:00:00,1729814400000.0,2024-10-25 00:00:00,1729814400000.0,2024-10-25 00:00:00,1729814400000.0,2024-10-25 00:00:00,1729814400000,0.8164562020704272,0.847138282822283,0.8359949024322261,0.8808739595228078,-0.5385661223658904,0.8164562020704272,0.8672015604486869,0.8480250117881788,0.7887944180388636,0.7794637518673843,0.8101187138437015,0.018280154074765537,0.7330163292362987,0.7987875356146757,0.8052597205041866,0.7842901185228454,0.7580866865171129,0.12122804948575809,-0.9124129330195506,-0.33060876193668853,-0.4816475471214654,-0.6793863220895345,-0.2031656205127439,0.3886344578880554,0.8672015604486869,-0.27748735402992253,0.8290183966900779,0.918163791202007,-0.6124657300943238,-0.5893074692868001,-0.6467628202014166,0.14008506184754696,-0.6840854035724478,1.0055311853140236,0.1254158621727678,-0.728433328855201,-0.605548750071275,0.8808436036797072,-0.6930437248431194,0.8229210704235779,-0.6722337433926086,0.8555236278615939,-0.6459008986961219,0.8560643775742542,-0.6043322776074732,0.9238005091427136,-0.8070670712967344,0.9003942939455328,-0.82152690697599,0.905090960090924,-0.5931021330626873,0.8685429354545914,-0.7121717727380202,0.8788863913751838,-0.633746765135616,0.8600740123017269,-0.5097916471793784,0.8244254042736205,-0.5508007950363819,0.7018676252047131,-0.7883909394461072,0.7181545066884162,-0.7795707047507228,0.6946894788863808,-0.6442123131083516,0.6105869004754162,-0.6582344207790005,0.625116604483107,-0.7018677541367996,0.6874063499591195,-0.7080792500167579,0.6947977065692025,-0.63875558518643,0.7208208675117777,-0.8104012977411693,0.6946441618167664,-0.8172461284367837,0.6982538344747393,-0.6911005476239306,0.6489978791612747,-0.6561885372562969,0.6478973034472405,-0.6308447667811706,0.657370191871328,-0.5243290205187188,0.7569583575164864,-0.6368591357115783,0.8487435902986276,-0.8037191723542445,0.8617669536490049,-0.7939140037679813,0.8611365693311784,-0.6606206772068642,0.8403052318310512,-0.6055477002183134,0.7644391913625516,-0.7128626804395665,2.8050355306308874,0.8172431241486132,0.336809223098975,0.1563040068599218,-0.696056651000058,-0.8289109246119263,-0.9314320607248312,-0.9407235046088028,0.7343314068226959,-0.19339690607298587,-0.19461233509666645,4.3706543726740295,0.8164562020704272,0.847138282822283,0.8359949024322261,0.8808739595228078,-0.5385661223658904,3,-0.07038384807675013,1.0,0,0.8700131,0.8456139,0.7987598955332376,0.00492552323218487,-0.00019538789639672594,0,0,0,-0.0,-0.07038384807675013,3.2762400475555546,0.17640971472662437
1729900800000,2024-10-26,1729900800000.0,2024-10-26 00:00:00,1729900800000.0,2024-10-26 00:00:00,1729900800000.0,2024-10-26 00:00:00,1729900800000.0,2024-10-26 00:00:00,1729900800000,0.8335823898425293,0.796913787641529,0.8692672260398487,0.8196632486704472,-0.7801821009976891,0.8335823898425293,0.859663342845307,0.8585530947549749,0.7911454862390178,0.7223151079635599,0.798246590043559,-0.14819368203574496,0.6987821045004364,0.8068693788866499,0.8098602421608633,0.7963568272480378,-0.5690450116653402,0.08508755125756748,0.2066584548829869,0.060859676556837126,-0.3808860133537252,-0.17128066532527275,-0.2215367489923464,0.343847116076293,0.859663342845307,-0.3162827936924147,0.8290183966900779,0.918163791202007,-0.5770490225592149,-0.5958348382461681,-0.7340090477027073,-1.0122264712964915,-0.6356172084282731,-1.28808151682149,1.2017482899988239,-0.7216972653743207,-0.6761634500467731,0.8190558447487335,-0.5382073221250182,0.8831143771259082,-0.6926282427744892,0.8254671526541754,-0.6713954087672793,0.8575794010799732,-0.6454567932972103,0.8583375745344268,-0.6036266829245002,0.9259760271585132,-0.8066224258299468,0.9030042676086418,-0.8213827524947498,0.9077355346145037,-0.5927079674770304,0.8711512566331995,-0.711742214656755,0.8814420609377089,-0.6332068198315559,0.8628625510996379,-0.5095424321016465,0.8270201783288493,-0.5505352431561904,0.7045062033508975,-0.7882226527915133,0.7208103026517952,-0.7794133819703737,0.6974858034730447,-0.6438548297374094,0.6136151500821504,-0.6579880343641614,0.6281276831685884,-0.7016357930977004,0.6904507281019012,-0.7077918943940548,0.6978547159807678,-0.6383681933381634,0.7237762950356775,-0.8102854987591166,0.6974376371808291,-0.8171697250028994,0.7010674782935548,-0.6908915298228447,0.6518368112314228,-0.6559055048801271,0.650941320456994,-0.6305011144427308,0.6601193574790338,-0.5240604455504764,0.7597945842961671,-0.6366171820422455,0.8514362234657332,-0.803523544627961,0.8646141537463533,-0.7937760414525535,0.8639612729046772,-0.6602463458406782,0.842906470011837,-0.605233770076587,1.6595045211758752,2.050967910114847,0.11412567174606987,-0.09606556097148433,0.8374088443812979,0.353738647121804,0.5889488921460331,0.4881128260741205,1.0194322878045199,-0.16133228254109708,-0.12338065684960664,0.6267820479986186,0.8335823898425293,0.796913787641529,0.8692672260398487,0.8196632486704472,-0.7801821009976891,3,0.020976247995510677,1.0,0,0.8246172,0.84042394,0.8027231846655618,0.003963289132324244,-0.000962234099860626,0,0,0,0.0,0.020976247995510677,3.2762400475555546,0.20108637664705808
1729987200000,2024-10-27,1729987200000.0,2024-10-27 00:00:00,1729987200000.0,2024-10-27 00:00:00,1729987200000.0,2024-10-27 00:00:00,1729987200000.0,2024-10-27 00:00:00,1729987200000,0.8698558517578557,0.8285246271378405,0.8888676418780158,0.8376707540163754,-0.7997468468335172,0.8698558517578557,0.8536324991138927,0.8726196419260431,0.7939020966809609,0.7160931085161485,0.7874461841666349,-0.13331174724841402,0.9218410071428889,0.817882611571261,0.8154487055833866,0.8135932422749286,-0.3620229106622479,0.09111416364245942,0.47968522149685294,-0.1378950007760435,-0.323043873732354,0.04813392549031684,-0.02849430358051229,0.5358343131559404,0.8536324991138927,-0.5967090309906647,0.7963527989057839,0.918163791202007,-0.5314097333213199,-0.6024557098472882,-0.7248830915418861,-0.8445128761395598,-0.6196507293932061,-0.5343269846500275,0.040385946731213686,-0.7201466425792037,-0.6821348389737762,0.836174155504738,-0.7797741751447271,0.8213663075920854,-0.5378250322097093,0.8856313846116813,-0.6917827800765204,0.8275461380425161,-0.6709454179901941,0.8598516359787095,-0.6447378150064489,0.8605564480116964,-0.6032259282895744,0.9285757933649655,-0.8064794010789337,0.9056496167714325,-0.8209398149031935,0.910328221744082,-0.5923044279447142,0.8737102159968142,-0.7111812638026933,0.8842247657950467,-0.6329392010564865,0.8654417483099022,-0.5092832519831983,0.8296081635794259,-0.550388190603933,0.7071672146507414,-0.7880646026977275,0.7235993080508253,-0.779029998008405,0.7005047971996866,-0.6436104042274626,0.6166275426447244,-0.6577616078466496,0.6311766992291775,-0.7013494233809289,0.6935080131892948,-0.7073903198050778,0.7008132241185097,-0.6382629677407251,0.7265623711920398,-0.8102093792414887,0.7002514715717654,-0.816946212834431,0.7038950670684256,-0.6906031316518857,0.6548806248228357,-0.6555571956305175,0.653692256204569,-0.630215804563455,0.6629739331697998,-0.5238337466801966,0.7625111721451848,-0.6364385865765498,0.8542850815184131,-0.8033848776646161,0.8674382610429543,-0.7933754716950294,0.8665549803267762,-0.6599229268880358,4.0635617333115475,3.3336460946880733,3.2997921780131727,3.3554586077940396,-1.1110796067634658,-1.0831865683956232,-0.9114899505628474,-0.9262461130156242,1.0602956940685055,-0.1823577231854291,-0.19136919829922125,0.017191404506868704,0.8698558517578557,0.8285246271378405,0.8888676418780158,0.8376707540163754,-0.7997468468335172,3,0.04351514902105702,1.0,0,0.83751816,0.8368625,0.8059706847993204,0.0032475001337586296,-0.0007157889985656141,0,0,0,0.0,0.04351514902105702,3.2762400475555546,0.25335182931401623
1730073600000,2024-10-28,1730073600000.0,2024-10-28 00:00:00,1730073600000.0,2024-10-28 00:00:00,1730073600000.0,2024-10-28 00:00:00,1730073600000.0,2024-10-28 00:00:00,1730073600000,0.9472774661656084,0.9063228388722425,0.9168965579386192,0.8724434393203876,-0.5497121036133499,0.9472774661656084,0.8679522568446633,0.8832562157689939,0.7990767801433034,0.8050973813892239,0.7974407815278576,0.15544882620831668,0.7500733936632484,0.8329320669180275,0.8293161736962201,0.8298884568041922,0.46067471586737135,0.01519325347503067,1.0547349284907763,1.024150217488759,0.4351423277154703,0.7362529191117875,0.13476748404622707,0.7952207426381658,0.8679522568446633,-0.017017314109329183,0.8626787742180523,0.918163791202007,-0.5034077339536757,-0.9248417615464614,-0.6526924849809759,-0.18763312760357578,-0.6232441019346389,3.4650573164254617,0.13104185723706396,-0.7116316906619797,-0.6133645486602782,0.8724309338097227,-0.7993349430560818,0.8384736223928083,-0.7793401007402284,0.8239131408087155,-0.5370336747147703,0.8876639060561244,-0.69132808289834,0.8298374444896904,-0.6702181446532727,0.8620695067078896,-0.64432819093414,0.8631823175127566,-0.6030983205912642,0.9312116496548469,-0.8060396475787163,0.9082431359800902,-0.8204865677503892,0.9128705188998874,-0.5917756437928932,0.8764950318154604,-0.7109020174616116,0.8867953058615351,-0.6326609640788774,0.8680142016481797,-0.5091398821218154,0.8322213704893134,-0.5502501337185287,0.7099600429123993,-0.7876795614135805,0.7266155203445742,-0.778767139036197,0.7035072638595917,-0.6433857911514401,0.6196774584675621,-0.6574819512684967,0.6342377433453142,-0.7009491723258571,0.6964671043813098,-0.7072808520154605,0.7036051326157402,-0.6381938648286754,0.7293694053125371,-0.8099866673146866,0.7030792381126522,-0.8166383240227165,0.7069361926072696,-0.6902483747164563,0.6576304759135144,-0.6552679363962463,0.6565480496930176,-0.6299747493325843,0.6657165955980003,-0.5236666469295279,0.7653743015765888,-0.6363121716104032,0.8571109598682538,-0.8029824144767652,0.8700308615867492,-0.7930289582564398,0.8563896278535342,0.724622391757724,-0.4655489863626269,-0.5942444137473054,-0.5916547144620629,-0.7675170960808949,-0.8640935649417691,-0.8871746369515239,1.0580126568454722,-0.19271487396224649,-0.20567104873606587,-0.5053148613432027,0.9472774661656084,0.9063228388722425,0.9168965579386192,0.8724434393203876,-0.5497121036133499,3,0.08900510843410947,1.0,0,0.8700131,0.86414045,0.8115040792659848,0.005533394466664343,0.0022858943329057135,0,0,0,0.0,0.08900510843410947,3.2762400475555546,0.3649065447881996
1730160000000,2024-10-29,1730160000000.0,2024-10-29 00:00:00,1730160000000.0,2024-10-29 00:00:00,1730160000000.0,2024-10-29 00:00:00,1730160000000.0,2024-10-29 00:00:00,1730160000000,1.0563225495869462,1.0342197718089383,1.0036974365649647,0.949756190956814,-0.46688276057336825,1.0563225495869462,0.8975656700872926,0.8988737503229624,0.8081599566384441,1.0101602429315215,0.8483706952625353,0.7238789098809154,0.989671260845632,0.8563081919098171,0.8530297270145867,0.85266789533189,1.1820897271486939,0.06005891972309803,1.4584350041945582,1.7801892927755696,1.0084242537472423,1.022024185550776,0.6160268859289747,1.3654038683321241,0.8975656700872926,1.0728380685394274,0.9674902199694306,0.918163791202007,-0.1910871223815971,-0.6877061757031174,-0.5315350585960088,0.3303284663622162,-0.34667143616147816,0.13589259043431115,1.0799354422088039,-0.6844757546895676,-0.5947431859899728,0.9498169389323786,-0.5493510371599771,0.8747071111385268,-0.7988966754257253,0.8410121923848424,-0.7784643314183645,0.8259933263373531,-0.5366147011886442,0.8899170368670644,-0.6905941762044481,0.8320751933244036,-0.6698030233791876,0.8646947724781185,-0.644197467765519,0.8658424497086313,-0.602702019326642,0.9337949720895226,-0.8055896455990591,0.9107863199358864,-0.8198963301243386,0.9156446431067791,-0.5915142032437887,0.8790687043950971,-0.7106117402464454,0.8893591270282659,-0.6325065799134204,0.8706127327111247,-0.5090052927155108,0.8349791579406505,-0.5499106507672638,0.7129777079679015,-0.7874155229244343,0.7296150042268394,-0.7785254787258173,0.7065503822791147,-0.6431083342004639,0.6227392318402952,-0.6570907122969174,0.6372047848817071,-0.7008401004177759,0.6992601167401211,-0.707208933941531,0.7064175269716578,-0.63799092979035,0.7321908285489663,-0.809679854591526,0.7061204057772088,-0.8162601466001165,0.7096717106012027,-0.6899536474371066,0.6604855231938934,-0.6550234931363442,0.6592924426632624,-0.6297968309123544,0.6685952593702884,-0.5235485012983635,0.7682154248314303,-0.6359426302583957,0.8597068480463909,-0.8026342344802105,2.0207819406784666,1.7520872645880043,1.1551776942211884,0.8631481555916365,3.2600779726384497,1.2257507450706633,1.6921376232172647,1.4116042574113064,0.8066703757049895,-0.1921388284556519,-0.20030686318119886,1.0622039362070115,1.0563225495869462,1.0342197718089383,1.0036974365649647,0.949756190956814,-0.46688276057336825,3,0.11511419548775992,1.0,0,0.8910482,0.8979975,0.8197317590229225,0.008227679756937722,0.0026942852902733794,0,0,0,0.0,0.11511419548775992,3.2762400475555546,0.5220266636074713
1730246400000,2024-10-30,1730246400000.0,2024-10-30 00:00:00,1730246400000.0,2024-10-30 00:00:00,1730246400000.0,2024-10-30 00:00:00,1730246400000.0,2024-10-30 00:00:00,1730246400000,1.0412940521641694,1.0078650828583295,1.0711236300662688,1.0587929629402502,-0.606242389875661,1.0412940521641694,0.9293233199030612,0.9119080044024592,0.8196869518439976,1.1372037635124137,0.9157138672550311,0.9517943284333314,0.8203031687534612,0.8795143294907848,0.8608632191136475,0.8935789257346708,-0.28862886863332243,0.049809439129158965,-0.23928245859956682,1.3347947534592204,1.102615192085334,1.3473281711085934,0.434528430746465,1.361736985672934,0.9293233199030612,1.34276389529607,0.9674902199694306,0.918163791202007,-0.26743859281044624,-0.6664235968821256,-0.6643410522787071,-0.8310498841310546,-0.5997158498178486,-0.7371689443340876,0.32508437894812375,-0.6744349789506776,-0.6315533503078465,1.0588118681752783,-0.46653853506817655,0.9520434073229662,-0.5489663583755682,0.877228179526195,-0.7980140708939193,0.8430791725695856,-0.7779896239042767,0.8282856188420068,-0.5359311445885024,0.8921149955752268,-0.6901746589449739,0.8347124272303041,-0.6696703692685929,0.8673543432079741,-0.6437923856948283,0.8684518481193563,-0.6022963031457025,0.9363272886899237,-0.8050034199768503,0.9135610131742843,-0.8196008721689663,0.9182024501116824,-0.5912423637622871,0.8816356490389894,-0.7104503971778207,0.8919495016951433,-0.6323616198649744,0.873359762707561,-0.5086737110757353,0.8379835068103549,-0.5496790361640825,0.7159787497756822,-0.7871727717988084,0.7326560799966114,-0.7782273442066906,0.7096066463617958,-0.642720048128399,0.625707815754115,-0.6569843359884308,0.6400128491492644,-0.7007684450548606,0.7020735256042916,-0.7069980641344743,0.7092439502452973,-0.6377107111377267,0.7352304930228339,-0.8093029702263728,0.7088561483917166,-0.8159455572674373,0.7125168971850887,-0.6897045133111034,0.6632288557708917,-0.654843021564407,0.662172137433207,-0.629670902972525,0.6714529766456242,-0.5232011801349838,0.7708396123695749,-0.635623427376537,1.5696488268155144,1.6083937516469606,1.0367373464422422,0.8152380003155713,1.154761082193919,1.0796826082527529,0.6530123583817856,0.6071352457343042,0.638983787081663,-0.1921229334697534,-0.20172738648272923,0.6267820479986186,1.0412940521641694,1.0078650828583295,1.0711236300662688,1.0587929629402502,-0.606242389875661,3,-0.014227186032006345,1.0,0,0.93808424,0.9388376,0.83106169169499,0.0113299326720675,0.0031022529151297773,0,0,0,-0.0,-0.014227186032006345,3.2762400475555546,0.5003725071186538
1730332800000,2024-10-31,1730332800000.0,2024-10-31 00:00:00,1730332800000.0,2024-10-31 00:00:00,1730332800000.0,2024-10-31 00:00:00,1730332800000.0,2024-10-31 00:00:00,1730332800000,0.9582452945650733,0.9980096964959687,0.9994534345681466,1.0436872704229585,-0.5541507838737864,0.9582452945650733,0.9406979876064666,0.9196159187143517,0.8316922259278865,1.1103325924808614,0.9639623583487412,0.6866445257061012,0.37920349090575817,0.8943047523477731,0.8601791163359398,0.9262662268422881,0.6627801507070419,0.15235756496218006,-1.1443187927041245,0.018089717830540353,0.3195472857474226,0.7021395313708636,0.3719146599159804,0.7723797875937302,0.9406979876064666,1.3138776987070528,0.9674902199694306,0.918163791202007,0.07930918160256648,-0.468748701285595,-0.7407700192075795,-0.02735583260786671,-0.5295848160106668,0.04652642203723648,1.0333310375304408,-0.6534956028313316,-0.6149546385583399,1.0437902829572314,-0.605869829625686,1.0609683236197907,-0.4661716087322751,0.9545271205095265,-0.5481711068805497,0.879267190641277,-0.7975348503450767,0.8453606153192988,-0.7772275139828037,0.8305243954356721,-0.5355449947894928,0.8947282727900756,-0.6900404607046475,0.8373831282538964,-0.6692598449290602,0.8699631385197059,-0.6433777202618008,0.8710119555582619,-0.6017648280056838,0.9390950086900799,-0.8047101828554722,0.9161196645805832,-0.8192938079764535,0.9207535749463711,-0.5910916771614101,0.8842289750277562,-0.7102988848956645,0.8946905530204206,-0.6320064067420536,0.8763600235362967,-0.5084477198394881,0.8409702684888735,-0.5494662705927154,0.7190208924356318,-0.7868733141673152,0.7357106885132724,-0.7778112994391515,0.7125635781292279,-0.6426145550601465,0.6285188001120708,-0.6569144694528248,0.6428400915283514,-0.7005583157207251,0.7049008952130482,-0.7067071755627894,0.7122847995920382,-0.6373657829353103,0.737958220400653,-0.8089894774881314,0.7117014895071287,-0.8156793841025587,0.7152462172950632,-0.6895205067951959,0.6661079187948723,-0.6547152570387995,0.6650309560360061,-0.6293026702888276,0.674107967928358,-0.522901535000679,1.004322631671432,0.6432200286782271,0.3299017347472489,0.09044364060165919,2.6893388459727845,0.5942306088876838,2.469274436983231,2.3282661716063844,1.0076643598536577,-0.19240726041347506,-0.20001679975482767,1.4976258244154044,0.9582452945650733,0.9980096964959687,0.9994534345681466,1.0436872704229585,-0.5541507838737864,3,-0.07975533657038758,1.0,0,0.96750706,0.9546788,0.8428207569923082,0.011759065297318183,0.0004291326252506833,0,0,0,-0.0,-0.07975533657038758,3.2762400475555546,0.3807097928324492
1730419200000,2024-11-01,1730419200000.0,2024-11-01 00:00:00,1730419200000.0,2024-11-01 00:00:00,1730419200000.0,2024-11-01 00:00:00,1730419200000.0,2024-11-01 00:00:00,1730419200000,0.9295258219111003,0.9566646174492909,0.9664910512384786,0.9608640895819833,-0.5264132811545044,0.9295258219111003,0.9567800519499158,0.9225062570211039,0.8429699934380364,1.0361349980128176,0.9870263196305323,0.3369307417049766,0.08355966469058629,0.9063805428421617,0.8546147899073533,0.9587851618362808,0.5055398159282297,0.20875604505507017,-0.43384146818874186,-1.0394509286047349,0.5082666957939952,0.28446515989423926,0.23883758671130162,0.5917640762419027,0.9567800519499158,0.9375510500071937,0.9674902199694306,0.9357897502136022,-0.07744781263250997,-0.4691840679756888,-0.7234326771466648,-0.141276589136733,-0.5908920185301184,-0.11026615219164597,-0.15363580604542537,-0.6516685852164437,-0.6062619598799787,0.9607797227905827,-0.5537888149433262,1.0459563875243512,-0.6054730349538494,1.0633994235787374,-0.46540529479431963,0.9565064347990969,-0.5477495622910852,0.8815256534857211,-0.7967663796035325,0.847588083309763,-0.7767893061904788,0.833162248130851,-0.535422517172238,0.8973766942359893,-0.6896255843083254,0.8400038791759761,-0.6688396328257818,0.8725226031973705,-0.6428351811716839,0.8737975080605107,-0.6015018978672608,0.9416433123176722,-0.8044054183161145,0.9186716313809236,-0.8191227625286791,0.9233319530591738,-0.5909501985965689,0.8869721896838617,-0.7099287412604016,0.8976885418384566,-0.6317635969686429,0.8793424012452351,-0.5082401547482394,0.8440026319074567,-0.5492031841595483,0.7220763656659445,-0.7864554931815578,0.7386641187591946,-0.7776975034819692,0.71535250217938,-0.642545274651744,0.6313487262115264,-0.6567093820777692,0.6456803650646243,-0.7002684228662948,0.7079419688154821,-0.7063494260937134,0.7150188448885322,-0.637079391042746,0.7407980472983275,-0.8087242450575741,0.7144310292129418,-0.8154825373037626,0.7181169321713,-0.6893901994407374,0.6689660625569714,-0.6543420893412817,0.6676879917304546,-0.6289846192695775,0.8319157460249214,2.868412348399075,-0.17459449548925635,-0.3449712467362758,1.1339903828609974,0.09207162143890923,2.250927701862818,1.9570019997113044,1.0385950557215757,-0.19261801170098355,-0.20339733185571834,0.4526132927152615,0.9295258219111003,0.9566646174492909,0.9664910512384786,0.9608640895819833,-0.5264132811545044,3,-0.029970898700846904,1.0,0,0.92691326,0.93287724,0.8513873731555431,0.008566616163234952,-0.0031924491340832306,0,0,0,-0.0,-0.029970898700846904,3.2762400475555546,0.3393286794962005
1730505600000,2024-11-02,1730505600000.0,2024-11-02 00:00:00,1730505600000.0,2024-11-02 00:00:00,1730505600000.0,2024-11-02 00:00:00,1730505600000.0,2024-11-02 00:00:00,1730505600000,0.9251454149929268,0.8922001785493977,0.9763988025987953,0.9319312225534709,-0.8096015108531172,0.9251454149929268,0.9698032005553889,0.9252348982829872,0.8539745096050286,0.9583874360766642,0.989199396487109,0.046838756743067665,0.07271983825493054,0.9189179116598837,0.8394048974132965,1.0035351024384371,-0.6896053855871458,0.2208101384032016,-0.10122314738901632,-0.9626950987804519,0.38891317247155666,-0.22370481158255479,0.35724630596582735,0.6251795070896544,0.9698032005553889,0.5265433035897421,0.9674902199694306,0.9731217333400332,-0.06211592896558519,-0.4684697558253442,-0.7204653546745606,-1.1317794994658634,-0.616941985482448,-1.4262560589523532,-0.7115330966705405,-0.6560914011728567,-0.6853423808176309,0.9320734593663239,-0.526056951841948,0.9629991492316005,-0.5534031848361145,1.0483947385920207,-0.6046580338347911,1.0652946574035993,-0.4650028565968827,0.9587158496268662,-0.5470623819494531,0.8837291697250429,-0.7963239564384756,0.8502191273632862,-0.7766485427309989,0.8358335246247267,-0.5350406747990093,0.899973513539035,-0.6892009366608606,0.8425760857136492,-0.668290236393592,0.8753077432600604,-0.6425661266132812,0.8763722738250685,-0.601228515929734,0.9441849611883079,-0.8042357020002239,0.9212508050531394,-0.8189621148620803,0.9260642108620104,-0.5906029186970697,0.8899710006094628,-0.7096753054346545,0.9006684830684384,-0.6315404781230042,0.8823717624573341,-0.507983376275637,0.8470501790703164,-0.5488341898545214,0.7250316247809149,-0.7863411659406703,0.741446413589311,-0.7776227131920191,0.7181621536676734,-0.6423418393251332,0.6341915031269706,-0.6564262691683017,0.6487244965470359,-0.6999118698783133,0.7106772098767389,-0.7060521609566991,0.7178630183052896,-0.6368374075862695,0.7435197510673724,-0.8085281071775672,0.7173018749168552,-0.8153429934120188,0.7209661583143139,-0.6890101990127959,0.6716218455338785,-0.6540196946255812,0.1701909460297452,1.723289132489213,-0.5216960196877827,-0.637271783823414,-0.5100508828539788,-0.7883543341298993,-0.6175837412325544,-0.6368140459276274,1.0064429943245186,-0.19324838260361685,-0.2031425688483412,2.020132090265476,0.9251454149929268,0.8922001785493977,0.9763988025987953,0.9319312225534709,-0.8096015108531172,3,-0.004712517732070598,1.0,0,0.9135627,0.92650956,0.8585333652370989,0.007145992081555752,-0.0014206240816792004,0,0,0,-0.0,-0.004712517732070598,3.2762400475555546,0.33301706934500386
1730592000000,2024-11-03,1730592000000.0,2024-11-03 00:00:00,1730592000000.0,2024-11-03 00:00:00,1730592000000.0,2024-11-03 00:00:00,1730592000000.0,2024-11-03 00:00:00,1730592000000,0.9018118815370311,0.8710933171346981,0.9129522311288845,0.9272942032568852,-0.6432395293865822,0.9018118815370311,0.974348355370573,0.9244957983603812,0.8624985239544872,0.8532934693951436,0.9689342191002295,-0.264740091719077,-0.14542162866050445,0.9240919086222892,0.8378792369904373,1.0164682182697382,-0.04743518097824455,0.2568584794795716,-0.36399756626312446,-0.5164566031447805,0.06683851880274777,-0.9928815605897309,-0.016473505721937055,0.143863988952902,0.974348355370573,0.352672416956899,0.9674902199694306,1.0060102943295715,-0.05009889412434206,-0.46801922975779325,-0.7363921867146757,-0.5897314982547261,-0.5614264826499633,3.3974711990713042,3.113735449949577,-0.6325626130597949,-0.6382248584957245,0.9276950671718162,-0.809187603415143,0.9343113252896837,-0.5256772665916032,0.9654775705440669,-0.5526063826278029,1.0503015603125267,-0.6042234493035484,1.067434990165451,-0.46434260543450573,0.9608682435540784,-0.5466738306643307,0.886345792997533,-0.7961817122910976,0.852884071861632,-0.7762151625742696,0.8384548936884871,-0.5346496948806616,0.9025202146168755,-0.6886460565704774,0.8453694018249035,-0.6680173859718286,0.8778818969942906,-0.6422864028952491,0.8789403085005019,-0.6010769378346427,0.9467543856194649,-0.8040763057927307,0.9239836460042292,-0.8185711545135869,0.9290588579714055,-0.5903657550023296,0.8929518234584364,-0.7094423596339974,0.9036961757441143,-0.6312648336097493,0.8854168763341943,-0.5076228501209801,0.8499886745556057,-0.5487344671366491,0.727817382098782,-0.7862660230854496,0.7442499724673053,-0.7774037478043736,0.7209860183894755,-0.6420609479326109,0.6372362278421816,-0.6560778631476785,0.6514760426798766,-0.6996156194328865,0.7135222059401033,-0.7058008496814007,0.720590898661897,-0.636658789673571,0.746385928388642,-0.8083890732399174,0.7201512408119938,-0.8149381738660713,0.7236053873728531,-0.6886817902699883,1.2315714246505818,0.5718378434147169,0.4049879614603927,0.1475854534042818,-1.057347625756548,-1.178719185840114,-1.1446069528340648,-1.1224262208336113,1.039928606939213,-0.19309417019159478,-0.2005233312775623,3.326397754890654,0.9018118815370311,0.8710933171346981,0.9129522311288845,0.9272942032568852,-0.6432395293865822,3,-0.025221476621676953,1.0,0,0.9551352,0.9417176,0.8664462614244526,0.00791289618735369,0.0007669041057979387,0,0,0,-0.0,-0.025221476621676953,3.2762400475555546,0.2993964104942226
1730678400000,2024-11-04,1730678400000.0,2024-11-04 00:00:00,1730678400000.0,2024-11-04 00:00:00,1730678400000.0,2024-11-04 00:00:00,1730678400000.0,2024-11-04 00:00:00,1730678400000,0.8649343692079047,0.8741878565872542,0.8869905666924015,0.9037103347924854,-0.6508216600268117,0.8649343692079047,0.9626365712027424,0.9257932119962171,0.8698429809156573,0.7097844502090565,0.9226754367148267,-0.625688738835052,-0.012900739186428917,0.9255391999643505,0.8372875859903818,1.0202779927397734,0.4048859270339544,0.25569625867387064,-0.5561445364103945,-0.5865288557000816,-0.525548927421681,-1.1261702351939442,0.09680821035557617,-0.08147072201413566,0.9626365712027424,0.6515731927077026,0.9674902199694306,0.9680566335725868,-0.2776475671634205,-0.5414783590882025,-0.7092869031026764,-0.1915722198848632,-0.5622847898406799,-0.2845437218851527,-0.719900544060256,-0.6477630865447783,-0.6394766670047615,0.9043722657376111,-0.6428594468397196,0.9299357455575422,-0.8087472236780241,0.9368036034777129,-0.5248901548569602,0.9674484279635086,-0.55218381416006,1.0524514139039016,-0.6035178900377788,1.069515380468981,-0.46397190035893743,0.9634540872954832,-0.5465505095033018,0.888997326256801,-0.7957441588853935,0.8554986394093612,-0.7757716562007191,0.841027759019357,-0.534136438165193,0.9052971646812487,-0.6883701706843903,0.8479556882209345,-0.6677337316722329,0.8804493214048472,-0.642131159437557,0.8815346644420362,-0.6009346198733763,0.9494800803376036,-0.8036881971321421,0.9269785147212417,-0.8183029034236879,0.9320352155902787,-0.5901478576405841,0.8959801198796915,-0.7091547954434597,0.9067399372735131,-0.6308789806529524,0.8883502254205099,-0.5075256603071494,0.8527426943018377,-0.5486690159914522,0.7306241231895279,-0.7860460639631609,0.7470681539912969,-0.7771019730692018,0.7240262614289952,-0.6417152113475268,0.6399909371806849,-0.6557885218454714,0.6543322560931993,-0.6993651786299969,0.7162512553123537,-0.7056152025088196,0.723460755782408,-0.6365323585603829,0.7492303074460483,-0.8079856239705625,0.7227907292946285,-0.8145879198521636,1.9284245989994275,1.6694652948876076,0.26892899908002127,0.029318765243549115,-0.20453812681805447,-1.1281304940144141,-0.6366883550351032,-0.6683752276445386,1.053066086452075,-0.17673413326271123,-0.15947864286495972,0.7138664256402971,0.8649343692079047,0.8741878565872542,0.8869905666924015,0.9037103347924854,-0.6508216600268117,3,-0.040892688468766925,1.0,0,0.92826426,0.9176393,0.8713159966635677,0.004869735239115158,-0.0030431609482385324,0,0,0,-0.0,-0.040892688468766925,3.2762400475555546,0.24626059788244836
1730764800000,2024-11-05,1730764800000.0,2024-11-05 00:00:00,1730764800000.0,2024-11-05 00:00:00,1730764800000.0,2024-11-05 00:00:00,1730764800000.0,2024-11-05 00:00:00,1730764800000,0.9262003951656619,0.9164017401838128,0.9126314675306345,0.8668546063461678,-0.5486272826565266,0.9262003951656619,0.944129098878523,0.9313181910033265,0.8782315474413749,0.6696051168365845,0.8772560197857108,-0.6140332633479153,0.23306471614672777,0.9289495993912816,0.8397808288124867,1.024727046990505,0.6896230587890728,0.36421897316404117,0.8277779573622696,-0.060722625956014,-0.7455093720406961,-0.28322392364047205,0.29032042641612793,0.03317044631108375,0.944129098878523,0.2252676466877334,0.9530451987641566,0.9680566335725868,-0.7334539012616079,-0.45808156724803145,-0.6790201510369639,0.013358961961887903,-0.6313507536306309,0.4285581042256533,-0.5399091299288729,-0.6600522853558835,-0.6123551269916496,0.8675117148456781,-0.6504400358732608,0.9066279255362385,-0.6424547227338203,0.932430137250729,-0.8078611762853678,0.9387966053765862,-0.5244739846483533,0.9696508944702652,-0.5514951907306043,1.0545417276834748,-0.6031171588741525,1.0720578725370766,-0.4638548478408476,0.9660769957771371,-0.5461662896417476,0.8915974881156515,-0.7952963992056191,0.8580642559287868,-0.7751934610888939,0.8438214978573693,-0.5338835927869443,0.9078591650532595,-0.6880833731894331,0.8505352102956507,-0.6675762164540077,0.8830431007171969,-0.6419853903128223,0.8842786340576675,-0.600585427249264,0.9524722333478485,-0.8034219755898053,0.9299551099896544,-0.8180562564920943,0.935060454156657,-0.589878546564577,0.8990243707444084,-0.7087529408616439,0.9096704261454565,-0.6307742153525392,0.8910945017991545,-0.5074618900228386,0.8555202668546897,-0.5484763737628041,0.7334452730872795,-0.7857429529485623,0.7501070502674554,-0.7767311424882486,0.7267570738050618,-0.6414281338953693,0.6428493267748803,-0.6555440081820355,0.6570772457944617,-0.6991801874282167,0.7191218088923308,-0.7054837149633428,0.7263090656576379,-0.6361627738203273,0.7518605387823594,-0.8076365760455917,4.0635617333115475,3.2287680042204796,1.8025304009108536,1.3281612808671972,-0.6518613209267323,-0.3539262690443128,-0.7513990235366296,-0.7522028881139924,1.058402691345582,-0.1735647712288451,-0.1911864450883874,-0.24406172841816698,0.9262003951656619,0.9164017401838128,0.9126314675306345,0.8668546063461678,-0.5486272826565266,1,0.07083315005029078,1.0,0,0.86612225,0.892659,0.8733462489994481,0.0020302523358803892,-0.002839482903234769,0,0,0,0.0,0.07083315005029078,3.2762400475555546,0.33453716181402093
1730851200000,2024-11-06,1730851200000.0,2024-11-06 00:00:00,1730851200000.0,2024-11-06 00:00:00,1730851200000.0,2024-11-06 00:00:00,1730851200000.0,2024-11-06 00:00:00,1730851200000,1.1711270699434562,1.1441673846774956,0.9867197086805776,0.9286773197291232,0.1663252255161743,1.1711270699434562,0.9625954468575183,0.9563036051620851,0.895389918965887,0.957467681548979,0.9011905865987452,0.34902001861334836,1.0268588843987674,0.9448287653449082,0.8956797340561137,0.9938503389067203,3.221707253343089,0.5723529202972939,3.1616848924618854,2.1101269183579565,0.5430259682902201,1.3901492740528858,1.1935590045872537,0.7684963569203773,0.9625954468575183,1.4220831762155919,1.0778374945078515,0.9680566335725868,1.248880401330362,0.4998995363157651,-0.08736372012272692,1.8093120531763196,-0.05602997537645827,2.969374911075824,3.432918316265759,-0.5439070467683581,-0.43655493974780524,0.9287495621171372,-0.5482664367700791,0.8697910520371882,-0.6500336867226754,0.9091335754399582,-0.6416267961610946,0.9344265167126957,-0.8073796825436306,0.9410172661974808,-0.523794379136406,0.9717960462242047,-0.551105683098188,1.0570901944410305,-0.6029895594203493,1.0746404642249423,-0.46348829585363394,0.9686464103174038,-0.5457728866266827,0.8941477515693887,-0.7947129457361848,0.8608533434337625,-0.7749046692350565,0.8464084115491834,-0.5336206535257332,0.9104144711589501,-0.68792404129674,0.8531404204906984,-0.6674283083275381,0.885786647661314,-0.6416283335554939,0.8872777318824933,-0.6003469022675579,0.9554459163225857,-0.8031772055803245,0.9329805113019128,-0.8177520734141321,0.9381022266323958,-0.5895011959594394,0.9019558945603657,-0.7086433893235146,0.9124092874522903,-0.6307054178982773,0.8938631196723619,-0.5072739854408935,0.8583142082879981,-0.5482099958974663,0.7364848727873122,-0.7853705166576912,0.7528306815006485,-0.7764227837416171,0.7295990230794943,-0.6411855623186029,0.6455974089212593,-0.6553634835553867,0.6599572960763008,-0.6990491717491943,0.7219708627362132,-0.7051005432928406,0.7289465938336938,-0.6358435327492115,0.24550805638747025,0.8891172838602887,-0.5797353246188613,-0.6904261990354451,2.3909868611467195,0.461710725663325,1.5552444135664394,1.4327427857885917,1.0503831069418506,-0.14875105565927255,-0.1813248055739753,-0.3311461060598455,1.1711270699434562,1.1441673846774956,0.9867197086805776,0.9286773197291232,0.1663252255161743,2,0.2644424209449687,1.0,1,0.9258393,0.9115664,0.8769819356634196,0.0036356866639715157,0.0016054343280911265,0,1,1,0.26384242094496874,0.2644424209449687,4.404493574244441,0.6874453997251482
1730937600000,2024-11-07,1730937600000.0,2024-11-07 00:00:00,1730937600000.0,2024-11-07 00:00:00,1730937600000.0,2024-11-07 00:00:00,1730937600000.0,2024-11-07 00:00:00,1730937600000,1.1813699451604018,1.1622555944116328,1.1936234243751467,1.173445076393671,-0.5129340078742048,1.1813699451604018,0.9943308059445999,0.9777499638959529,0.9130266465313425,1.1839187753291147,0.9677505534966158,0.940918698856923,0.9271155010898416,0.9592709056341167,0.9414695711193335,0.9716508726699926,0.3076507090412858,0.5798692097040994,0.08953748612091074,2.527051795042702,1.0402390506440975,1.4822166903449965,0.8720663414064632,0.6712915942976898,0.9943308059445999,2.2713689321522526,1.0876826936351784,0.9680566335725868,0.986548635102627,0.47926062900632516,-0.09217821212722228,-0.4141494620655387,-0.1403102434635979,-1.1955227347078667,-0.002961871731026813,-0.537710654133065,-0.6111291807955415,1.1735635853588364,0.16654070651500918,0.9309895631475198,-0.5478819904905708,0.8723144949939197,-0.6492031112295308,0.9111479464910431,-0.6411836774338117,0.9366499526019382,-0.8066080078890269,0.943181381723435,-0.5234108477591171,0.974377529624925,-0.5509820260114996,1.0596783425539318,-0.6025932813924805,1.0771665724618518,-0.4631128996434222,0.9711639043835796,-0.5452566342395198,0.896926987497703,-0.7944212431325595,0.8634333548854286,-0.7746045077293121,0.8489885591101977,-0.5334751109904012,0.9129968000855399,-0.6877744226599498,0.8558923463178592,-0.667066377447397,0.8887855848627877,-0.6413842116666476,0.8902588623989983,-0.6001277459899558,0.9584693232535428,-0.8028752991288276,0.93602241568306,-0.8173279087312554,0.9410285086565969,-0.5893989737929977,0.9046967152644425,-0.7085714156732205,0.915172928582818,-0.6305033438182226,0.896648708164443,-0.5070139783103024,0.8613473603217261,-0.5478816991637184,0.7392122547813945,-0.785060796167566,0.7556676903863007,-0.7761619556030618,0.7323237428357318,-0.6410065012100792,0.6484793015759425,-0.6552356808653691,0.6628164944423424,-0.6986672680115604,0.7246097719531301,-0.7047693432883352,1.846463848030438,1.5666165716939784,1.8407702085959232,1.5721652376304744,1.568961016843462,3.354435949971406,0.7701563871251906,0.6360698625922517,0.5857920167367265,-0.1907023303727882,-0.19645285183210304,0.8880351809236543,1.1813699451604018,1.1622555944116328,1.1936234243751467,1.173445076393671,-0.5129340078742048,2,0.008746168951111466,1.0,1,0.95495015,0.95581204,0.8844806429013017,0.007498707237882041,0.003863020573910525,0,1,1,0.008746168951111466,0.008746168951111466,4.451762188139979,0.7022040822869202
1731024000000,2024-11-08,1731024000000.0,2024-11-08 00:00:00,1731024000000.0,2024-11-08 00:00:00,1731024000000.0,2024-11-08 00:00:00,1731024000000.0,2024-11-08 00:00:00,1731024000000,1.206695239789371,1.1744198600573859,1.2414899254684635,1.1844849851856738,-0.5330300136890825,1.206695239789371,1.0337530346443655,1.0053622172044374,0.933445283862436,1.3799281747681884,1.0620372295873683,1.3259333273671834,1.2844181809924382,0.9750660353921309,0.9852907592787205,0.9546618668461689,-0.2375731944164245,0.48746039313739986,0.2800687980411038,2.1801813591080674,1.3319769166402105,1.7968494267984527,0.4933221717817123,0.7505633392412736,1.0337530346443655,2.809965754043056,1.112024742454433,0.9680566335725868,0.8850743674233532,0.3517367704889258,-0.17096616007435642,-0.8343891401545525,-0.29133577016694073,-0.31806523807429216,-0.24359438776218081,-0.5387053916338189,-0.617010876241074,1.1838017494693733,-0.5125804191815122,1.1756463299817257,0.16677192017041573,0.933483445822691,-0.547087117992502,0.8743573008746791,-0.6487582435186738,0.9133861646028829,-0.6404660897905944,0.9388169605569814,-0.8061634614619384,0.9457742827613109,-0.5232892898862361,0.9769963830161336,-0.5505968593593253,1.0622104192274546,-0.6021875888940551,1.0796379122256707,-0.4626189090484584,0.9739221132323345,-0.5450021306152186,0.8994923799256567,-0.7941180675722073,0.8660066201163629,-0.7744374518314606,0.851594360316899,-0.5333384758784521,0.9157319538507902,-0.6874085940562867,0.8588944676569817,-0.666818786643157,0.8917665431285998,-0.6411598793788992,0.8932873695154788,-0.599856907902712,0.9615096111902103,-0.8024541907135108,0.9389489766871498,-0.8172116840304301,0.9437594053916694,-0.5893318639883072,0.9074621571865804,-0.7083603892195419,0.9179538747604046,-0.630224282900043,0.8996798807782075,-0.5066933368257214,0.8640403623985409,-0.5476094118077179,0.7420518440664818,-0.7847987998315468,0.7583853896410028,-0.7759691367104486,0.7351917169788338,-0.6408797512881236,0.6513404679928309,-0.6548624106178407,0.6654742350973475,-0.698337184015176,1.5563761802937772,1.8751407882338977,0.9659283519018702,0.6229138904116469,0.6231602119320968,3.354435949971406,0.18184494859426506,0.14575377640638634,1.045234626924776,-0.19266422434429523,-0.18225423400464133,4.3706543726740295,1.206695239789371,1.1744198600573859,1.2414899254684635,1.1844849851856738,-0.5330300136890825,2,0.02143722610577381,1.0,1,0.96750706,0.96677333,0.8923087284513235,0.00782808555002179,0.0003293783121397498,0,1,1,0.02143722610577381,0.02143722610577381,4.568632846842044,0.7386946160770762
1731110400000,2024-11-09,1731110400000.0,2024-11-09 00:00:00,1731110400000.0,2024-11-09 00:00:00,1731110400000.0,2024-11-09 00:00:00,1731110400000.0,2024-11-09 00:00:00,1731110400000,1.2130567848706764,1.1616770141808836,1.2446615954350189,1.2093424917027338,-0.7569266230021382,1.2130567848706764,1.0747031075473148,1.0322127936635452,0.9544510007115048,1.524388150178179,1.167712313681676,1.484073395353964,1.2652578418364833,0.9899081730973899,1.0234447497654668,0.9422195785905254,-0.49262079754218185,0.49455344902867415,0.03925927094484199,0.23920806214847176,1.3899682934833726,2.0942736909663466,0.5840936901102975,0.6869836795418977,1.0747031075473148,2.999185424862311,1.1181393027469668,0.9680566335725868,0.8641037361164292,0.3582358470862475,-0.18142651365656642,-1.027517901577263,-0.2686177242840101,-1.19530343755291,1.070588361715555,-0.5307864246785188,-0.6738294373242785,1.2091153959863328,-0.532672339055585,1.185877917602542,-0.5122036228844785,1.1780220378388826,0.1673170142899144,0.935479011830072,-0.5466658236406189,0.876618881568835,-0.6480381908003076,0.915568579937236,-0.640057387312934,0.9414116030577799,-0.8060204714995176,0.9484037544859681,-0.5229100397691274,0.9795614417790564,-0.5502024913909439,1.0646881199366025,-0.6016561430327015,1.082366505318384,-0.46237672837967736,0.9764563030025566,-0.5447374742554864,0.9020510683026312,-0.793949269639445,0.8686059183232459,-0.7742805605705574,0.8543467193579817,-0.5330022327087731,0.9187277014819258,-0.6871582292404663,0.8618788405565264,-0.6665912463083881,0.8947949322852866,-0.6408827630121229,0.8963317911485104,-0.5994775073543893,0.9644327534148338,-0.8023388801712819,0.9416804015980632,-0.8171352820014943,0.9465157266517323,-0.5891345466894321,0.9102447831458097,-0.7080692900044427,0.9209839472718534,-0.6298807458630082,0.9023623282928958,-0.5064275416048372,0.866856299437666,-0.5473795281952428,0.7447732101779844,-0.7846051006084165,0.7612491812098334,-0.7758324902553083,0.7380380154287999,-0.6405093098901905,0.6540018619719744,-0.6545399256397552,0.5086777325036772,1.5278928892306425,-0.2041262479217791,-0.36993100935503165,0.20294067106504765,2.3468579156200082,-0.13796315844369308,-0.20924692348486382,1.0374438447096541,-0.19107629822627134,-0.2034320060709101,-0.15697735077648842,1.2130567848706764,1.1616770141808836,1.2446615954350189,1.2093424917027338,-0.7569266230021382,2,0.0052718738514421215,1.0,1,0.96750706,0.96858335,0.8995643454383053,0.00725561698698185,-0.0005724685630399406,0,1,1,0.0052718738514421215,0.0052718738514421215,4.597989976735592,0.7478607947592162
1731196800000,2024-11-10,1731196800000.0,2024-11-10 00:00:00,1731196800000.0,2024-11-10 00:00:00,1731196800000.0,2024-11-10 00:00:00,1731196800000.0,2024-11-10 00:00:00,1731196800000,1.3579689776539154,1.3386541034119497,1.2765552396394622,1.215545770708198,-0.43602829200149584,1.3579689776539154,1.1395830264929125,1.0667503513467043,0.9773346941595809,1.8128661194333355,1.312651329236378,2.029294535010765,1.4368958058094674,1.0151403919816702,1.0895771102799485,0.9195889004721123,1.8727054144077757,0.7019622276913036,1.7749448565704549,1.22522055519954,2.2824864736647217,2.557709845618061,1.5663030003322307,1.32116669528066,1.1395830264929125,3.1642341614856786,1.2574253297375404,0.9680566335725868,0.8808324423462532,0.5215048310364352,-0.122571992901773,0.6411197007551718,-0.000421815335403072,3.4650573164254617,1.2429798248744017,-0.4996349783524895,-0.5978014324640064,1.2154740151395984,-0.7565234254771512,1.211175303886288,-0.5322912356700805,1.1882486833687003,-0.5114212203172078,1.179828750319,0.16757338927384266,0.9377017793699716,-0.5459789959920898,0.8788256475152172,-0.6476278546951512,0.9181724988555289,-0.6399269878627906,0.9440426943324149,-0.8055808160493064,0.9509802189368504,-0.5225217018352755,0.9820742936142184,-0.5496850460331021,1.0674207946467473,-0.6013932291014054,1.084856747459235,-0.46212483232693563,0.9789838787283818,-0.5445909392877144,0.9046365930813944,-0.7937907381459373,0.8713535106392776,-0.7738981599078258,0.8573490053267752,-0.5327729238596008,0.92170523928805,-0.6869281235045346,0.8649095681043324,-0.6663102387174106,0.8978392583119981,-0.6404949341588674,0.8992636761393891,-0.5993746720305103,0.9671577057562453,-0.8022630847872891,0.9444372082801744,-0.8169117737929908,0.9492898448410257,-0.5888618822362155,0.9132752537198363,-0.7077112874204771,0.9236605288771083,-0.6295955337666111,0.9051710041423706,-0.5062032273935106,0.8695440547066873,-0.5472100284858079,0.7476391863344594,-0.7844678208957602,0.76409101177,-0.7754354562916366,0.740671809764096,-0.6401893148066411,0.2815068009526421,0.2942516679259029,-0.35315401051424894,-0.4879515818401736,0.8888922498481531,-0.735192436848177,0.3533346746539681,0.21481578636699386,0.9603378763824195,-0.19183685377081297,-0.1957933190605828,1.933047712623797,1.3579689776539154,1.3386541034119497,1.2765552396394622,1.215545770708198,-0.43602829200149584,2,0.11946035386850262,1.0,1,0.96750706,0.96750706,0.9060273912726665,0.006463045834361192,-0.000792571152620658,0,1,1,0.11946035386850262,0.11946035386850262,5.266727840308756,0.9566608638140344
1731283200000,2024-11-11,1731283200000.0,2024-11-11 00:00:00,1731283200000.0,2024-11-11 00:00:00,1731283200000.0,2024-11-11 00:00:00,1731283200000.0,2024-11-11 00:00:00,1731283200000,1.6824678870931369,1.6484489438023366,1.4254678365576339,1.3609550274804205,-0.07140902219980058,1.6824678870931369,1.255862064629616,1.118770426660755,1.0099742266002023,2.4520482506821812,1.5624288043441588,3.065589912277072,1.7030482586324203,1.0563092092576238,1.2370952084457676,0.8365166552806149,3.515396262775825,1.0834181777677097,3.1616848924618854,3.1219273826573217,3.1354407157183415,2.7858520853169297,3.0888192997734985,2.2598146646353032,1.255862064629616,3.1642341614856786,1.569325681188096,1.0311105061976336,1.4265612167087605,1.2987995724773913,0.47039278008384444,2.184557157924651,0.5173240980404232,0.9808271779835973,3.432918316265759,-0.4125280148708348,-0.5280108781978493,1.3603195570317874,-0.4356903398589471,1.2175298385774325,-0.7560943353168886,1.213533850435872,-0.5315018122899717,1.1900474979621714,-0.5110081593965667,1.1818963523057076,0.16802777412438671,0.9398680907104315,-0.5455906784398622,0.8814442273592189,-0.6474968814185356,0.9208122171422874,-0.6395228181773541,0.9466208984236815,-0.8051309140005914,0.9535052265444949,-0.5220117114022104,0.9848295236901575,-0.549429882043073,1.0699170936111986,-0.6011198639462091,1.0873405023261697,-0.46198567244128425,0.9815400056778599,-0.5444533697398158,0.907374089419156,-0.7934045999008443,0.8743539851603379,-0.7736360007501265,0.8603335547733444,-0.5325622906455959,0.9247312860639181,-0.6866440041913698,0.8679557893952109,-0.6659171860725157,0.9007709410955455,-0.6403895778490947,0.9020051806342175,-0.5993071553283077,0.9699085637983358,-0.8020412864581922,0.9472117792720248,-0.8166038903062589,0.9523182993048945,-0.5885260313664796,0.9159539578540572,-0.707413807626039,0.9264651691749082,-0.6293545624206363,0.9078484409536035,-0.506037924674692,0.8723900066748198,-0.5470901564667732,0.7504833505045557,-0.7840690853319617,0.766716512290287,-0.7750920549852041,2.4330351301544404,1.5350285815841327,2.2812815312982337,1.8054679748557192,0.16513814414951122,1.2870120505950127,-0.39184152056170285,-0.4166082257526504,0.9111450981360404,-0.19243568509525194,-0.1927553386431423,4.19724153130744,1.6824678870931369,1.6484489438023366,1.4254678365576339,1.3609550274804205,-0.07140902219980058,2,0.23895900037410245,1.0,1,0.96750706,0.96750706,0.9118756403763294,0.005848249103662884,-0.0006147967306983082,0,1,1,0.23895900037410245,0.23895900037410245,6.764218860645495,1.4242225879021637
1731369600000,2024-11-12,1731369600000.0,2024-11-12 00:00:00,1731369600000.0,2024-11-12 00:00:00,1731369600000.0,2024-11-12 00:00:00,1731369600000.0,2024-11-12 00:00:00,1731369600000,1.6550462572805122,1.6651051566624147,1.517388034000467,1.6866920845050906,-0.04041042328483282,1.6550462572805122,1.3595269223297117,1.1611344883785806,1.0421659943384398,2.886139883353035,1.8531370248522796,3.065589912277072,1.4841618956139158,1.097610389533838,1.3389789425002336,0.8068876303171938,3.4153460959216275,1.290690341766982,-0.3376694189403352,3.1219273826573217,3.1354407157183415,2.5648959408392034,2.995688938565582,2.295768492825161,1.3595269223297117,3.1642341614856786,1.569325681188096,1.2831845572314577,1.7171647037200668,1.3001043799819052,0.4758129926374418,1.4584433126364447,0.8322002676767934,-0.18011652515159277,2.328856732197623,-0.3361243872660322,-0.5197729583865862,1.6846692164938772,-0.07114520482644313,1.3622823388649872,-0.4353300264254839,1.21988531574132,-0.7552266906124228,1.2153131376698834,-0.5310841157878906,1.1921086108990409,-0.510332936217656,1.1839009359683383,0.16826204974154915,0.9424623137961188,-0.5454674393796319,0.8840975802181503,-0.6470910944302634,0.9233996879427584,-0.6391090826322638,0.9491477600775515,-0.8045448119228917,0.95626825659517,-0.5217606740658488,0.9873592931780305,-0.549164541880709,1.0724068878303372,-0.6009682955508112,1.0898552236711365,-0.46185504698507995,0.984255953288386,-0.5441149972798685,0.9103707272731636,-0.7931397807041003,0.8773365920305437,-0.7733949876270069,0.8633644032231349,-0.5323017906709567,0.9277737135928142,-0.6862467742008622,0.8708914806617585,-0.6658102672771494,0.9035120627633978,-0.6403203881950102,0.904771250996889,-0.5991086911548323,0.9726775858881096,-0.8017357022539587,0.9502403410377884,-0.8162257192823036,0.954986253239407,-0.5882473376257289,0.9187600583815829,-0.7071623122028017,0.9291368712964255,-0.6291767072144056,0.910688245538127,-0.5059210717215652,0.8752127807007052,-0.5467381963978223,0.7531131829421301,-0.7837241863125136,-0.6080385408909581,0.11890963923478469,-1.087089682297016,-1.0941826822234217,0.27955116877186925,1.5641249533893928,-0.1746530810926668,0.009670818091198753,-0.8287523448724393,-0.19361115285518785,-0.20576014989161984,-0.24406172841816698,1.6550462572805122,1.6651051566624147,1.517388034000467,1.6866920845050906,-0.04041042328483282,2,-0.0162984565845129,1.0,1,0.96750706,0.96750706,0.9171675752403305,0.0052919348640011465,-0.0005563142396617371,0,1,1,-0.0162984565845129,-0.0162984565845129,6.637674076632608,1.384711501302045
1731456000000,2024-11-13,1731456000000.0,2024-11-13 00:00:00,1731456000000.0,2024-11-13 00:00:00,1731456000000.0,2024-11-13 00:00:00,1731456000000.0,2024-11-13 00:00:00,1731456000000,1.7512130667600798,1.794908943363249,1.6644469333127132,1.6583552490379427,-0.021732063843500685,1.7512130667600798,1.4420334376844455,1.2113664276897111,1.0733851292134036,3.145152968271874,2.1766588742590063,3.065589912277072,1.6418673549591174,1.1406833093459645,1.4473448177869854,0.7735279342496123,3.2337717299890003,1.6176100831623388,1.0094623050527656,2.651235154054856,2.654157348136106,2.9359961749345582,3.0987885645356257,2.3433235639954195,1.4420334376844455,3.1642341614856786,1.6354018530177798,1.2937263369396577,1.1479445402456412,1.2737166788980827,0.392607708618475,1.260041397069059,0.7125171223932832,-0.20390270201500754,-0.5085962659801905,-0.3643962929292341,-0.5207817111545009,1.6572601989813356,-0.04015290857884964,1.686423652164781,-0.07086303863614797,1.3645678972581823,-0.43457449191559316,1.2216596978328902,-0.754757347480848,1.2173582065668196,-0.5304023590675675,1.1941064310826646,-0.5099523090519275,1.1863977866566966,0.16833118017520196,0.9450930150172389,-0.5450834509153056,0.8866996966008509,-0.646675710556914,0.9259364257223958,-0.6385676931615377,0.9519119798110495,-0.8042516431892462,0.9588096006786169,-0.521499607015366,0.9898824613721675,-0.5490176116951285,1.0749273156592751,-0.6008259867224005,1.0925408208068372,-0.46153249796051776,0.9872444022091771,-0.5438841730138564,0.9133492197443758,-0.7928963075814239,0.8803661101756303,-0.7730976381184218,0.8664107225049769,-0.5319362685689524,0.9307013810541963,-0.6861386059218278,0.8736401913493391,-0.6657400407417322,0.906277781287457,-0.6401172086670202,0.9075544631665746,-0.5988344844942024,0.9757048327149496,-0.801360294110759,0.9529088671219891,-0.8159111353760795,0.9577849579850969,-0.5880119581746812,0.921433835551338,-0.7069765262599738,0.931973259349304,-0.6290508247469748,0.9135044528348312,-0.5055772240599714,0.8778029062728315,-0.5464344681953847,-0.5053961919988179,2.0784364420275536,-0.9024252357633334,-0.9508157301453585,1.4220448244746908,3.354435949971406,2.146493318654416,2.1251518413914323,0.6920129097169454,-0.15325524595756787,-0.1249064879707949,0.3655289150735829,1.7512130667600798,1.794908943363249,1.6644469333127132,1.6583552490379427,-0.021732063843500685,2,0.058105209480721065,1.0,1,0.96750706,0.96750706,0.92195611521331,0.004788539972979455,-0.0005033948910216912,0,1,1,0.058105209480721065,0.058105209480721065,7.081462728800819,1.5232756626362853
1731542400000,2024-11-14,1731542400000.0,2024-11-14 00:00:00,1731542400000.0,2024-11-14 00:00:00,1731542400000.0,2024-11-14 00:00:00,1731542400000.0,2024-11-14 00:00:00,1731542400000,1.6278996400513492,1.7327900851595954,1.6815367960497778,1.753143774701612,-0.342742425167848,1.6278996400513492,1.5055440366819093,1.2587493484881465,1.0993055428522194,3.145152968271874,2.4637416929394362,3.065589912277072,1.4860382479396852,1.1807218127357595,1.5073512822922235,0.7899577061044751,1.9652271315773295,1.7384923105653818,-1.3504982164958494,-0.4113636749725531,2.012214269351591,2.2106963128029182,3.0987885645356257,2.221897744855737,1.5055440366819093,3.1642341614856786,1.6354018530177798,1.3197906666683044,1.6440384172024167,1.323019626360938,0.5181246408401152,0.526002334072048,0.9173711825084394,-0.7894963843269327,0.5550431239817211,-0.3388102580175934,-0.5854863877584563,1.753382777513747,-0.021478346840987237,1.659032240848036,-0.039877386181814765,1.6885526428847994,-0.0702348888251924,1.3662305431381887,-0.4341791709733547,1.223700736574015,-0.7540027982970632,1.2193393041901324,-0.530017402065119,1.1965992096407971,-0.5098317713096931,1.1889379321376543,0.1685626660286162,0.9476708001323355,-0.5446902837364618,0.889252043115892,-0.6461322832598508,0.9287069826534338,-0.6382992749718736,0.9544550892973344,-0.803946949464756,0.9613443100804736,-0.5213551465627675,0.9924344237178798,-0.5488796700254482,1.0776170956707039,-0.6004768149092391,1.095517735960055,-0.46131293524057304,0.9902141129596602,-0.543672138344951,0.9163759202888581,-0.7925959741983042,0.8834113512465537,-0.7726826471918573,0.8693466210223756,-0.5318375844199156,0.9334349007541408,-0.6860675502163391,0.8764128845913153,-0.6655339386771602,0.9090606652614542,-0.6398366612480492,0.9105850726565411,-0.5984967804658459,0.9783663473489188,-0.8010480533020338,0.9557079654877405,-0.8156449668663882,0.9604482254358717,-0.5878383169099337,0.9242714598468591,-0.7068449388914189,0.9347858170546571,-0.6286827142502822,0.9160823884829692,-0.5052806362296436,-0.2602387799566126,0.645899446552759,-0.6612457690702134,-0.750584058437983,-0.20698155204319083,2.5329820405194425,-1.0848079289213364,-1.0850589535664137,0.9218988625397556,-0.166138788059531,-0.17575236538657021,-0.06989297313480985,1.6278996400513492,1.7327900851595954,1.6815367960497778,1.753143774701612,-0.342742425167848,2,-0.0704160042255011,1.0,1,0.96750706,0.96750706,0.9262891456949975,0.004333030481687539,-0.00045550949129191665,0,1,1,-0.0704160042255011,-0.0704160042255011,6.512398415141351,1.3455966729139845
1731628800000,2024-11-15,1731628800000.0,2024-11-15 00:00:00,1731628800000.0,2024-11-15 00:00:00,1731628800000.0,2024-11-15 00:00:00,1731628800000.0,2024-11-15 00:00:00,1731628800000,1.7734772441669708,1.736304760239004,1.6992196158130566,1.6311426268050722,-0.43721524101087644,1.7734772441669708,1.5861583049172967,1.3184650565515939,1.1292858576321436,3.145152968271874,2.747834607017964,3.065589912277072,1.715417187863017,1.2270984072702573,1.5863227124921846,0.7979617673916732,1.7479915485460356,1.853806281180334,1.561634616088112,0.6793698781273205,2.558930028808065,2.1082057987464116,3.0987885645356257,2.5819981823208904,1.5861583049172967,3.1642341614856786,1.6568016314329599,1.326337852436999,1.665857172586136,1.3013035858904012,0.5835626610007926,0.3021430602164817,1.165015484901014,-0.49717872383257045,0.24481622363321084,-0.32440578465991127,-0.6104759513595758,1.6301260675630114,-0.34242344000477426,1.7550930749951426,-0.021206827694515706,1.6611744622466469,-0.03926006615281872,1.6899650801515693,-0.0699236752590837,1.368179777339943,-0.433528951105257,1.2256776336017237,-0.7535696010736787,1.2218220144914969,-0.529895343428473,1.1991355680652922,-0.5094553963826773,1.1914184467610847,0.16880040507267613,0.9501972152564553,-0.5441743229133489,0.8920326156787614,-0.6458627370368688,0.9312594960802547,-0.6380202102078114,0.9569915590095821,-0.8037772740777759,0.963907177522401,-0.5212195302980122,0.995147318657077,-0.5485404496151522,1.0805956003976174,-0.6002383047386962,1.0984750780267178,-0.46111131523020066,0.9932347996533542,-0.5434099384652944,0.9194188776967029,-0.7921769775557899,0.8863449693482652,-0.7725691664484993,0.8720957240855249,-0.5317728224795621,0.9361936326602085,-0.6858591110667125,0.8792022745946904,-0.6652494613101542,0.9120911969779658,-0.6394913379909949,0.9132645175112475,-0.5982165151294626,0.9811606220688152,-0.8007838948629383,0.9583717922892809,-0.8154481235756493,0.9632795884009189,-0.5877154657018582,0.9270853381255086,-0.7064614989904453,0.9373569779082314,-0.6283647707774908,2.010964925433215,3.1346763825619886,2.951107590262625,2.349944380411681,0.07755098700461657,1.3125766851214438,-0.3664291654424556,-0.4151606819803194,0.9743827491903463,-0.18937485366453388,-0.1963240103997824,0.4526132927152615,1.7734772441669708,1.736304760239004,1.6992196158130566,1.6311426268050722,-0.43721524101087644,3,0.08942664555846314,1.0,0,0.96750706,0.96750706,0.9302099969902101,0.00392085129521258,-0.0004121791864749591,0,0,0,-0.0006,0.08942664555846314,6.507890976092265,1.5553555152057736
1731715200000,2024-11-16,1731715200000.0,2024-11-16 00:00:00,1731715200000.0,2024-11-16 00:00:00,1731715200000.0,2024-11-16 00:00:00,1731715200000.0,2024-11-16 00:00:00,1731715200000,1.7557216908304702,1.7315330376643072,1.8180255138391137,1.7765564588269367,-0.7108162272463294,1.7557216908304702,1.6633423614912408,1.3772343756194656,1.1589395731724523,3.145152968271874,3.0034905300645924,3.065589912277072,1.6681240063544256,1.2708090847376443,1.6496827307940627,0.8184028744580186,-0.17020787497390183,1.902012410806103,-0.22803890612274247,-0.041463662274143144,2.4402900438883117,0.2620561030548563,2.1681861942801888,2.3885700180891702,1.6633423614912408,2.567344067657599,1.6568016314329599,1.4754788290668643,1.7234455702513922,1.3158198616926824,0.5871152864465118,-0.9081669391024496,1.1910214228166383,-1.152909104758268,0.4179553843680171,-0.3174737015519396,-0.6686076223902246,1.7756367147383996,-0.4368770475366206,1.6319155390522913,-0.34208312012053727,1.757188896812248,-0.020596033204324373,1.662608043276211,-0.03895600308871136,1.6917087383259715,-0.06939199910165662,1.3700609873117229,-0.4331648938587262,1.228157814824147,-0.753430597621976,1.224349009498136,-0.5295146819323208,1.201612014820209,-0.5090699887949397,1.1938411944895895,0.16912421027092236,0.9529611484659354,-0.5439199806835476,0.8945999915752427,-0.6455825042046915,0.9338053426066137,-0.6378653476061322,0.9595560897396721,-0.8036179164073596,0.9666280659410327,-0.5208856087656974,0.9981346075037081,-0.5483090218624965,1.0835546471053983,-0.6000191621584324,1.1014872944648388,-0.46086174788712275,0.9962728828398545,-0.5430421343180627,0.9223476658518623,-0.7920622986648227,0.8890897550375758,-0.7724945853376494,0.8748687779417842,-0.5315821228322906,0.9389699995044172,-0.6855714910109634,0.8822343480632726,-0.6648994157200228,0.9147702271330247,-0.6392046110671297,0.9160711276299679,-0.5979797874553165,0.9838175942654577,-0.8005885663216677,0.9612034884963493,-0.8153085822073936,0.9660867782306035,-0.587355500377032,0.9296589503803299,-0.7061300628950616,1.2626692601042138,0.8521336970608399,1.8705132724889062,1.5206097518762087,0.1523044738325206,0.7372085954388484,1.1322732691923334,0.9350331734701908,0.7515115096206997,-0.16547026718759253,-0.12363136045442825,0.8009508032819758,1.7557216908304702,1.7315330376643072,1.8180255138391137,1.7765564588269367,-0.7108162272463294,3,-0.010011717598801595,1.0,0,0.96750706,0.96750706,0.9337578776118998,0.0035478806216896475,-0.0003729706735229321,0,0,0,-0.0,-0.010011717598801595,6.507890976092265,1.5297720174229932
1731801600000,2024-11-17,1731801600000.0,2024-11-17 00:00:00,1731801600000.0,2024-11-17 00:00:00,1731801600000.0,2024-11-17 00:00:00,1731801600000.0,2024-11-17 00:00:00,1731801600000,1.7276266206458497,1.7184438881071762,1.7640095869797512,1.759712465682313,-0.7172987333722256,1.7276266206458497,1.7159193313972223,1.4356667812943067,1.186386248737517,3.145152968271874,3.1314320643673494,2.9226013515448845,1.6515238955368843,1.3093133239790433,1.7011177348390014,0.841509123319296,0.45536764259661855,1.9486783604769722,-0.3386694000318023,0.5661617989915578,1.5498723618435937,0.2616006816080348,2.0108358371222512,2.0203726847900914,1.7159193313972223,0.2489264123364803,1.6568016314329599,1.7532865265358932,1.7351749621487758,1.3123218619291377,0.6049595854200411,-0.5017583328291881,0.9419943972256359,-0.29422090137902646,-1.2600170435317728,-0.3597589615987941,-0.6697225364003984,1.757889327888295,-0.7104224049349688,1.7773327173923414,-0.4365164797096007,1.6340708584385089,-0.3413601762964541,1.758548327318222,-0.02029627871064412,1.6643690735574412,-0.03843440508470432,1.6933756782304779,-0.06910650183951665,1.3724835576282441,-0.4330501764508697,1.2306824578026785,-0.7530021779641215,1.2268153985332786,-0.5291249055443276,1.2040304271605886,-0.5085636211454165,1.196538607610123,0.16927218526860702,0.9555038327714036,-0.5436554914463342,0.89716065769927,-0.6454269664939982,0.9363787333332099,-0.6377199370806689,0.9622781973552244,-0.8032298955608402,0.9696183924644856,-0.5206579522268796,1.0011030742035893,-0.5480964290901756,1.0865680309066872,-0.5997483406854757,1.1045185125158445,-0.4605109023461161,0.9991913620187042,-0.5429427675876679,0.9250833072939184,-0.7919869224510323,0.8918588409947195,-0.7722762095387571,0.8776585043268091,-0.5313183571648326,0.9419989868383624,-0.685217669080058,0.8849215990700526,-0.6646086839592497,0.9175765519521039,-0.638962340197702,0.9187456289503766,-0.5978051301962922,0.986645206733787,-0.800450114574261,0.964011034300257,-0.8149037694422067,0.968647974611063,-0.5870447261149893,1.6135679999802788,0.5065956994094598,1.932749101934585,1.5717636285314716,-0.8632797789464745,-0.9710161268014353,0.5475448720579632,0.5469820220130917,0.760781629063362,-0.19138688645104268,-0.20071224458626516,0.4526132927152615,1.7276266206458497,1.7184438881071762,1.7640095869797512,1.759712465682313,-0.7172987333722256,3,-0.01600200665706386,1.0,0,0.96750706,0.96750706,0.9369682663662835,0.0032103887543837306,-0.00033749186730591685,0,0,0,-0.0,-0.01600200665706386,6.507890976092265,1.4892905887593364
1731888000000,2024-11-18,1731888000000.0,2024-11-18 00:00:00,1731888000000.0,2024-11-18 00:00:00,1731888000000.0,2024-11-18 00:00:00,1731888000000.0,2024-11-18 00:00:00,1731888000000,1.752449763282866,1.764675516512435,1.7911773139535012,1.730425241651236,-0.4903576702752577,1.752449763282866,1.7258729602972258,1.498464957559868,1.2147135712233248,3.145152968271874,3.1314320643673494,2.3560108191527567,1.800003868990617,1.3436618571000276,1.7523589205528511,0.8558808059941778,0.781362203449471,1.9836197373820827,0.22484004256505682,-0.19767023635508502,0.18127230489748147,-0.08326641697741419,1.9908726808013042,1.7093973314798765,1.7258729602972258,0.25979143722356135,1.6568016314329599,1.7532865265358932,0.0747994824230614,1.219190611423927,0.5987411148704049,-0.3018783490405972,0.40021336685490233,1.8557020087729676,-1.066600656550531,-0.42274230404962415,-0.6213118330474916,1.7298071797458157,-0.7169035930309767,1.7595967305848548,-0.7100031974128664,1.7794177969531544,-0.4357605305229369,1.6355253711792541,-0.3409863737712034,1.7602484341569358,-0.019780753347939384,1.6660541202545862,-0.038155586705576276,1.6956692416237173,-0.06901937933857646,1.374954622812981,-0.4326902058616674,1.2331463204057025,-0.7525637272488518,1.2292230917172424,-0.5286131367520563,1.2067250583996831,-0.5083145891911937,1.1989825809385486,0.16942653221622733,0.958039878529303,-0.5435090530704625,0.8997480512184998,-0.6452809203120334,0.9391073353618756,-0.6373636974600735,0.9652689871970926,-0.8029637365158159,0.9725901167351402,-0.5204488470666631,1.0041229089532366,-0.5478335522548812,1.0896001951046246,-0.5993689624410785,1.1074224719357058,-0.460416608095587,1.0019074860960642,-0.5428775526793822,0.9278439891952754,-0.7917663055881373,0.8946448661163355,-0.7719752276262231,0.8806906575086967,-0.5309931993195237,0.9446697821155059,-0.6849237347436385,0.8877335795632109,-0.6643629774645807,0.9202506478496484,-0.6387835056962848,0.9215836846700456,-0.5976815481422454,0.9894483902255224,-0.800048229684272,0.9665728914813376,-0.8145535213965834,1.67270265724588,0.4244936148658102,0.48528182834069716,0.21870489797182346,-0.5266608270889146,-0.8690526924129109,-0.8012392989189735,-0.8017642925158843,1.027419810363103,0.0748416677629526,0.184668305693677,0.10427578214854727,1.752449763282866,1.764675516512435,1.7911773139535012,1.730425241651236,-0.4903576702752577,3,0.014368349237253941,1.0,0,0.96750706,0.96750706,0.939873267140905,0.0029050007746215245,-0.0003053879797622061,0,0,0,0.0,0.014368349237253941,6.507890976092265,1.52505758529164
1731974400000,2024-11-19,1731974400000.0,2024-11-19 00:00:00,1731974400000.0,2024-11-19 00:00:00,1731974400000.0,2024-11-19 00:00:00,1731974400000.0,2024-11-19 00:00:00,1731974400000,1.8263676904956527,1.8162933936844585,1.8314372601340247,1.7557880917620128,-0.4197455548599713,1.8263676904956527,1.750240268830323,1.5621583479596437,1.2446191725040805,3.145152968271874,3.1314320643673494,2.054051611542563,1.8082324882119254,1.3823992133448288,1.8079063363308925,0.8746992906293073,0.991500948578851,2.0116375164222204,0.7443005939880059,0.3646460743694301,0.5973427113341025,0.8774662971472921,2.246975218230744,1.96042674718746,1.750240268830323,0.3636724638083296,1.7076386244656974,1.7532865265358932,0.09463306136672947,1.2189490896333663,0.6057958514313353,-0.19715553545705342,0.03946721144970121,0.03215357597093417,-0.9572000204857741,-0.47977028255099996,-0.6081797794927708,1.7546189052305299,-0.4900086718270082,1.7315326210239612,-0.7164829961418704,1.761690377033232,-0.7091516620020326,1.7807600604092808,-0.43536493578505714,1.6373035993417828,-0.34036648266991393,1.7618699808911,-0.01950595936287849,1.6683585853180336,-0.038070810222859595,1.6980203311506263,-0.06873718369246203,1.37736093480314,-0.4323215173032858,1.2355513210090756,-0.7519917824415638,1.2319108448126932,-0.5283611150097137,1.2091649036182517,-0.5080555986954527,1.201420200459178,0.1695093115883378,0.960604008671944,-0.5433715744697564,0.9024869173505478,-0.644923232227043,0.9421005932063636,-0.6371201571278069,0.9682412083252532,-0.8027190243037424,0.9756121823168954,-0.5201902005560923,1.007160301639756,-0.5474648393254723,1.0925061556248903,-0.5992661337885151,1.11011110662683,-0.4603547593365354,1.0046502304879523,-0.5426855763041859,0.9306221749985862,-0.7914623101067988,0.8976761421994284,-0.771605349722642,0.883378333558695,-0.5307235739393018,0.9474704416109484,-0.684675280858756,0.8904157124129711,-0.6641815539438932,0.9230884620322659,-0.6386569187820297,0.9243980238025675,-0.5973196189913829,0.9920021495770251,-0.799700558693459,1.2365026216539605,1.6003328802000651,0.41032765082641687,0.15103421769244624,2.8680549162304785,0.9719060783115788,1.6563766229752357,1.4396100451636948,1.044947547255635,-0.1927318506485086,-0.17211137983328512,4.3706543726740295,1.8263676904956527,1.8162933936844585,1.8314372601340247,1.7557880917620128,-0.4197455548599713,3,0.0421797695782824,1.0,0,0.96750706,0.96750706,0.9425019299435107,0.0026286628026056524,-0.00027633797201587207,0,0,0,0.0,0.0421797695782824,6.507890976092265,1.6315639324111353
1732060800000,2024-11-20,1732060800000.0,2024-11-20 00:00:00,1732060800000.0,2024-11-20 00:00:00,1732060800000.0,2024-11-20 00:00:00,1732060800000.0,2024-11-20 00:00:00,1732060800000,1.9028083105737872,1.852364647619518,1.8774968032087258,1.8307661690553625,-0.45052958334800186,1.9028083105737872,1.771801891382943,1.6139301232167924,1.2791736445597983,3.145152968271874,3.1314320643673494,1.9389926273940827,1.6834704577875235,1.4290061458162315,1.8627306231083327,0.911328132465141,0.8605648517963217,1.7924960412552031,0.7544778715103786,1.0151950140107924,0.4999619281222045,0.5150055664704264,1.8859956210836761,2.470133822874012,1.771801891382943,1.0214410759011552,1.78111146389271,1.7532865265358932,0.029850152577259325,0.7020493779279912,0.5363431225857846,-0.3058919909009012,-0.30174131861258946,-0.3359205916435808,-1.0359083319569633,-0.5442342714839687,-0.6165003523474573,1.8285028346435546,-0.4194109133404745,1.7563284086846827,-0.4896367142170389,1.7336398230795795,-0.7156291959793911,1.763046331112804,-0.7086929552375413,1.782446062482122,-0.4347143300203501,1.6390065712378445,-0.3400225245702173,1.7641362141335708,-0.01942259648507198,1.6707198133322525,-0.03779522671841207,1.7002977712304674,-0.06844776206770707,1.379704600030804,-0.43183581937059057,1.238237346360723,-0.7517064504270833,1.234340483366026,-0.5280990286159,1.21159840693689,-0.5079123384304173,1.2038913292787705,0.16958685133656096,0.963325822655283,-0.5430334092503072,0.9054840757528834,-0.644678661022016,0.9450754609930315,-0.6368963626625883,0.971263614162295,-0.8024171879580356,0.9786513830910873,-0.5198271666453623,1.0100773204114053,-0.5473652007697144,1.0951985788790313,-0.5991986215134653,1.1128285867920371,-0.4601722707339177,1.0074116841502705,-0.5424200938149678,0.9336515933763831,-0.791088811016495,0.9003591414279896,-0.7712977989066327,0.8861906064675291,-0.5304959739531979,0.9501364868438472,-0.6844917869591107,0.8932583147363489,-0.6640531046428644,0.9259025431512157,-0.638286915395359,0.9269724915477736,-0.5970071162105368,0.5948627019220308,1.1257905167260047,-0.4790305031364793,-0.6052710334826747,0.6090883891986634,3.354435949971406,0.16170521065001192,0.09554114582620757,1.053733662068546,-0.19186750194778168,-0.18331909903151086,4.3706543726740295,1.9028083105737872,1.852364647619518,1.8774968032087258,1.8307661690553625,-0.45052958334800186,3,0.041853905145129655,1.0,0,0.96750706,0.96750706,0.9448805414021264,0.0023786114586157314,-0.000250051343989921,0,0,0,0.0,0.041853905145129655,6.507890976092265,1.7417051596216155
1732147200000,2024-11-21,1732147200000.0,2024-11-21 00:00:00,1732147200000.0,2024-11-21 00:00:00,1732147200000.0,2024-11-21 00:00:00,1732147200000.0,2024-11-21 00:00:00,1732147200000,2.0617525658497224,2.0101527821119323,1.979098387039978,1.906016312991067,-0.3219642616644358,2.0617525658497224,1.833509454193489,1.6762236038305105,1.318878380383382,3.145152968271874,3.1314320643673494,2.2648320599983807,1.7952927453866008,1.4848728423761324,1.931959615897399,0.9511429196622329,1.8355959269731776,1.9343071276228174,1.5783702896457557,1.8319773795022565,1.6834548967616052,1.34750867415895,1.1462851223156854,3.006144038166149,1.833509454193489,1.9111059183273411,1.9338847634001968,1.855923709760766,-0.33041443933618225,0.7491664131577356,0.5848284028463111,0.2119044641452274,-0.370181568572623,0.2071475896856386,-0.14873719549516437,-0.5411105516833525,-0.5947768336168825,1.904908296634969,-0.45018868278781327,1.8301648787195346,-0.41905408971439184,1.7584236338073418,-0.4888621990002356,1.7350174401858833,-0.7151689938836704,1.7647435816552457,-0.7079533973004241,1.7840529079441032,-0.4343500170366617,1.6413218286382285,-0.3399148671699498,1.7664618867856825,-0.019150997159363317,1.6730081436730937,-0.03751254407891165,1.7025040894057863,-0.06806006175419112,1.3823512684117902,-0.4315982290828249,1.2406644210678313,-0.7514098715531399,1.2367638094613775,-0.5279539790128384,1.214065646425327,-0.507777852215789,1.2065449729178477,0.16978843446563796,0.96631650091123,-0.5428027324774507,0.9084631264543217,-0.6444539132074326,0.9480996793005267,-0.6366198986516006,0.9743030907131297,-0.8019961736565558,0.9815722259674843,-0.5197292267379203,1.012790679587666,-0.5472998054753527,1.0979195409377236,-0.5990001698182896,1.1155664739384112,-0.4599195464949923,1.0104371374655807,-0.5420928729896618,0.9363246870435579,-0.7907781892052803,0.9031681968383609,-0.7710376638666736,0.88887315485234,-0.5303281951394565,0.9529695047163088,-0.6843618483503613,0.8960775106204821,-0.6636780969135831,0.9284765319417176,-0.6379673058402061,-0.13682442850366736,1.1480586086981883,-0.9553249474943802,-1.009186245769104,0.8870966702471497,1.6565140115774224,-0.14877149017181918,-0.23957162916092048,1.0500840886969727,-0.19338710065950468,-0.20095951499233353,4.3706543726740295,2.0617525658497224,2.0101527821119323,1.979098387039978,1.906016312991067,-0.3219642616644358,3,0.08353140691718242,1.0,0,0.96750706,0.96750706,0.9470328876313384,0.00215234622921201,-0.0002262652294037215,0,0,0,0.0,0.08353140691718242,6.507890976092265,1.9707236489569073
1732233600000,2024-11-22,1732233600000.0,2024-11-22 00:00:00,1732233600000.0,2024-11-22 00:00:00,1732233600000.0,2024-11-22 00:00:00,1732233600000.0,2024-11-22 00:00:00,1732233600000,2.0831391219088236,2.03587893711878,2.1035472461953355,2.065262851701451,-0.34301710040349154,2.0831391219088236,1.877553134976841,1.7382383900118548,1.3602676627716423,3.145152968271874,3.1314320643673494,2.3077734408483677,1.7926685629864039,1.542010940719844,1.9883127137224959,1.0086977094024898,0.3227299091645389,1.986309772011802,0.1682292182859019,1.4767901343310201,1.1201691064255408,1.5931333868241981,1.32044538735922,3.006144038166149,1.877553134976841,2.706086994387011,1.9544409938130451,1.855923709760766,-0.5769071011338258,0.7569376587270807,0.5510185499826865,-0.67865163687131,-0.583891499951029,-0.2926372482076592,0.13912604787560295,-0.5269491173993164,-0.5995093518728971,2.0637794471152486,-0.32164950113917784,1.9065212616250924,-0.44982526135640544,1.8322244391372193,-0.4183042438000867,1.7597821107442502,-0.48845434580358316,1.736732489472015,-0.7144273283773865,1.7663621512971772,-0.7075301349111827,1.7863102898994259,-0.4342352097988095,1.6436930934604772,-0.33957479487901304,1.768712025317287,-0.018872375128834266,1.675226068297358,-0.03713317516514099,1.7050626265273312,-0.06787671778637236,1.3847199402350638,-0.4313510863273635,1.243085190712579,-0.7512448863110932,1.239221432659922,-0.5278178080268244,1.216716439169007,-0.5074465057179,1.2095097451241978,0.16992190570345983,0.9692886023758919,-0.5425908342099631,0.911490209283027,-0.6441762928243293,0.9511406248572416,-0.6362329455563427,0.9772245168570223,-0.8018808912646677,0.984292825091219,-0.5196649586838592,1.0155308828865108,-0.5471073206669453,1.1006606760005833,-0.5987259799372853,1.1185863426301905,-0.4596076563322871,1.0130890888288877,-0.5418214980720191,0.9391269277553225,-0.7905154196538828,0.9058461730216908,-0.7708453672794623,0.8917160047372633,-0.5302095610306281,0.9557784623434014,-0.6839828387637911,0.8986609940310735,-0.6633540826402217,-0.435362555774628,0.18686999699950269,-0.7603001663231811,-0.8236745883961476,1.5369350938190844,3.291940151997959,0.644332234154757,0.4956066329839096,0.7074289341021759,-0.18984624466094996,-0.15056671241075223,4.3706543726740295,2.0831391219088236,2.03587893711878,2.1035472461953355,2.065262851701451,-0.34301710040349154,3,0.010372998396287691,1.0,0,0.96750706,0.96750706,0.9489804920934388,0.0019476044621004052,-0.00020474176711160474,0,0,0,0.0,0.010372998396287691,6.507890976092265,2.001538960603351
1732320000000,2024-11-23,1732320000000.0,2024-11-23 00:00:00,1732320000000.0,2024-11-23 00:00:00,1732320000000.0,2024-11-23 00:00:00,1732320000000.0,2024-11-23 00:00:00,1732320000000,2.0354197718845644,2.007705713204744,2.103957281756132,2.08459879761013,-0.6443032675164108,2.0354197718845644,1.9173350192936836,1.7964265590932462,1.3981243528692848,3.145152968271874,3.1314320643673494,1.8961301969477231,1.6199677721346888,1.5979457862505624,2.0167146457807816,1.096217407181438,-0.13884348556921888,2.0191444210255973,-0.5040184445424862,0.7126981340717677,1.007421462278902,1.2404833810909435,0.8107645350137932,3.006144038166149,1.9173350192936836,2.7289356325274468,1.9544409938130451,1.855923709760766,-0.4661620376731275,0.8297767248176552,0.5843708268974536,-0.9393423609362664,-0.5906844580293917,-1.067650327707141,0.4446056042468426,-0.5169497808712432,-0.6580098037604033,2.085156166645135,-0.3426980593931632,2.0652903611442053,-0.3213136345472662,1.9085439401622109,-0.44906466062323647,1.8335259208068917,-0.41791267882581423,1.761481434112971,-0.48778646256266794,1.7383696105863966,-0.7140026692830825,1.7686265921030553,-0.7073946211600639,1.788627730908063,-0.433874986028003,1.6459922048434703,-0.3392263863366016,1.7708892464832924,-0.01849802634128025,1.6777920529100994,-0.03695444302136424,1.7073005179673368,-0.0676857465958005,1.387082475463805,-0.4312146737077311,1.245540398363247,-0.751089944699501,1.241865176624391,-0.527482622456478,1.2196801279799547,-0.5072206818322391,1.2124540652299534,0.17004390845847925,0.9723109262656198,-0.5423287997794085,0.9145334765319347,-0.6437877873520615,0.9540651579480179,-0.6361278511940879,0.9799462202460192,-0.8018051145615274,0.9870396822917761,-0.5194756510963259,1.0182899662126823,-0.5468411544853105,1.1036813143602624,-0.598388296071786,1.12120851594887,-0.45934928278545006,1.0158767843348744,-0.5415923972120815,0.9417952199635324,-0.7903211377509274,0.9086862989456292,-0.7707090965398229,0.8945354650704256,-0.5298609272990843,0.9583429403143506,-0.6836553021389357,0.5973420428696712,0.7508680286605921,0.7847046730135722,0.5386207447602213,0.12629740744073362,2.915789819734309,0.06449865933783122,0.023230826196549502,0.796771019474125,-0.18072369459727872,-0.18455652325382815,0.19136015979022583,2.0354197718845644,2.007705713204744,2.103957281756132,2.08459879761013,-0.6443032675164108,3,-0.02290742347565,1.0,0,0.96750706,0.96750706,0.9507428308330486,0.0017623387396097367,-0.00018526572249066842,0,0,0,-0.0,-0.02290742347565,6.507890976092265,1.9327814365541478
1732406400000,2024-11-24,1732406400000.0,2024-11-24 00:00:00,1732406400000.0,2024-11-24 00:00:00,1732406400000.0,2024-11-24 00:00:00,1732406400000.0,2024-11-24 00:00:00,1732406400000,2.0455336958456662,1.9932212409989298,2.045770055508422,2.0388203174647597,-0.6879248910210143,2.0455336958456662,1.962551427076828,1.8450767691687464,1.4383342748083963,3.145152968271874,3.1314320643673494,1.4426445675983166,1.502930129109869,1.6561992983612697,2.0223519332889537,1.2152542184655624,0.5288279418442309,1.8944169621529883,0.05883185849705566,-0.16086298050679726,1.1690947334271828,0.9196209198143445,1.2964506752036717,3.006144038166149,1.962551427076828,2.2386129155119803,1.9544409938130451,1.8814712338496793,-0.5802287121665918,0.7406349341222859,0.5109076644912814,-0.5485959376463669,-0.600890122212864,-0.5128257580329757,0.0894180273341437,-0.512533815381435,-0.6667681578886582,2.0374587646511855,-0.6439229686892053,2.086653349327853,-0.34235768063899197,2.0672363505723945,-0.32059794985708384,1.909786481413323,-0.4486659946423051,1.8351784158092161,-0.41726775274287964,1.7631021642433213,-0.4874106996399356,1.7406452207936454,-0.713866664926645,1.7709505977999846,-0.7069760370586452,1.7908690274158867,-0.4335060394311244,1.6482216195151558,-0.3387657605644034,1.7734291129742483,-0.01832207307494157,1.6800409958857263,-0.036768247332129377,1.7095326500593704,-0.06758179948849569,1.3894826583783266,-0.431086634970811,1.2481823717213962,-0.7507119866840236,1.2448261867628778,-0.527254066301226,1.2226232862645534,-0.5070132715065261,1.2154573640387982,0.17019690346677097,0.9753503363982208,-0.5419612177400767,0.9174629200008255,-0.6436822286591287,0.9567927435326471,-0.6360588353710409,0.9826940923258342,-0.8015833688859723,0.9898049723893944,-0.5192137573378347,1.0213148578227726,-0.5465131121164913,1.106307591662844,-0.5981080478347799,1.1239757251450635,-0.4591313353978609,1.0185244071901172,-0.5414234873694864,0.9446295765068963,-0.7901834388929939,0.9115028495020105,-0.7703130721457622,0.897119439381962,-0.5295601268696005,-0.5211115224260412,0.3991668898336014,-1.0652089323217815,-1.1022561856310724,-0.23575084462975004,-0.3302336712772834,-0.4752639650095806,-0.5172203725765946,1.0350692989189862,-0.17910634222306723,-0.19521516001688188,-0.24406172841816698,2.0455336958456662,1.9932212409989298,2.045770055508422,2.0388203174647597,-0.6879248910210143,3,0.004968962226272078,1.0,0,0.96750706,0.96750706,0.9523375272375638,0.0015946964045152612,-0.00016764233509447557,0,0,0,0.0,0.004968962226272078,6.507890976092265,1.9473543167302974
1732492800000,2024-11-25,1732492800000.0,2024-11-25 00:00:00,1732492800000.0,2024-11-25 00:00:00,1732492800000.0,2024-11-25 00:00:00,1732492800000.0,2024-11-25 00:00:00,1732492800000,1.8490294551890276,2.003425481434437,1.917755163242868,2.0487890647709963,-0.4189442918816725,1.8490294551890276,1.97628810384017,1.8568622128716765,1.4715551640018547,3.145152968271874,3.1314320643673494,0.17679650325757196,0.33660654318856614,1.7017338269784263,1.989929087999606,1.351201831866469,2.677514224831673,1.718709500556023,-1.9676112113765445,-1.385171937976406,0.28128477922958767,-0.331464175813894,0.1268538056151112,2.439895957179853,1.97628810384017,1.6533472726359324,1.9544409938130451,1.9575462116913327,0.440196679463655,0.11770068835940123,0.7510730999099546,0.8387919642383677,-0.3523441470969198,1.858050237783521,0.0906986067856245,-0.5017977662556152,-0.6086112483330045,2.047568036815699,-0.6875357229999451,2.0389865857833884,-0.6435180165969948,2.0885890199437998,-0.341634640853381,2.0683563360289026,-0.3202289402678017,1.911390549876923,-0.4480110601663189,1.8367503371492258,-0.4169072037354398,1.765367905828012,-0.48729187050716366,1.742979613966246,-0.7134466980772839,1.7731989457708817,-0.7065476105795653,1.7930368250705928,-0.4330200224857312,1.650794976927917,-0.33854204890401124,1.7756392985555187,-0.01813875488771026,1.6822841476343355,-0.03666706032413517,1.7118096172076511,-0.06748432902062178,1.3920842983833257,-0.4307699802787628,1.2511427089952285,-0.7504529893603694,1.2477664724689788,-0.5270441291772702,1.2256257894412783,-0.5067566807579174,1.218481354358274,0.17041810503741045,0.9782716220675741,-0.5418619174442599,0.9201998021089476,-0.6436129047015209,0.9595460216670956,-0.6358561458003389,0.9854603291046439,-0.8012778554851924,0.9928313348355623,-0.5188908488295532,1.023963814090168,-0.5462410404780267,1.1090776242642224,-0.5978713348296587,1.1265942360871044,-0.45897083059155863,1.0213464496411768,-0.5413040396656408,0.9474399641227186,-0.7897835770612257,0.9140814223485555,-0.7699705594414887,1.4645645026575853,0.8694190120220463,0.9262247861560657,0.5917265712526584,0.7813390043703623,-0.46209225205711885,-0.0099370829775803,0.052627734053037833,1.0364512198300742,-0.19262273913220226,-0.20340763509269785,0.4526132927152615,1.8490294551890276,2.003425481434437,1.917755163242868,2.0487890647709963,-0.4189442918816725,3,-0.09606502256879212,1.0,0,0.96750706,0.96750706,0.9537805282710298,0.0014430010334659515,-0.00015169537104930964,0,0,0,-0.0,-0.09606502256879212,6.507890976092265,1.6642166577753743
1732579200000,2024-11-26,1732579200000.0,2024-11-26 00:00:00,1732579200000.0,2024-11-26 00:00:00,1732579200000.0,2024-11-26 00:00:00,1732579200000.0,2024-11-26 00:00:00,1732579200000,1.8104626392582082,1.8553051284633761,1.8450574761158627,1.8526886207071145,-0.40475603706014035,1.8104626392582082,1.9740259041640165,1.8678590535069457,1.5023276138207946,3.145152968271874,3.1314320643673494,-0.9156275930596601,0.30319854345001723,1.7332801284962744,1.9752395627279624,1.4363317825081423,1.410779052914261,1.5326623656657048,-0.43925982291800564,-1.3495150357086991,-0.16409948173988564,-1.1748722592703464,0.06011214499844116,1.489383590259213,1.9740259041640165,1.7501960710103361,1.9544409938130451,1.9411770240519686,0.39476258447229956,0.12707396389770756,0.7776470170955062,0.07154939654594664,-0.2937947761124428,-0.19116798125815007,-0.15877096657143352,-0.4995442921434622,-0.604593411295351,1.8511541762884571,-0.41860981327579794,2.049089364251986,-0.6871214216771763,2.04094528053711,-0.6426897183928918,2.089692515050486,-0.3412607749683047,2.0698597103834637,-0.31961580448858823,1.9129119966657704,-0.4476438785066915,1.8389866921193925,-0.41679371862837755,1.767693121241364,-0.48692031121529744,1.7452391196491102,-0.713016862324407,1.7753742586216101,-0.7059880587239882,1.7955706447923974,-0.4327822556093399,1.653054860602888,-0.3383092773394224,1.7778438047086007,-0.018039230991237925,1.6845715270737847,-0.03657218865887585,1.7143209395598704,-0.06723732995113622,1.3950293082026992,-0.43055461255791444,1.254082273128772,-0.7502149002959645,1.2507670084619367,-0.5267844735301699,1.2286491349015451,-0.5063964066141898,1.221370027128668,0.17047362154755918,0.9809930595045765,-0.5417967466226361,0.9229616242492484,-0.6434093466278399,0.9623173012233599,-0.6355762572291281,0.9884869158885149,-0.8009025324213596,0.995488133820039,-0.5186231310292918,1.0267494490692304,-0.546011341922928,1.1117001473845183,-0.5976966886249215,1.1293989346577396,-0.4588574289718825,1.0241436831552844,-0.540953219756516,0.9500070966045269,-0.789437686724152,-0.22813533886876441,1.5269117669278904,-0.7278730439601218,-0.8106769394522383,-0.6286291350334207,0.09288737119605335,-0.2005578649000212,-0.20545256215829008,0.9597693170977051,-0.19092131460195302,-0.1925081628957882,1.6717945796987614,1.8104626392582082,1.8553051284633761,1.8450574761158627,1.8526886207071145,-0.40475603706014035,3,-0.020857869961231512,1.0,0,0.96750706,0.96750706,0.955086263943781,0.0013057356727512737,-0.00013726536071467788,0,0,0,-0.0,-0.020857869961231512,6.507890976092265,1.6086467731789487
1732665600000,2024-11-27,1732665600000.0,2024-11-27 00:00:00,1732665600000.0,2024-11-27 00:00:00,1732665600000.0,2024-11-27 00:00:00,1732665600000.0,2024-11-27 00:00:00,1732665600000,1.9644441935163148,1.9459517346369688,1.885745338188552,1.8110359236503735,-0.5625635807679693,1.9644441935163148,1.9827924697255148,1.8829467082932607,1.535604762668589,3.145152968271874,3.1314320643673494,-1.0882324863686863,0.4241944823624268,1.7719188301971276,1.965440991049323,1.531056737510782,2.2449075213760024,1.4408842665246457,1.5680959047385814,-0.5294834315785965,0.13254591017595876,-0.5991104494107773,0.6609865394226725,1.8548207029507124,1.9827924697255148,1.6504162490359187,1.9544409938130451,1.9411770240519686,0.6851834210154815,0.24960983409846316,0.816657340835828,0.5043656811957622,-0.11724395256419415,-0.7288669347779442,-0.6439881003040671,-0.5163871096535602,-0.6406024128409697,1.8126050987728628,-0.4044244432249939,1.85280167026406,-0.41825316138088253,2.051043179132478,-0.6862778836658624,2.0420855701970195,-0.6422463542912406,2.0911823406284396,-0.3406407945655867,2.0712762045968787,-0.3192763232016541,1.915117962106348,-0.447528063620402,1.841284578159102,-0.4164372212208181,1.7699427686297358,-0.48653981164313165,1.7474263239884171,-0.7124555681852502,1.77791290060701,-0.7057095867947751,1.797771857407751,-0.43253492999798254,1.655308921491512,-0.3381811708454134,1.7800946685642611,-0.017945925247376704,1.6870904816773553,-0.03633111145607377,1.7172316269239636,-0.0670715361681367,1.3979524353448807,-0.4303568720755282,1.2570823149782895,-0.7499210975458789,1.2537887595213044,-0.526420084899513,1.2315364437949554,-0.5062992921792171,1.2240297205259474,0.17050973700366318,0.9837406871601827,-0.5416048945093758,0.9257408736694902,-0.6431282901767823,0.9653450830083802,-0.6352317256615678,0.9911449110750449,-0.8005903637653146,0.9982791643290548,-0.5183971674968098,1.0293941438285117,-0.5458419816690739,1.1145072362734887,-0.5975731145226726,1.1321776411735434,-0.45852285524591474,1.026686397468532,-0.540650495099027,1.2634814874327003,2.5255035648694992,0.47841834382708903,0.2090864755714767,-0.2824114246036718,0.34979373587048146,-0.26378483942892944,-0.33063818967207764,1.0440142460204394,-0.18775526777938642,-0.19496949152751702,0.2784445374319044,1.9644441935163148,1.9459517346369688,1.885745338188552,1.8110359236503735,-0.5625635807679693,3,0.08505094273649116,1.0,0,0.96750706,0.96750706,0.9562677916125452,0.0011815276687641152,-0.00012420800398715848,0,0,0,0.0,0.08505094273649116,6.507890976092265,1.8305146405043238
1732752000000,2024-11-28,1732752000000.0,2024-11-28 00:00:00,1732752000000.0,2024-11-28 00:00:00,1732752000000.0,2024-11-28 00:00:00,1732752000000.0,2024-11-28 00:00:00,1732752000000,1.9534256621099078,1.9183102291231753,1.9982554913276838,1.967806263057278,-0.7314382829730729,1.9534256621099078,1.9673849691207979,1.9059800445584498,1.5649539666923988,3.145152968271874,3.1314320643673494,-1.3169235042119067,0.7888397275650061,1.8087642431315611,1.9415946690593884,1.638278805408495,0.054744419027261085,1.2635692517101889,-0.15100035640773515,0.555446535119637,-0.4978178698793981,-0.44580719959931375,0.5383441528270269,1.7446570504815042,1.9673849691207979,1.483579988459044,1.9544409938130451,1.9411770240519686,0.2614616856371527,0.039625696292516055,0.7773275144763592,-0.8085554290081296,-0.3395967185281182,-1.0276519307094578,-1.4240738595907465,-0.5779460683165688,-0.6746731765405134,1.9665158307792356,-0.5621999013388942,1.8142773547672502,-0.40407083223628254,1.8548502965933242,-0.41750359539869203,2.0521756703350884,-0.6858244572866538,2.0436056268608733,-0.6415284208092936,2.092584713072344,-0.3402967772850294,2.0734189805821144,-0.3191702383224661,1.9173875860674747,-0.44716499984002034,1.8435048696876866,-0.4160720724716324,1.7721194663529278,-0.4860395117676341,1.7499725963659303,-0.7121761318196221,1.7801212691110366,-0.7054201114759695,1.7999674164781598,-0.4323984116930205,1.6576066087968597,-0.3380609528346911,1.7825868570978853,-0.017708416294700418,1.6900040694446103,-0.036169532268251425,1.7201179470475707,-0.06691964157864526,1.4009412209023218,-0.4301120104344219,1.2601036655347866,-0.7495108679814044,1.2566726962574124,-0.5263217397825001,1.2341935550459868,-0.5062355719170829,1.2267206020831722,0.17061969414404202,0.9865066959396522,-0.5413395791157398,0.9287705440955812,-0.6427823552528464,0.9680094501190608,-0.6349456701404294,0.9939367645315089,-0.8003262672237633,1.0009315263647403,-0.5182306218821703,1.0322144418203227,-0.5457222099661057,1.1172884961638925,-0.597211206738758,1.1346859635247006,-0.45823443014070314,1.5932143473116884,1.186047209366935,1.4505691020821625,1.065598168727741,1.0318543605907524,2.018336125502289,0.38006414575706415,0.2675538073661298,0.9605206473614867,-0.19370081379643753,-0.205841942302214,-0.4182304837015241,1.9534256621099078,1.9183102291231753,1.9982554913276838,1.967806263057278,-0.7314382829730729,3,-0.005608981636013866,1.0,0,0.96750706,0.96750706,0.9573369265540097,0.0010691349414645446,-0.00011239272729957062,0,0,0,-0.0,-0.005608981636013866,6.507890976092265,1.8146383358652667
1732838400000,2024-11-29,1732838400000.0,2024-11-29 00:00:00,1732838400000.0,2024-11-29 00:00:00,1732838400000.0,2024-11-29 00:00:00,1732838400000.0,2024-11-29 00:00:00,1732838400000,2.025440720659535,1.9975578693828757,2.030571478143425,1.9567464748708276,-0.5846171174943978,2.025440720659535,1.959178437581091,1.9238082951047462,1.597150846805534,3.145152968271874,3.1314320643673494,-1.2415685718602514,0.642522846351098,1.8488491528670217,1.9044764166111408,1.7679457172707047,0.8344262978957134,1.1787797716018789,0.6829928106094436,1.2308841281439165,-0.3117695490178005,-0.1762660083750862,0.5188054661802067,1.908337710022933,1.959178437581091,1.2347594493192262,1.9182955854176327,1.9411770240519686,0.3611080304909853,-0.12876646330480884,0.7685449635310089,-0.3625466801370395,-0.2707191350617304,1.2484548895153786,-0.9555821849459739,-0.6142674090882001,-0.6460096132780945,1.9555023672344223,-0.731040267763892,1.968089222139688,-0.5618124681539545,1.8163445892226329,-0.4033262231138045,1.8561343046489027,-0.4171122152531774,2.0536893196420967,-0.6850923416987569,2.0450395088970827,-0.6411194891411933,2.0947189866752405,-0.34018909909694783,2.0756298387322323,-0.3188345981079932,1.9195775198708134,-0.4467931587524285,1.8456502809901147,-0.41559075080098845,1.7746589969671864,-0.4857938386134911,1.7521922878172453,-0.7118856578357879,1.7823239634283807,-0.705259231879855,1.8022098263834396,-0.4322702734468872,1.6601331191076385,-0.33776211915669446,1.7854902732407627,-0.017549376632094514,1.6928934999282481,-0.03602153532916809,1.7230815266203874,-0.06673038905013125,1.4039534482429243,-0.42976748208444415,1.2629867552074738,-0.7493988114065787,1.2593234232058805,-0.526257202827246,1.2368820634717212,-0.5060478083268181,1.229433678000332,0.17077488500074692,0.9895332286938788,-0.5410125590770568,0.9314449817218087,-0.6424951095968073,0.9708056872485888,-0.6347039752465553,0.9965902960103457,-0.8001309853272586,1.0037563922571293,-0.5181128748635705,1.0350098118763837,-0.5453705194523156,1.1198015583849954,-0.5968987227646549,-0.656375807145503,-0.13010804331610248,-1.1526492714567234,-1.1765099657022255,-0.10089991903440615,-0.2881672468315779,-0.6625768398321547,-0.7026681831159999,0.8730529183802531,-0.1936378848762106,-0.20581906401911185,-0.4182304837015241,2.025440720659535,1.9975578693828757,2.030571478143425,1.9567464748708276,-0.5846171174943978,3,0.03686603485685924,1.0,0,0.96750706,0.96750706,0.9583043601175893,0.0009674335635796449,-0.00010170137788489964,0,0,0,0.0,0.03686603485685924,6.507890976092265,1.9184028908647277
1732924800000,2024-11-30,1732924800000.0,2024-11-30 00:00:00,1732924800000.0,2024-11-30 00:00:00,1732924800000.0,2024-11-30 00:00:00,1732924800000.0,2024-11-30 00:00:00,1732924800000,1.9851175292645484,1.9513134434918114,2.0604119094630278,2.029069385210089,-0.7715606629316141,1.9851175292645484,1.9520238729546708,1.9400397209399953,1.6307455164726827,3.145152968271874,3.1314320643673494,-1.4153062053158685,0.560157605416646,1.8797941186332714,1.8685750640859036,1.8764879887831774,-0.37521298856120605,1.159752912832635,-0.438121939846508,0.05070166869550095,-0.28719106974307046,0.533354061684594,0.13943410017338778,1.3612267481594318,1.9520238729546708,1.089360853072652,1.9182955854176327,1.9411770240519686,0.3530199362589743,-0.10751990099448619,0.7014971239153954,-1.0718712256570948,-0.29959646756489655,-1.1783043421802801,-1.1106246668028097,-0.6333988614789782,-0.6829922516571534,2.0274843031893997,-0.5842489541172967,1.9570828330985661,-0.7306166404073571,1.970082161942728,-0.5610127268206752,1.8176583346648414,-0.40293811579829014,1.857772443006496,-0.4164675496739916,2.0551165233471793,-0.6846740114213523,2.047192753677843,-0.6409890091858295,2.096921937661244,-0.3398489682165382,2.07775664921153,-0.31849070666449486,1.9216905770002635,-0.44630356335148436,1.8481697360977043,-0.4153555829813745,1.7768686841318502,-0.48553832612431075,1.7544062724199232,-0.7117242010406607,1.7845731153104307,-0.7051081559854643,1.8046958181373955,-0.43195339200414573,1.6630495781898003,-0.3375594346595471,1.788368795787764,-0.01740372824158587,1.6958592095211027,-0.035837010484350555,1.726073324530233,-0.06646051340644903,1.406817242317427,-0.42967507736563004,1.2656358784617239,-0.7493251753884528,1.2620060641136657,-0.5260671373192559,1.239592925727572,-0.5057879907883711,1.232447667105378,0.17096957638298813,0.992190935786295,-0.5407413544391604,0.9342481470329499,-0.6422523937231531,0.9734654481123676,-0.6345255747889301,0.9994158586168956,-0.7999925671333273,1.0065566418144427,-0.5177666247955566,1.037549067022774,-0.5450670285067201,1.8251599267417238,2.4252399264300686,0.9565241115765221,0.6132976274737606,1.1478401087867187,0.01448681705697237,1.71650464899039,1.4160815993608205,1.0508013878659976,-0.19361143329602287,-0.2046312063762494,3.761819643099047,1.9851175292645484,1.9513134434918114,2.0604119094630278,2.029069385210089,-0.7715606629316141,3,-0.01990835425776183,1.0,0,0.96750706,0.96750706,0.9591797666389199,0.0008754065213305573,-9.202704224908764e-05,0,0,0,-0.0,-0.01990835425776183,6.507890976092265,1.8603022922465167
1733011200000,2024-12-01,1733011200000.0,2024-12-01 00:00:00,1733011200000.0,2024-12-01 00:00:00,1733011200000.0,2024-12-01 00:00:00,1733011200000.0,2024-12-01 00:00:00,1733011200000,2.0162161101665235,1.9660749276335778,2.0451024448094497,1.9883638246217363,-0.777344803344789,2.0162161101665235,1.9478539880647163,1.96045952858761,1.6662971654810164,3.1353353949106966,3.1314320643673494,-1.4539608438163076,0.7275909030009045,1.8962620309182128,1.8788701378818795,1.9000029668116858,0.10054718456403078,1.126821447732622,0.2692393778006831,0.2960181225841162,-0.2097472921458573,0.8620785920502807,-0.2555788473651734,0.5700771988749344,1.9478539880647163,0.9593917195225092,1.8989827130475159,1.9411770240519686,0.3703050390934315,-0.1325686338518351,0.6739082086797131,-0.7942748979787195,-0.353128602179451,-0.3175559425815846,-0.9891872377685472,-0.6468419528594691,-0.6843197602771464,1.9871796580366918,-0.7711544899984072,2.0290185314217983,-0.5838567942949024,1.959081089239424,-0.7297579004009964,1.9712771781379832,-0.5605882177580946,1.8193209058096522,-0.40229806305367943,1.8593294005432257,-0.4161071733047316,2.0572657472632323,-0.6845402301192418,2.0494133477444354,-0.6405846126002279,2.099040254656421,-0.3395004999607066,2.0798024317698975,-0.3180356653765049,1.9241892714583593,-0.4460638156305955,1.8503496326696416,-0.4151109486693819,1.7790726933060486,-0.4853970760447683,1.7566660923057775,-0.711572581678034,1.7870640489605056,-0.7047390067428329,1.8075968793841202,-0.4317378629047272,1.6659420878395477,-0.33737342360073674,1.791327035466081,-0.017222052086015554,1.6988527338105175,-0.03557348154116397,1.72889391036637,-0.06639043801969108,1.409429834376389,-0.429614482519044,1.2683170454881387,-0.7491094634122872,1.2647114531382533,-0.5258042243817312,1.2426063902550746,-0.5054675771228975,1.235038489591692,0.1711285579568584,0.9949825910435376,-0.5405123996569302,0.9369177531360035,-0.6420732238753473,0.9762947219730286,-0.6343993001000133,1.0022168524149304,-0.7995907724034974,1.00910495485674,-0.5174679224170996,1.5267710097273455,0.42528169148398554,0.7023132025826629,0.39856243565688065,-0.2892138113648828,-0.9465203021895416,-0.7235355208653623,-0.7393005779083183,1.0469036890440546,-0.19346365099171778,-0.20544729009834156,0.10427578214854727,2.0162161101665235,1.9660749276335778,2.0451024448094497,1.9883638246217363,-0.777344803344789,3,0.015665863830992777,1.0,0,0.96750706,0.96750706,0.9599719001832147,0.0007921335442947486,-8.327297703580872e-05,0,0,0,0.0,0.015665863830992777,6.507890976092265,1.905111398472327
1733097600000,2024-12-02,1733097600000.0,2024-12-02 00:00:00,1733097600000.0,2024-12-02 00:00:00,1733097600000.0,2024-12-02 00:00:00,1733097600000.0,2024-12-02 00:00:00,1733097600000,1.9613777526220635,1.978131401085872,1.9925101090178832,2.0197130530340552,-0.5311161208469615,1.9613777526220635,1.9638334576228604,1.9752427050698698,1.7001980558787941,2.936445386170514,3.1314320643673494,-1.7380766340205591,0.481283226254803,1.911377138195625,1.876078280876181,1.9358455841052844,1.1103613752027208,1.157356397161976,-0.5825255556207377,-0.43475100552783025,0.3320476997231071,-0.10267270210714771,-0.4827148350980241,0.5149044742980445,1.9638334576228604,0.660956200244147,1.8989827130475159,1.9411770240519686,-0.3318202896399773,-0.07632211990353266,0.7033187538293029,-0.17578303389138214,-0.5741990809171099,3.4013274325698006,-0.6147367664207887,-0.6637054915043874,-0.6341844224322333,2.0182639354622807,-0.7769374543741369,1.9887397759776049,-0.7707222633887805,2.0309820409739228,-0.5830493482587481,1.9602846013999442,-0.7292944367101953,1.9728421991361245,-0.5598968591902533,1.8209033294234738,-0.4019407436514249,1.8615567461625004,-0.4159937488383955,2.0594826019499837,-0.6841265288436076,2.0515506160630776,-0.640170645802248,2.1010769851645374,-0.3390398003648754,2.082257958263507,-0.3178150449924075,1.9263383607354174,-0.4458144388729974,1.8525239371844804,-0.4149759858562934,1.781323087574585,-0.4852644825429474,1.7591648456455955,-0.711202194039527,1.789966988223358,-0.7044862786267678,1.8104728765667288,-0.4315399731797154,1.6689099060903871,-0.33714278925012675,1.794314505395625,-0.01696234737867425,1.7016769709387942,-0.03550530451268212,1.7314246988668887,-0.06634466114498233,1.4120774272665617,-0.4294355281733708,1.2710210596735418,-0.748812063554108,1.2677236206587577,-0.5254800912000394,1.2451944156157801,-0.5052019751070149,1.2377841304521486,0.17126124005675572,0.9976358408728927,-0.5403435998956081,0.9397528924528971,-0.6419463957328071,0.9790996801894599,-0.6340301356811586,1.0047665470031344,-0.7992431807697798,-0.613446012626583,0.23168392294230727,-1.1396991497537359,-1.1654806010708074,-0.16132585327459276,-0.6945409502612513,-0.8754853476578917,-0.8935894217362313,0.9775421024880985,-0.10975895257378454,-0.1753291007659409,-0.4182304837015241,1.9613777526220635,1.978131401085872,1.9925101090178832,2.0197130530340552,-0.5311161208469615,3,-0.02719865061485438,1.0,0,0.96750706,0.96750706,0.9606886820859165,0.0007167819027018574,-7.53516415928912e-05,0,0,0,-0.0,-0.02719865061485438,6.507890976092265,1.826096288548047
1733184000000,2024-12-03,1733184000000.0,2024-12-03 00:00:00,1733184000000.0,2024-12-03 00:00:00,1733184000000.0,2024-12-03 00:00:00,1733184000000.0,2024-12-03 00:00:00,1733184000000,1.964069391120709,1.905369942163918,1.9601202805092006,1.964786810274569,-0.532512157494609,1.964069391120709,1.9856811800307168,1.9849861030161475,1.7349503735771636,2.748845036308916,3.1314320643673494,-1.9325464041524636,0.31326905307780306,1.9218799634888561,1.8791754800704445,1.9548834665836328,0.43662665251577903,1.1058576092481824,-0.013623758073568231,-0.19057822572285782,0.4978993286503194,-0.0417565692818269,-0.3346629924942545,0.2938779512367981,1.9856811800307168,-0.46815572129759414,1.8989827130475159,2.088311950661997,-0.41075369521816363,-0.11880213535180653,0.6864584486876597,-0.5814182357400661,-0.7164772440255645,-0.24272460185120384,-0.6568461710235469,-0.6829119205511864,-0.63451708128756,1.9634508002633246,-0.5307588353481472,2.0198040864023956,-0.7765039880751553,1.9907227410904973,-0.7698495060835142,2.0321300250959573,-0.582619752067587,1.9618566028403857,-0.7285481742042033,1.9743229470985648,-0.5595055389570026,1.8231460075635038,-0.40182839297247064,1.8638462535604101,-0.41563742234386153,2.061615853611978,-0.6837030788596816,2.0536075442109243,-0.6396289704338397,2.103526703243802,-0.3388160478396087,2.0843429894188934,-0.3175854744159621,1.9284819468215033,-0.44567673506583877,1.8547462640118773,-0.41484931220106525,1.7838149318989565,-0.484937448951646,1.7620707565418245,-0.710948584556561,1.7928449993695346,-0.7042539873148138,1.813429386838576,-0.43129493051367,1.671905139445444,-0.3368173603910291,1.7971259375550528,-0.016895314215382127,1.7042146722110718,-0.035460787407834704,1.7339971098804594,-0.0662074724898565,1.4147501234374833,-0.4291875564655923,1.2740329013945397,-0.74844648994504,1.2703047301849295,-0.525211334799325,1.2479381321463332,-0.5049778266402607,1.2403719918763303,0.1713574906276791,1.0004612356823317,-0.5402242313776955,0.9425641162393746,-0.6415757441515703,0.9816567339906872,-0.6337112645680159,0.9961252282337242,0.7118976155333904,1.5674222877986916,1.1815443459284325,0.18727565280391034,0.4469635432995416,0.15340483459526869,0.14267910297264363,0.9213347956057059,-0.17464741307239334,-0.15726097122491686,0.6267820479986186,1.964069391120709,1.905369942163918,1.9601202805092006,1.964786810274569,-0.532512157494609,3,0.0013723202963056291,1.0,0,0.96750706,0.96750706,0.9613372801660526,0.0006485980801360647,-6.81838225657927e-05,0,0,0,0.0,0.0013723202963056291,6.507890976092265,1.8299745978441355
1733270400000,2024-12-04,1733270400000.0,2024-12-04 00:00:00,1733270400000.0,2024-12-04 00:00:00,1733270400000.0,2024-12-04 00:00:00,1733270400000.0,2024-12-04 00:00:00,1733270400000,2.073947123770726,2.016912200228213,2.0011581172121784,1.9674932056664003,-0.5261652480465285,2.073947123770726,2.0012559486788213,1.997095420137595,1.7745038669334183,2.7161620224210594,3.1314320643673494,-1.6377250559469707,0.3952836466738189,1.9438889820513152,1.8768340846292544,2.005065684864153,1.6029608314650796,1.1747605902950258,1.060301782702354,0.2610458225428438,0.30802225136760025,0.12250795286287232,-0.032897310245910395,0.8339065412952053,2.0012559486788213,-0.06855305108248821,1.9456058718252391,2.088311950661997,-0.7318381296085502,-0.0660736694636427,0.6632620325829679,0.07048661798279172,-0.8110171768994792,-0.20965023922449078,-0.02251681672050125,-0.677439916607589,-0.6352535930301682,1.9661412007701842,-0.5321545881521715,1.9650261604476271,-0.5303781421588715,2.021772046742362,-0.7756292100017997,1.9919018168726477,-0.7693767872918946,2.033656403672298,-0.5819212235328968,1.9633446264558312,-0.7281204686368027,1.9765044087414692,-0.559381245177834,1.8254497741129145,-0.4014750928970062,1.8660575451668926,-0.4152724477864001,2.063668500951467,-0.6831496794393588,2.0560702224767873,-0.6393603939862782,2.1056031151344796,-0.33858323395981854,2.0864227021641244,-0.31745921799894905,1.9306752483138345,-0.4455474805967506,1.8572175347888809,-0.4145357681076237,1.786718217235659,-0.48471469456353944,1.7649519544345205,-0.7107154781580053,1.7958028888330875,-0.7039672169911567,1.8164154550855338,-0.4309501591459389,1.6747329912469102,-0.3367306685109736,1.7996393959501105,-0.01685155619110954,1.7067934364342492,-0.035327149519212224,1.7365996762620939,-0.06601566329327155,1.4177545436405514,-0.4288813770743366,1.2766122737092078,-0.7481425894428155,1.273043688850065,-0.5249844802837608,1.2505232590162836,-0.5048126488232755,1.243158430514369,0.17142467156468189,1.0032620502369265,-0.5398736242458222,0.9451328009180905,-0.6412555640690517,1.0227313667456182,1.8114489217007987,1.5991299857588606,1.3393611280225701,1.3271343286870247,0.527564965826978,0.3262782159837609,0.30590965837699685,0.6104393909629996,-0.1066694260361987,0.03153509901957902,0.7138664256402971,2.073947123770726,2.016912200228213,2.0011581172121784,1.9674932056664003,-0.5261652480465285,3,0.05594391580397273,1.0,0,0.96750706,0.96750706,0.9619241804044242,0.0005869002383716015,-6.169784176446313e-05,0,0,0,0.0,0.05594391580397273,6.507890976092265,1.9882944584733093
1733356800000,2024-12-05,1733356800000.0,2024-12-05 00:00:00,1733356800000.0,2024-12-05 00:00:00,1733356800000.0,2024-12-05 00:00:00,1733356800000.0,2024-12-05 00:00:00,1733356800000,2.0075704930872402,2.201850554543299,1.831181180494916,2.07735488255787,0.002844425729960812,2.0075704930872402,2.0089570505032515,1.9932616439817252,1.8098814630938975,2.5685432286595993,3.1314320643673494,-1.736025216839112,-0.2721155121187002,1.9554396865141475,1.879092583383317,2.027339927048292,3.515396262775825,1.6749832248431706,-0.6867359596270306,0.19891173585970726,0.10121961302841298,0.00990897282943407,0.3858458444381106,0.3367082788167904,2.0089570505032515,-0.18628844954374318,1.9456058718252391,2.0964960966779644,-0.5773288546122304,-0.2788189803085275,0.7080113194443417,3.4373202408953665,0.11413647732658874,1.9836463082088505,3.432918316265759,-0.5670503032017076,-0.5282631387959987,2.0759683962732085,-0.5258089691643217,1.967714832774406,-0.531773595756506,1.9670205797795708,-0.5295893874232463,2.0229271436063256,-0.775155156972213,1.993453740932366,-0.7686174803414775,2.035096874981738,-0.5815251516980592,1.9655304685967725,-0.7279833941790639,1.9787512443190702,-0.5589942840379465,1.8276763821938111,-0.4011132028157269,1.8681933646756628,-0.4147913414687852,2.066128432358001,-0.6828746131742226,2.0581658663423776,-0.6390811653476206,2.1076742334779657,-0.3384551030088677,2.088555650793522,-0.31734074194907436,1.9331252434033654,-0.4452280556274286,1.8601130017795817,-0.41432261420120026,1.789596599507576,-0.4845101229039125,1.767912026228696,-0.7104277191690667,1.7987900749138401,-0.7035664281395481,1.8192239226868183,-0.43085768173821126,1.6772775359624923,-0.3366738647622965,1.8021958796632669,-0.016720057834445384,1.7094019291011953,-0.035140115054252095,1.7395874776118532,-0.06577697031199985,1.4202943433160105,-0.42862784662261766,1.2793500372302873,-0.7478855858937177,1.275622054591903,-0.5248172632418824,1.2533080685006055,-0.504695885717113,1.2459176314909297,0.17163504760247594,1.0058114120926773,-0.5395710868704413,1.234984566235097,0.8971480320406124,1.301313509755464,1.05721771799992,2.1017091046586134,2.874499075216349,0.9662604650556539,1.1443039499450558,0.6356200625982268,-0.19233647914986787,-0.200989412583173,1.0622039362070115,2.0075704930872402,2.201850554543299,1.831181180494916,2.07735488255787,0.002844425729960812,3,-0.03200497733172858,1.0,0,0.96750706,0.96750706,0.9624552518034151,0.00053107139899089,-5.582883938071159e-05,0,0,0,-0.0,-0.03200497733172858,6.507890976092265,1.892654162069341
1733443200000,2024-12-06,1733443200000.0,2024-12-06 00:00:00,1733443200000.0,2024-12-06 00:00:00,1733443200000.0,2024-12-06 00:00:00,1733443200000.0,2024-12-06 00:00:00,1733443200000,2.1187781690467764,2.125910703742062,2.0628452360740526,2.0089167579373117,-0.4636991917902961,2.1187781690467764,2.0222325780298505,1.9957833660600652,1.8408843713022434,2.571025424385566,3.0879136338202255,-1.3782709317160553,0.0043989670947300556,1.9733537361611821,1.8920017381926189,2.0509279497537527,2.4081977704158386,1.8685388965504888,1.0608492484694019,0.8280829536787544,0.24186126723464413,0.3593866504786959,0.8729958911923782,0.6182321463586536,2.0222325780298505,0.32418137664940827,1.9886963672653013,2.0964960966779644,-0.41970383235654446,-0.1505633876387765,0.3396682291583859,0.5158970319873599,0.3055446751842221,-1.0176374637843082,0.4665041007892845,-0.5488719055435447,-0.6239099511251005,2.0096222948467513,0.0030931458150511904,2.077471480724716,-0.5254293370738212,1.9697079534160784,-0.5309843532964988,1.9682179603893168,-0.5291721324022346,2.024459366143074,-0.7743939695027877,1.994920838072222,-0.7681811301033085,2.0372540870075597,-0.5813991888757447,1.967781378011035,-0.7275604112996775,1.9809166999693308,-0.5585980871574141,1.829828525450774,-0.4006359098324801,1.8707066650326336,-0.4145562928572644,2.068220000084,-0.6825886643892144,2.060256161184594,-0.6389262080312452,2.109799061399357,-0.3383348619704363,2.090961406991514,-0.31704587766061465,1.9360126252212415,-0.44501071629900085,1.8629829997443692,-0.41412692105060595,1.7925547431234636,-0.48425697533618706,1.7709009810867058,-0.7100256030792511,1.8016009067331809,-0.7034571953714251,1.821731768462281,-0.4307970386545229,1.6798625896786918,-0.33650559594251095,1.8047835890305193,-0.016535900407694922,1.7123911348194443,-0.03490715952113129,1.7420386630857023,-0.06558067260118665,1.4230048821701813,-0.42841405397596216,1.2819267046218428,-0.7476956491361197,1.2784028360277517,-0.5246990332383841,1.2560655291902518,-0.5043522794795884,1.2483897453988633,0.17181415648752568,2.5767796975242074,0.9491335282841213,3.2997921780131727,3.3554586077940396,0.01195688829811458,2.7691446556581387,-0.5449286101175022,-0.3791159084588463,0.2343524704224254,-0.17895104811068158,-0.17627876977822798,0.3655289150735829,2.1187781690467764,2.125910703742062,2.0628452360740526,2.0089167579373117,-0.4636991917902961,3,0.05539415743679377,1.0,0,0.96750706,0.96750706,0.9629358050770152,0.0004805532736000817,-5.0518125390808244e-05,0,0,0,0.0,0.05539415743679377,6.507890976092265,2.0528903021332066
1733529600000,2024-12-07,1733529600000.0,2024-12-07 00:00:00,1733529600000.0,2024-12-07 00:00:00,1733529600000.0,2024-12-07 00:00:00,1733529600000.0,2024-12-07 00:00:00,1733529600000,2.1203212519569665,2.068527023066684,2.174025335952289,2.120126160283402,-0.7722899411588201,2.1203212519569665,2.0414628095533764,2.0017907639557957,1.8716026611921235,2.543817318586852,3.0018524382369542,-1.178387265897294,0.15964075005292502,1.992730201101273,1.8945450266886255,2.089743987478271,-0.24192400913328674,1.8589718251277654,-0.02576361713407161,0.1921146607860381,0.4015338135464581,0.6160929059820285,0.3621021138266805,0.6891444492814176,2.0414628095533764,0.5601181843025557,1.9901795405149045,2.0964960966779644,-0.4941367013206642,-0.17900188992605265,0.34275252420865543,-1.0128415747197788,0.3184069211655293,-1.3362793435790081,-0.2239591689712364,-0.5489815427998934,-0.6838681069251452,2.120778821965379,-0.46335561357162075,2.0111679967489393,0.0033593975906896904,2.0794115863933498,-0.5246423119929166,1.9709032586070279,-0.530566776249228,1.969784924034163,-0.5284909979198955,2.025905928560537,-0.7739563730277403,1.9970940808787565,-0.7680410191265704,2.039478370588047,-0.5810075236165035,1.9699512095748963,-0.7271275016589606,1.9830036691625983,-0.5580783807175765,1.832352300240668,-0.4004029720819979,1.8728774284020058,-0.41431178198415486,2.070306230544579,-0.6824298230259087,2.062399108662343,-0.638780708326092,2.1121988650856816,-0.33803597581941874,2.0938319771747893,-0.3168460181797828,1.9388739527367882,-0.44481115247729885,1.8659354016641136,-0.41388454273563735,1.7955421351944842,-0.48390132350630755,1.7737155538692797,-0.7099159733216001,1.804113228540466,-0.7033854332601499,1.8242830938757026,-0.43061794834855044,1.6824769491960057,-0.3362719931092659,1.8077678696718158,-0.0163064020023989,1.714849808595294,-0.03471572752896512,1.7446882383000857,-0.06541597814599531,1.4255428621579052,-0.4282566801003015,1.284706474238784,-0.7475610759178201,1.2811559938944195,-0.5243514853615902,1.2585344125758626,-0.5040559041457012,-0.6551441913516428,0.899412884548563,-1.1506172071716243,-1.1746936923382414,4.255430749946366,1.7352189544974754,1.229152880382184,0.9653156178635705,0.839817400465534,-0.19344592312464762,-0.2015975019841914,4.3706543726740295,2.1203212519569665,2.068527023066684,2.174025335952289,2.120126160283402,-0.7722899411588201,3,0.0007282890359798788,1.0,0,0.96750706,0.96750706,0.9633706457579604,0.00043484068094523654,-4.5712592654845174e-05,0,0,0,0.0,0.0007282890359798788,6.507890976092265,2.0551136886682997
1733616000000,2024-12-08,1733616000000.0,2024-12-08 00:00:00,1733616000000.0,2024-12-08 00:00:00,1733616000000.0,2024-12-08 00:00:00,1733616000000.0,2024-12-08 00:00:00,1733616000000,2.169142332852841,2.101506699121284,2.1638377414014114,2.1234836019404715,-0.7598416172904765,2.169142332852841,2.0632137392594054,2.0105369750373656,1.9030896281885947,2.557144647917599,2.9357938393044916,-0.900630094457407,0.26194848405094545,2.0132907800379187,1.9026606684853038,2.124622122693675,0.44883123212023424,1.8515472000962805,0.42898073149774346,0.8571407275449123,0.4629068342147751,0.820098689304882,0.5486300506041564,0.7351014364924958,2.0632137392594054,0.9588562365413024,2.0371051598210963,2.0964960966779644,-0.4790593846011647,-0.16281935613018322,0.34318734665803635,-0.6265908359460739,0.35494438358927016,-0.0617311379772501,0.075788003263949,-0.5463501721860878,-0.68173160159924,2.122321195150259,-0.7718836199480056,2.12225312241804,-0.46298936955600356,2.0131401285178687,0.003961605950129071,2.0805221690958344,-0.5242261989985482,1.9724685170493803,-0.5298851878924556,1.9712676968000082,-0.5281064532801615,2.0280668078979693,-0.7738158242989976,1.999333272988279,-0.7676094779616621,2.041619601999806,-0.5806065323754512,1.9720428424596763,-0.7265624072757906,1.9854856238171614,-0.5578219651116572,1.8345386069071736,-0.4001606469860602,1.8750426260597384,-0.41417689051511,2.0724453376553673,-0.6822806662525918,2.064812194056436,-0.6384242654925899,2.11506717319937,-0.33783325397719893,2.096675276080729,-0.31666261969122705,1.9418204170060864,-0.4445640792033744,1.8689181400949162,-0.4135433481381357,1.798353402683164,-0.4838055916492196,1.7762349582172112,-0.709843947764036,1.8066686676682366,-0.7031750030468522,1.8268659915717143,-0.43036979381434853,1.6854675451982786,-0.33598307975076336,1.8102002822036505,-0.016117901873123664,1.7175045355137775,-0.03455520722273051,1.7471395863756747,-0.06529560369690561,1.4282995831451892,-0.4281455306862706,1.2874585512650207,-0.7471696128632683,1.2836168898811906,-0.5240516406788565,1.3848304410667578,0.9180425314753115,1.1668601864477535,1.1084696409392325,-0.7324211792236253,-1.1214460488353755,-0.8685047854952783,-0.8688264173217543,0.20134550854011546,-0.18695746368250926,-0.1725430927441656,1.75887895734044,2.169142332852841,2.101506699121284,2.1638377414014114,2.1234836019404715,-0.7598416172904765,3,0.023025322625434663,1.0,0,0.96750706,0.96750706,0.9637641222530602,0.0003934764950997982,-4.136418584543833e-05,0,0,0,0.0,0.023025322625434663,6.507890976092265,2.125458667007269
1733702400000,2024-12-09,1733702400000.0,2024-12-09 00:00:00,1733702400000.0,2024-12-09 00:00:00,1733702400000.0,2024-12-09 00:00:00,1733702400000.0,2024-12-09 00:00:00,1733702400000,2.019167329952889,2.096186988318789,1.97550198606897,2.1731914061113162,-0.4997835903914486,2.019167329952889,2.071433238912139,2.022575468476688,1.9294619621188898,2.335126386383314,2.8364627536519267,-1.3626536986664814,0.42362895789496213,2.022803961926687,1.8954702735302862,2.1535098300801625,3.2814574942077197,1.9076001594101948,-1.4653604356589274,-0.6240113412324799,0.11445415283393248,-0.32502815515057293,-0.13771965446796283,0.24174293979780262,2.071433238912139,0.7195024479955489,2.0371051598210963,2.099266281758408,-0.029032509588081606,-0.36528473346083645,0.48060129671606877,1.0877956330089227,0.6302714331708917,3.031669400530424,-0.06384887262405999,-0.5416397440594045,-0.6290015482546133,2.171119821285901,-0.7594378270858189,2.123794504858751,-0.7714512370353865,2.1241715975287865,-0.4622241678410834,2.014301891684236,0.004255691341203666,2.0820178179736684,-0.5235466741262363,1.9739495124978126,-0.5295003424660482,1.9734503775289978,-0.5279845394896583,2.0302945020560577,-0.7733830493507193,2.001490518403642,-0.7671678458581119,2.0436807538699244,-0.5800808986731987,1.9745277896575788,-0.726280867295255,1.9876098724424955,-0.5575553289125618,1.836719303026146,-0.4000270188319303,1.8772563479685367,-0.41405028403467026,2.0748556080450156,-0.6819158900928118,2.0676855494760162,-0.6381805805336063,2.1179080462870923,-0.33764720838172946,2.099609394094499,-0.3164351542769005,1.9447983429758622,-0.4442165818368541,1.8717195651362855,-0.4134519405762864,1.8008665493170004,-0.483742788879833,1.7787969065813407,-0.7096327750053842,1.8092554026443683,-0.7028847055988643,1.829849131977751,-0.43006339473386046,1.6879336321756588,-0.33574419198605754,1.8128369422548438,-0.015959896721034875,1.7199632043789144,-0.03443797832978485,1.7498446950379773,-0.06521106947399097,1.4310270392727515,-0.4278170087691092,1.2899174408704825,-0.7468311149550941,0.8595142067629412,-0.045945001602705864,-0.08596287003147414,-0.2675963707368726,1.0030450451797805,-0.9329616739089469,0.11083346708261149,0.008798608615148348,1.0251337577266095,-0.16328577330329797,0.004518255012042809,2.716807111398904,2.019167329952889,2.096186988318789,1.97550198606897,2.1731914061113162,-0.4997835903914486,1,-0.06914023143087444,1.0,0,0.96750706,0.96750706,0.9641201693272656,0.00035604707420544557,-3.742942089435264e-05,0,0,0,-0.0,-0.06914023143087444,6.507890976092265,1.9093637314427543
1733788800000,2024-12-10,1733788800000.0,2024-12-10 00:00:00,1733788800000.0,2024-12-10 00:00:00,1733788800000.0,2024-12-10 00:00:00,1733788800000.0,2024-12-10 00:00:00,1733788800000,1.992337287368455,1.9825145310909709,1.9732771987343292,2.022024956190657,-0.4427145104074117,1.992337287368455,2.0754538248745815,2.035444424087501,1.9502156577511456,2.0966152191915457,2.7070605409075905,-1.7802230447284986,0.4671105407541533,2.027221529526713,1.8933610574130764,2.1654917314685083,1.4792299182249469,1.9139531958008908,-0.3055411998824005,-0.7817660051863347,0.003683895880726,-0.15584016051936575,-0.09653359692740342,0.018762606742624775,2.0754538248745815,0.5575570367579951,2.0371051598210963,2.128359083217611,-0.007109791210223828,-0.3801261022285092,0.3885615856751037,0.032528556680952114,0.7640471634719125,-0.01399559867037432,0.21544612354694104,-0.5281398652944226,-0.6170096109183673,2.021213797865084,-0.49943267545531683,2.1725617851730417,-0.7590081121676613,2.1257122354465,-0.7705782249468569,2.125247612738616,-0.4618224640031256,2.0158395913784153,0.004763226483668869,2.083426259991313,-0.5231631961895599,1.9761311231461602,-0.5293783230214982,1.9756983468492797,-0.5276042862355249,2.0324393969413808,-0.7729401597955966,2.003568737423505,-0.7665919679041396,2.04614614236478,-0.5798212020470253,1.976656478999718,-0.7259882150375507,1.9897286895317199,-0.5574076496558711,1.8389476691745337,-0.3999016018398874,1.87972131130556,-0.41373689301177713,2.077727893708449,-0.6816662743017753,2.0705318352383313,-0.6379566523178473,2.120840503065069,-0.3374165321396251,2.1025773134338577,-0.31611397957073945,1.9475895896639701,-0.4441232890570499,1.8742140776567153,-0.413392007453205,1.8034227465048014,-0.48355761131945735,1.7813897133848182,-0.7093414790533318,1.812239452381462,-0.702527666440195,1.8322754646053148,-0.4298096779717878,1.6905934591316034,-0.3355429608459653,1.8152699373369672,-0.015844563198536842,1.7226726745167975,-0.034355706833233815,1.752517018090703,-0.06495406413806004,1.433440224711787,-0.4275339103400506,2.6834850622450213,2.0345941588959318,3.2997921780131727,3.0661770059265447,-1.1021181186945443,1.1439654371661487,-0.8470766465873079,-0.8081083467651311,0.8217960588514196,-0.18799910106968173,-0.18392220064642964,1.2363726914903685,1.992337287368455,1.9825145310909709,1.9732771987343292,2.022024956190657,-0.4427145104074117,0,-0.013287676650879598,1.0,-1,0.96750706,0.96750706,0.9644423474513187,0.0003221781240531074,-3.386895015233815e-05,0,-1,-1,0.012687676650879599,-0.013287676650879598,6.603148669126981,1.8707050469195465
1733875200000,2024-12-11,1733875200000.0,2024-12-11 00:00:00,1733875200000.0,2024-12-11 00:00:00,1733875200000.0,2024-12-11 00:00:00,1733875200000.0,2024-12-11 00:00:00,1733875200000,2.169778312317083,2.1210314137907167,2.0440420506725268,1.9958586091550619,-0.4662126356361429,2.169778312317083,2.08908404086437,2.0499733080616487,1.9661582767134227,2.1222046323161368,2.6088964541560227,-1.3464486869136096,0.5235254831731635,2.0325517706916187,1.909986133583818,2.1576185950935405,2.6207460508064155,1.9488353823687272,1.7239463076740074,-0.06568885303659676,0.24661470517394807,0.12806777863593788,0.34851262665748983,0.04791319472148592,2.08908404086437,0.8120302666100861,2.0377164476024796,2.128359083217611,0.31555925648461186,-0.32373655373114374,-0.15836431573774026,0.6097996136435686,0.8815605876741137,-0.31645873832079047,0.06801058674274729,-0.5191267895019328,-0.6254272081667772,1.994396095486197,-0.4423751988159821,2.0227520539596426,-0.4990586976293786,2.1744559600482276,-0.7581394490703112,2.126787060844519,-0.7701053379313303,2.1267148603247303,-0.4611632478712256,2.0172918625884178,0.005032725277835642,2.085564187940539,-0.5230416570881786,1.9783780972979221,-0.5289977719864196,1.9778650203097838,-0.5272149259210348,2.0345044532100145,-0.7723627272556866,2.006045077368547,-0.7663044587068333,2.048245808013205,-0.5795511683816634,1.9787797239961418,-0.7258254992641964,1.9918985872087414,-0.557269002689844,1.8414233667981408,-0.3995909212928372,1.8826143813470488,-0.41352384804573167,2.0805730322761935,-0.6814368612626821,2.0734679986950306,-0.6376800260731591,2.1238070759741214,-0.33709104704310006,2.105347396102399,-0.31602856014815073,1.9500648321204643,-0.4440621048841579,1.8767531490905593,-0.4132149182304614,1.8060101886006883,-0.48330127122698785,1.7843752019799066,-0.708983240064861,1.8146706336976877,-0.7022310036912982,1.8349079418834628,-0.4295957254952645,1.6930593753658074,-0.3353950530733493,1.8179641119145913,-0.0157636551189729,1.725349656564437,-0.034104781575897025,1.7548278591246393,-0.06473391311530162,-0.5730594772084027,1.108855034586166,-1.118837893953708,-1.1477476955513954,-0.3568917137437193,1.0801261353332852,-0.3712108626827383,-0.4429727104267301,1.010350477855442,-0.19267575246576285,-0.20449629404369438,0.017191404506868704,2.169778312317083,2.1210314137907167,2.0440420506725268,1.9958586091550619,-0.4662126356361429,1,0.08906173973333487,1.0,0,0.96750706,0.96750706,0.9647338784064601,0.0002915309551413392,-3.064716891176822e-05,0,0,0,-0.0006,0.08906173973333487,6.598586779925505,2.126375032659466
1733961600000,2024-12-12,1733961600000.0,2024-12-12 00:00:00,1733961600000.0,2024-12-12 00:00:00,1733961600000.0,2024-12-12 00:00:00,1733961600000.0,2024-12-12 00:00:00,1733961600000,2.124137641595048,2.1443474096447184,2.1874832906055794,2.1736016590854796,-0.6011033018241115,2.124137641595048,2.105663564040237,2.0620524235901447,1.9815048500915253,2.0548547906590584,2.5162640746652696,-1.2696350917179362,0.3995117648316928,2.034574732850901,1.915426533630673,2.1556430851452357,0.7746179021969871,2.0156480138017523,-0.4741242652138801,0.5307974953641439,0.3295234417271578,-0.07283629291394643,0.38374210315308804,-0.08601025497476696,2.105663564040237,0.6170292571148851,2.0377164476024796,2.128359083217611,0.2645390440015053,-0.29308943761191,-0.15034594206134114,-0.4278940015544542,0.039351027437422186,-0.7203324930020742,-1.3398123652640115,-0.6099222765423579,-0.6506770071094953,2.1717555082378484,-0.4658685463814505,1.995951577944987,-0.44201345235475836,2.0247185903638067,-0.4982808893392366,2.175493141390774,-0.757669433531814,2.128253330859229,-0.7693457938805888,2.12809369992829,-0.4607932287196735,2.0194561790543792,0.0051142281718226535,2.0877705374465103,-0.5226624598776562,1.9805437017976837,-0.528608108178523,1.9799532874014594,-0.5267036715199586,2.0369723470339083,-0.7720743575214929,2.0081609941730525,-0.7660056253801181,2.0503401130370995,-0.5794015254894006,1.9809538055294125,-0.7256726944964301,1.9943314272074155,-0.556928175127503,1.8443205160761897,-0.39937980537366596,1.8854818088502117,-0.4133282556430125,2.0835084101172727,-0.6811535821612367,2.0764375758642784,-0.6372928551865316,2.1265743109430706,-0.33700433834189697,2.107782569993799,-0.31597260081519146,1.9525861933275588,-0.443881489473102,1.8793246162524506,-0.41296945456184253,1.8089944059059384,-0.48298503615573934,1.7868140555013114,-0.7086855597844615,1.8173064467132647,-0.7019802091860629,1.837334993068073,-0.42943823117497465,1.695773163237864,-0.3352907130119222,1.820624755010852,-0.015516393443132949,1.7276691461648501,-0.033889982111770425,1.459142677381857,0.49196709823002216,1.2141114685143453,1.105023439129826,0.7981661220467905,2.78539750155917,0.5801767747289033,0.4544566309301626,0.31705338457586946,-0.18235528935961098,-0.17687365792932142,0.6267820479986186,2.124137641595048,2.1443474096447184,2.1874832906055794,2.1736016590854796,-0.6011033018241115,0,-0.021034716064285752,1.0,-1,0.96750706,0.96750706,0.964997677502241,0.0002637990957808922,-2.7731859360446975e-05,0,-1,-1,0.020434716064285752,-0.021034716064285752,6.753861743263117,2.060612621537002
1734048000000,2024-12-13,1734048000000.0,2024-12-13 00:00:00,1734048000000.0,2024-12-13 00:00:00,1734048000000.0,2024-12-13 00:00:00,1734048000000.0,2024-12-13 00:00:00,1734048000000,2.1788234053713613,2.1203281479110396,2.1842181394309885,2.1276721048799403,-0.6403549871685853,2.1788234053713613,2.1142038895091844,2.072905365336196,1.9954943490637205,2.050179622216119,2.441179325936899,-1.025967713371141,0.35734929485418065,2.041650601108283,1.9337579722517946,2.1495461077495386,0.4371169167901996,1.9787730824904852,0.4848776041273342,1.0042905982575732,0.1138358842932944,-0.04838430989456219,0.5437664419776833,0.1203295012990562,2.1142038895091844,0.7725465095133243,2.046410368045564,2.128359083217611,0.12464960966699146,-0.31596475134341695,-0.18628557933946444,-0.6355892445200049,-0.21155168835646043,-0.4462807169029604,-0.9144875920355339,-0.6364801196272951,-0.6589253009642347,2.1261358294786934,-0.6007317864588646,2.1731970637911653,-0.46550176367047713,1.9979310595924675,-0.44125558192356784,2.025871411655839,-0.4978708618488092,2.1769284823528134,-0.7569139366355297,2.1296311515487973,-0.7689092865138999,2.130213804966405,-0.46067641713861435,2.021687069721196,0.005380585220898722,2.089892504963539,-0.5222741758653207,1.9826308296294015,-0.5280964785688961,1.9824360748763807,-0.5264519345174858,2.039075730408528,-0.7717746331167534,2.010271503475257,-0.7658393371306796,2.052486849669164,-0.5792610296401688,1.9833897123115634,-0.7252996056865595,1.9972122897588953,-0.5566956035640152,1.847192318107183,-0.3991859969501953,1.8884324504802423,-0.4130859995309193,2.0864773505456773,-0.6807574801167758,2.0792111648424103,-0.6371876956808137,2.1290040934561407,-0.33694752343053525,2.110267106031258,-0.31580671205158756,1.9551411403581858,-0.4436312841232618,1.8823050479326844,-0.41266628889905754,1.8114264807205362,-0.4827229778518528,1.7894551467402928,-0.7084338923705421,1.8197382381219305,-0.7017949514411864,1.8400256264752142,-0.42932699512022743,1.6984547575551776,-0.33498048822501586,1.822913914355538,-0.015304818587188502,0.4726305164094147,0.5628137175932365,-0.20396645787861747,-0.3600483881219075,-1.1529842034078261,-0.36135523131333924,-0.7940745336525049,-0.8091003179988207,0.9647416723531329,-0.1920472745387659,-0.20277021423276592,0.2784445374319044,2.1788234053713613,2.1203281479110396,2.1842181394309885,2.1276721048799403,-0.6403549871685853,1,0.025744924766386124,1.0,0,0.96750706,0.96750706,0.9652363827296193,0.0002387052273783441,-2.5093868402548125e-05,0,0,0,-0.0006,0.025744924766386124,6.749209426217159,2.139407863217524
1734134400000,2024-12-14,1734134400000.0,2024-12-14 00:00:00,1734134400000.0,2024-12-14 00:00:00,1734134400000.0,2024-12-14 00:00:00,1734134400000.0,2024-12-14 00:00:00,1734134400000,2.177844038730147,2.148054395100703,2.238883542466714,2.1830367446223926,-0.7527648739038726,2.177844038730147,2.122385443134325,2.0865421691519557,2.013486071679845,2.0199122018984146,2.3747744040222996,-0.9054391546810384,0.4999182524469983,2.048179100648887,1.9497591979570295,2.1449833006661967,0.03798094002063653,2.017122284546305,-0.04989302051247683,-0.024839823453053557,0.10467724129536327,0.6042170415449567,0.19268471563779893,0.09738675566801128,2.122385443134325,0.8852597965186683,2.046410368045564,2.128359083217611,0.12543807683686053,-0.34592780912359006,-0.3089519247454842,-0.8621334873748022,-0.17871320024034545,-0.9362611608101488,0.09357305969868818,-0.6335447861372766,-0.6804266226632941,2.1807964410934564,-0.6399754911098469,2.1276066888549594,-0.6003360932251495,2.1750909318122384,-0.4647356838497789,1.9991045684971631,-0.44085871865942555,2.0274017645405733,-0.49719991408651615,2.1782740659655118,-0.756480111354539,2.1317506431229747,-0.7687691203443444,2.1324035792729172,-0.46031054422105344,2.0238353981379005,0.005653864409923932,2.0919331260667016,-0.5217642520953643,1.9851128860772413,-0.5278445338707338,1.9845615593465935,-0.5261901429691861,2.0411737424345358,-0.7716078298504262,2.012433551261783,-0.7656831686577916,2.054902712528627,-0.578915989045337,1.986271740300092,-0.7250440737787214,2.0000666260858053,-0.556481952997394,1.8501459554778499,-0.39894590472883745,1.8914137621976133,-0.41274496898522384,2.0892495928171653,-0.6806496492170953,2.0816529770188326,-0.6371186366279021,2.1314836745265047,-0.33677922314779135,2.112787702477625,-0.31557630969055284,1.9581176572164745,-0.44332242072659506,1.8847169372307395,-0.41241531427955386,1.8140629084334408,-0.48250186942559503,1.7918944387277922,-0.7082479768189361,1.82243169559215,-0.7016637440268831,1.8426824868390115,-0.4289982403943741,1.700782808985261,-0.3347134945491834,2.3809294614391296,1.077208178254584,0.8971271669969739,0.5804006834038222,0.4703373983379538,1.5504610756440023,-0.056888163599351727,-0.15408642652558718,0.98975471161564,-0.19342383840889074,-0.20544805100877572,0.017191404506868704,2.177844038730147,2.148054395100703,2.238883542466714,2.1830367446223926,-0.7527648739038726,0,-0.00044949335444077754,1.0,-1,0.96750706,0.96750706,0.9654523811408688,0.00021599841124952945,-2.2706816128814644e-05,0,-1,-1,-0.0001505066455592224,-0.00044949335444077754,6.748043118700683,2.1379967202461287
1734220800000,2024-12-15,1734220800000.0,2024-12-15 00:00:00,1734220800000.0,2024-12-15 00:00:00,1734220800000.0,2024-12-15 00:00:00,1734220800000.0,2024-12-15 00:00:00,1734220800000,2.2954667602435115,2.2455677104449645,2.264191428629394,2.1814572889253556,-0.6884719968796286,2.2954667602435115,2.1403527589553986,2.106301185911417,2.030563235488289,2.1292029714805905,2.344532794581176,-0.40327338301239013,0.691208241043363,2.0702073539011803,1.9807841134890862,2.1563397792918666,1.2213995505051438,2.121150419721833,1.074339926299279,0.8837967293355008,0.3465485053730102,1.2447709620622063,0.7592023876379901,0.7738240255831343,2.1403527589553986,1.5208687739099798,2.15852508498519,2.128359083217611,0.27650631576013585,-0.24625719030291296,-0.37573193974674673,-0.23000251721600365,-0.09229872162118334,0.5252383943667321,0.7876547326446255,-0.6228153154406375,-0.6691624321481273,2.179817524901981,-0.7523625225500411,2.182232189199134,-0.6395713852351843,2.1295225780705866,-0.5995228875163684,2.1761276227755104,-0.4643334002312543,2.000651918707336,-0.4402063249919546,2.02884637823635,-0.4968221202778747,2.1803741483606305,-0.7563408872919067,2.1339398469117388,-0.7683374236210844,2.134507742531509,-0.45993584010738275,2.0259041137409324,0.006021607848651232,2.094385340617754,-0.5215132516601884,1.9872372857563987,-0.5275825272554598,1.9866816087158026,-0.5260452637781592,2.043323981751562,-0.7714511764575821,2.0148606372591167,-0.7653024150052037,2.0577771234387785,-0.5786804190647343,1.9891273264287066,-0.7248091895249336,2.0030083026868786,-0.5562177931027321,1.8531296952406553,-0.39860777910810824,1.8942121697406111,-0.4126536104928248,2.091688855354912,-0.6805788173999776,2.084143613997801,-0.6369158252102182,2.1339996489706823,-0.3365455780061653,2.115756079181399,-0.315291242107019,1.9605086721007126,-0.44306661406865455,1.8873394779758998,-0.4122037142020025,1.816495573353023,-0.482338982523036,1.7945923647858886,-0.7081162962175204,1.8250915726633146,-0.701281325085292,1.8449646242371656,-0.42871493705195046,-0.5103581531458152,0.10296814369701708,-1.0867304168869611,-1.1206665741669126,-0.9458671815810098,-1.197720614195199,-1.1028700504916489,-1.0893873749845766,1.0449849014591015,-0.19327291116093592,-0.203190227690631,2.107216467907154,2.2954667602435115,2.2455677104449645,2.264191428629394,2.1814572889253556,-0.6884719968796286,1,0.0540087900793611,1.0,0,0.96750706,0.96750706,0.9656478327201021,0.0001954515792332856,-2.0546832016243854e-05,0,0,0,-0.0006,0.0540087900793611,6.743394292829462,2.3074761263796257
1734307200000,2024-12-16,1734307200000.0,2024-12-16 00:00:00,1734307200000.0,2024-12-16 00:00:00,1734307200000.0,2024-12-16 00:00:00,1734307200000.0,2024-12-16 00:00:00,1734307200000,2.3605980000797158,2.346782623377798,2.3463368625105216,2.299878899198633,-0.5159941577135646,2.3605980000797158,2.188914963494015,2.134548925202471,2.0503520846869034,2.2761008225508657,2.351095670946222,0.10779575727386728,1.0187245789047243,2.0973523100103897,2.0130521057479,2.177280636816729,1.5838340360048437,2.1650941891748987,0.5589773060675064,0.9279511079058712,1.1585475918301138,0.712912087083052,0.5976996896315414,1.0048400618107385,2.188914963494015,1.9104213469461584,2.221127626948825,2.128359083217611,-0.3152526987446107,-0.3009767059349516,-0.3746162326329188,-0.05446222094680267,-0.3411906133801298,1.1103808772134032,-0.28317083801358073,-0.6252523580654586,-0.6381596772172442,2.2973861470393984,-0.6880827176204272,2.1812539018149524,-0.7519343243591441,2.184121693047842,-0.6387444664164981,2.1305944607975174,-0.5990894884277161,2.177562560832862,-0.4636733669374961,2.002114248564438,-0.43984082714900685,2.031006084294694,-0.4967025777780107,2.1825453017303453,-0.7559118458525568,2.1360433973484176,-0.7678956329750389,2.13652938849564,-0.4594427051505793,2.0283743556439715,0.006193904741816602,2.0964654570911114,-0.5212522228205435,1.9893562534637195,-0.5274375237620474,1.9888526707537926,-0.5259092532455171,2.0457424120932055,-0.7710693178225237,2.017739313178774,-0.7650414280253628,2.0606245410974213,-0.5784639955670959,1.9920698589122656,-0.72451927407343,2.005982348255315,-0.5558473577244357,1.8559332380988338,-0.3985172895063013,1.8967009694128971,-0.4125937099327296,2.094177149078599,-0.6803710092984117,2.0866699014133467,-0.636635772790825,2.1369669303856043,-0.3362566138087546,2.118103689549098,-0.3150556158025452,1.9631168519395892,-0.44285086873535306,1.8897524089266173,-0.4120479926030785,1.8191895512311176,-0.4822238673647185,1.79725701527096,-0.7077326057943747,1.8273793100234117,-0.7009507876171073,1.0364567336193806,0.650721031609663,0.4187838677770188,0.16674423107801067,2.482719309587678,-0.5671896329758186,1.5215505834875176,1.342535148058271,1.006140776049031,-0.18879101590902372,-0.18514342184536275,1.4105414467737258,2.3605980000797158,2.346782623377798,2.3463368625105216,2.299878899198633,-0.5159941577135646,0,0.02837385448757046,1.0,-1,0.96750706,0.96750706,0.9658246919831114,0.0001768592630092547,-1.8592316224030903e-05,0,-1,-1,-0.02897385448757046,0.02837385448757046,6.519038313349138,2.4013219727106345
1734393600000,2024-12-17,1734393600000.0,2024-12-17 00:00:00,1734393600000.0,2024-12-17 00:00:00,1734393600000.0,2024-12-17 00:00:00,1734393600000.0,2024-12-17 00:00:00,1734393600000,2.3626922465479647,2.365074642542613,2.4262631644442756,2.363633501451545,-0.5607782003407679,2.3626922465479647,2.241591113744037,2.162754394657672,2.071128593387995,2.3661399765910267,2.375197568304071,0.3513435798806448,1.0177337673782387,2.1170027936731364,2.053148565938623,2.172943165148291,0.6408006563379374,2.1840439112920547,-0.02163534561528192,0.9450621749657585,1.27506644357681,0.9252395856259046,0.5990488375743888,0.6464137570546128,2.241591113744037,1.3909022861387377,2.223140565021867,2.2640055955778173,-0.39813967139825074,-0.3005026464094163,-0.3879024591886724,-0.5671693397845113,-0.47186158527868244,-0.41945861143577334,-0.6590249107319666,-0.6430016594374536,-0.6463817015749461,2.3624874304234442,-0.5156399468280236,2.2987470036904734,-0.6876682990388677,2.1831438781988575,-0.751068133618305,2.185151409688169,-0.6383020130717041,2.1320583130592,-0.598385599963842,2.178907724501583,-0.4633028062454231,2.004284621103145,-0.43972560371859526,2.0332326873103317,-0.49632900789465556,2.1846294633007575,-0.7554727614278868,2.138064390188969,-0.7673195590151617,2.1389694273001263,-0.459200998118013,2.030481223397374,0.006373436788289138,2.09854026933111,-0.5211077844526854,1.9915262934572882,-0.5273013961910934,1.9912863642337446,-0.5255744332987362,2.048617798696254,-0.7708075444261627,2.020591304586084,-0.764801498930321,2.0635614796932793,-0.5781964722253854,1.9950445981727853,-0.7241142630306294,2.0087653878960507,-0.555747203967889,1.8584317601544291,-0.39845796555084095,1.8992347904315712,-0.4124167124914808,2.0967012507014178,-0.6800842378158168,2.089639626722085,-0.6362910443388061,2.1393087005099765,-0.3360176829294416,2.1206820085162024,-0.3148571825679244,1.9655093754347206,-0.44269202335363445,1.8924346299822072,-0.4119380317388496,1.8218499842099327,-0.4818846892598119,1.7995536135953334,-0.7074009491945897,0.5562209579359747,1.0285149074032347,-0.09215034956152056,-0.2129301587779704,-1.0002054997064913,2.2168311040093682,-1.164601844755244,-1.146053494499066,0.6466791837689893,-0.16781396132447468,-0.15401296860548475,0.3655289150735829,2.3626922465479647,2.365074642542613,2.4262631644442756,2.363633501451545,-0.5607782003407679,1,0.0008871677719706206,1.0,0,0.96750706,0.96750706,0.9659847275225268,0.00016003553941545956,-1.6823723593795137e-05,0,0,0,-0.0006,0.0008871677719706206,6.514526890361128,2.4043395159469187
1734480000000,2024-12-18,1734480000000.0,2024-12-18 00:00:00,1734480000000.0,2024-12-18 00:00:00,1734480000000.0,2024-12-18 00:00:00,1734480000000.0,2024-12-18 00:00:00,1734480000000,2.12933516772675,2.295983016688088,2.2143625141466825,2.366259044179535,-0.44881783660052377,2.12933516772675,2.235838823655244,2.1666735020563452,2.0834585992415153,2.0944310944562936,2.3375911000420744,-0.5055422228961014,0.03896267582484329,2.125682577139574,2.0521651373108827,2.1928036667609065,2.808186759553288,2.2959028943071265,-2.154052452229671,-0.9544664559053629,-0.24588867044174406,-0.29659753232967484,-0.2351049523809775,0.1932391273904566,2.235838823655244,1.5420068465895385,2.223140565021867,2.2640055955778173,0.2472587111284768,0.14742093998374872,-0.09264212840743641,0.7403073847062712,-0.44342463829989814,0.28458931615132566,-0.14306681412470168,-0.64038658336654,-0.6212432492674868,2.364580713664304,-0.5604148839170981,2.363806469233316,-0.5152624946625445,2.3005802282170245,-0.6868245698886842,2.184174349991088,-0.7505997504848043,2.1865806175127123,-0.6375853632405183,2.1334336137462637,-0.5979859760556752,2.181007554058398,-0.4631858044433452,2.0065211438809607,-0.43936420692869804,2.0353764101444685,-0.4959464591609503,2.1866297921841786,-0.7549000331663939,2.140504009904712,-0.767031941319311,2.1410314758505633,-0.45894959251121115,2.0325827097511935,0.006470772406764948,2.1006685875541966,-0.5209721889820663,1.9939592377745643,-0.5269663095502296,1.9941675511246209,-0.5253461373579397,2.0514662626770876,-0.7705668880544687,2.023531375351921,-0.7645054643015567,2.066531685112207,-0.5778215215722904,1.9978291049720154,-0.7240037673651005,2.0112250924434614,-0.5556814667810437,1.8609745165670655,-0.398282593317883,1.9018013599967785,-0.4121713722418491,2.0996704580367083,-0.6797314355536298,2.0919944280523586,-0.6360048218472033,2.1418830015828383,-0.3358164148026665,2.123032098448826,-0.3147113832415659,1.9681794384274927,-0.44257981542549696,1.8950825041434294,-0.41161270352479135,1.8241387535102573,-0.4815922114760909,1.6892389854937133,1.3748224438876175,0.6945386046808927,0.4437602061936234,0.016253218064237795,-0.6921261201903498,-0.5696218505187371,-0.615743030858575,0.8512618176295424,-0.18850763044524815,-0.20109772945772972,-0.15697735077648842,2.12933516772675,2.295983016688088,2.2143625141466825,2.366259044179535,-0.44881783660052377,0,-0.09876744597700504,1.0,-1,0.96750706,0.96750706,0.9661295396937425,0.00014481217121564693,-1.5223368199812626e-05,0,-1,-1,0.09816744597700504,-0.09876744597700504,7.252208802913405,2.068101596718248
1734566400000,2024-12-19,1734566400000.0,2024-12-19 00:00:00,1734566400000.0,2024-12-19 00:00:00,1734566400000.0,2024-12-19 00:00:00,1734566400000.0,2024-12-19 00:00:00,1734566400000,2.020873695338274,2.1532176100138525,2.0382174045707186,2.132667256845216,-0.4159009160068958,2.020873695338274,2.221151435209082,2.167614800478247,2.089821966328636,1.7101131723257215,2.227040861283941,-1.5184434837106096,-0.06692042411039993,2.1254572295056575,2.052275564132219,2.19218915056393,3.231069076567673,1.9251963975225368,-1.0814621727438163,-1.8510690004717463,-0.4733123060424112,-0.7474633999531212,-0.11349253272619507,-0.1763808481426994,2.221151435209082,2.143370831010333,2.223140565021867,2.157728232026871,0.3814717257676363,0.2123598932064124,-0.04707551741214783,1.056786782250602,-0.11992061715466988,-0.12357523194630753,0.8896932752355936,-0.6125438743800784,-0.6123201974349215,2.1313309650610477,-0.4484772840744643,2.3658984078526624,-0.5600278333848867,2.365608268548948,-0.5144790229903246,2.301520005658122,-0.6863710173075931,2.185604178262411,-0.749846554353976,2.187919808610676,-0.637177282259335,2.1355515880867286,-0.5978587655353927,2.1831784722900203,-0.4628193953968184,2.0086755220323917,-0.4389940648101936,2.037440217283054,-0.4954436259093904,2.1890561524921965,-0.7546142674729338,2.142565436557914,-0.7667329956433518,2.143088272286022,-0.4588107160888875,2.0347362319030835,0.0065620177528147704,2.103070949645718,-0.5206383148331512,1.996840139969131,-0.5267378238031344,1.9970222352694853,-0.5251364408798672,2.054403917809684,-0.7702699712701462,2.0265041193921585,-0.764092238541392,2.069306602838176,-0.5777200172542529,2.000291587202345,-0.723931167182261,2.0137321734751508,-0.555488018320134,1.863549421083781,-0.39803943849312107,1.9047806310797586,-0.4118683548826957,2.1020224974553985,-0.6794383659607279,2.094577694163873,-0.635762983714552,2.144227381917706,-0.3356684791576174,2.125676880978957,-0.3146085598712149,1.9708143251600834,-0.44224844921878087,1.8973479603105916,-0.41133241612673255,-0.5431822750678167,1.4192687147529557,-1.046967107739507,-1.069320587561128,-0.19393283371442982,0.1836379500766051,-0.1936600340150094,-0.08654268335327878,0.08744054205780567,-0.10676735998208113,-0.00034878115496456103,0.53969767035694,2.020873695338274,2.1532176100138525,2.0382174045707186,2.132667256845216,-0.4159009160068958,1,-0.050936777841446235,0.0,0,0.96750706,0.96750706,0.9662605766184706,0.0001310369247281562,-1.3775246487490733e-05,0,0,0,-0.0006,-0.050936777841446235,7.247257477631656,1.9118223872912243
1734652800000,2024-12-20,1734652800000.0,2024-12-20 00:00:00,1734652800000.0,2024-12-20 00:00:00,1734652800000.0,2024-12-20 00:00:00,1734652800000.0,2024-12-20 00:00:00,1734652800000,2.0358368740686057,1.9759574109482854,1.9011735068916042,2.0255236740370917,-0.2758189906654906,2.0358368740686057,2.2008142429562234,2.161746099950341,2.0941740663230535,1.4076886099528878,2.075281708526921,-2.0906727592521173,-0.31572965637650696,2.127959839747868,2.050465689098835,2.1996934192864503,2.490649643727525,1.9328488902887373,0.10707365295064177,-1.7827048913313803,-0.6089680969893271,-1.1466660462902225,0.014498237756093442,-0.06414919428027102,2.2008142429562234,2.609458360414258,2.223140565021867,2.157728232026871,0.31925967706101144,0.0980240453873274,-0.07467270526919406,0.6101163139376713,0.15151197746085693,0.21058912085051038,2.31691603072188,-0.5577407484865352,-0.584875531122794,2.0229193784250437,-0.4155670561833697,2.132798487339433,-0.4481142295142024,2.367699196714061,-0.5592287157985322,2.366497825799087,-0.5140652561794717,2.302875317772035,-0.6856387238465996,2.1869440160465428,-0.7494142538109682,2.190016042224356,-0.6370471011154649,2.1377393808573224,-0.5974635836983012,2.1852623812867376,-0.4624441448693868,2.0107506852253616,-0.43850656984278474,2.0399073095797036,-0.4951965504117052,2.191097903148083,-0.7543172395283999,2.144621612890051,-0.7665666424593549,2.145199567673486,-0.4586803575307743,2.0371570685759,0.006794831696687558,2.1059402300028744,-0.5204106920171201,1.9996945188088455,-0.5265279517925218,1.999964150061381,-0.524877077125959,2.0573747039810764,-0.7698555612562373,2.029284406301243,-0.7639792857760356,2.071750930652945,-0.577653383821065,2.002801221074258,-0.7237183747943081,2.0162737999325566,-0.555220556310662,1.8665306673236506,-0.39773904720028164,1.9071863319003584,-0.4116175060340446,2.1046038634630935,-0.6791906539124606,2.0969348141980677,-0.6355844753150156,2.146868762865121,-0.3355641190464164,2.1282847627347476,-0.314302410522282,1.9730556725565849,-0.4419628473052554,1.5190337888758836,2.696095799920861,0.6132676848262276,0.3264478051989635,0.8546435820955206,-0.0463250091743201,-0.19906803847011076,-0.25557567475119275,1.0326465680520194,-0.19261495689903077,-0.20421329361369783,0.10427578214854727,2.0358368740686057,1.9759574109482854,1.9011735068916042,2.0255236740370917,-0.2758189906654906,0,0.0074043116919422225,1.0,-1,0.96750706,0.96750706,0.9663791486659585,0.00011857204748788597,-1.2464877240270233e-05,0,-1,-1,-0.008004311691942222,0.0074043116919422225,7.181243858176991,1.9333824278383038
1734739200000,2024-12-21,1734739200000.0,2024-12-21 00:00:00,1734739200000.0,2024-12-21 00:00:00,1734739200000.0,2024-12-21 00:00:00,1734739200000.0,2024-12-21 00:00:00,1734739200000,2.0150171705725173,2.0298243491745223,2.070658539136081,2.0404603247482123,-0.6698690094667431,2.0150171705725173,2.1776551293566273,2.1542950694573357,2.092645093084664,1.1248210959718472,1.8946501052057125,-2.491597216273701,-0.3692449092419192,2.12790068128438,2.0505056410134657,2.1995193260437533,0.7345668904459727,2.0234786024487423,-0.2452962520565327,-0.704212193242656,-0.6794235581758197,-1.4746698515173549,-0.5712410794960864,-0.16961588363991478,2.1776551293566273,3.030545863026991,2.223140565021867,2.1517008039240575,0.31328659369864986,0.09980201608703676,-0.20955595351713557,-0.41835802158218893,0.24820828365374253,-1.2020049741249843,0.88302455482473,-0.5452784607059552,-0.6628640928197738,2.0378756749933142,-0.27551361244472966,2.024456538939096,-0.4152110565618096,2.1347118687975635,-0.447354226803031,2.368587139171394,-0.5588046185728335,2.3678118760746627,-0.5133890380956089,2.3041374880271905,-0.6852202756910925,2.1890406390146193,-0.7492755653263791,2.1921836162506274,-0.6366435467159594,2.139841415648158,-0.5970590084193572,2.187262440986189,-0.4619503343818771,2.0132250643429375,-0.43826798481126056,2.0420095035461507,-0.4949395858086972,2.1931344602399045,-0.7541519947367604,2.1467323223521464,-0.7664104128466016,2.147589451957954,-0.4583584166843418,2.0400333696313457,0.006950529919420247,2.1087821457136573,-0.520201618043679,2.002636224523309,-0.5262683751251294,2.002938388683292,-0.5245130803486463,2.060150849998289,-0.7697422542693609,2.031738899267413,-0.7639050550367578,2.0742438796390608,-0.5774574092150316,2.0053452288256013,-0.7234249009194784,2.019247160177164,-0.5548909568396617,1.8689468999750298,-0.397490425421836,1.9098046151777133,-0.41140601385140274,2.106958283369348,-0.6790077190462248,2.099583785021842,-0.6354581229790957,2.1494730109982356,-0.3352538403845906,2.1304759803626214,-0.31403900396213036,3.4876437703654988,1.6334018277312987,1.6318896499635112,1.2619364050808186,0.15994798158192014,-0.6651845043082673,-0.4579837897112155,-0.47927715507579194,0.8610300341444497,-0.19342532073901864,-0.20498295269750583,0.7138664256402971,2.0150171705725173,2.0298243491745223,2.070658539136081,2.0404603247482123,-0.6698690094667431,1,-0.010226606935594185,1.0,0,0.96750706,0.96750706,0.966486441556681,0.00010729289072242132,-1.1279156765464649e-05,0,0,0,-0.0006,-0.010226606935594185,7.176335111862084,1.9033838787570225
1734825600000,2024-12-22,1734825600000.0,2024-12-22 00:00:00,1734825600000.0,2024-12-22 00:00:00,1734825600000.0,2024-12-22 00:00:00,1734825600000.0,2024-12-22 00:00:00,1734825600000,1.9313391570002283,1.9470445154026519,1.9831312785508652,2.0183554159145083,-0.7483806816155956,1.9313391570002283,2.125864705431653,2.1374687632846214,2.087678876739276,0.7760906760269535,1.6771307526978008,-3.0038225565006647,-0.6902231380257036,2.1264185072272173,2.053106730536229,2.1932936166210037,0.7534044764310043,2.05174654173565,-0.8677804374443062,-0.5807133470292941,-1.3557964087427499,-1.8176967478788162,-0.6890531981519141,-0.22861835424147345,2.125864705431653,3.1642341614856786,2.223140565021867,2.065580923830285,-0.03860594288570407,0.11766523902525215,-0.1766432925970243,-0.3806458578536278,0.21538390349969808,-0.7949351692175906,-0.734400922722778,-0.5542849325583827,-0.6779550886178267,2.017065547308362,-0.6694835125862922,2.0394032283229553,-0.2751876359656356,2.026422252038003,-0.41446255382435593,2.135779743912241,-0.44695595567376945,2.3698998627033148,-0.55811384046148,2.3690310394822283,-0.5130077515974107,2.306187349218974,-0.6850864529832295,2.1912085751381234,-0.7488480333884727,2.1942639330675653,-0.6362304382600973,2.141860793167819,-0.5965289437751675,2.1896886285673665,-0.46170825341109545,2.015338071422003,-0.4380198120077953,2.04410632959493,-0.4947974964500736,2.1952266318064435,-0.7539968087433236,2.1491217771509596,-0.7660295198751867,2.1504539905070432,-0.458139286805045,2.0428828142607394,0.007093088152051807,2.1117153164951548,-0.5199430093613366,2.005610293688126,-0.5259040925211408,2.0057218366320533,-0.5244148524386828,2.0625975032629795,-0.7696677884650795,2.034241190575217,-0.763687666789386,2.0767723236990183,-0.5771865502868946,2.0083191533721267,-0.7230640448794133,2.0216213435270003,-0.5546175646801363,1.8715724288036202,-0.3972808437735775,1.9122114960865029,-0.4112503735599498,2.10960564554941,-0.678878182572925,2.102196140776954,-0.6350887499181842,2.1516574834744513,-0.33498679928917535,1.1839738433976184,0.41489740071318576,0.03741623725653194,-0.16749394147810767,-1.068542707301988,-1.3397198456746162,-1.1815016739183035,-1.1465107157070786,1.0555512179159354,-0.18787225167056118,-0.20052033314482284,-0.15697735077648842,1.9313391570002283,1.9470445154026519,1.9831312785508652,2.0183554159145083,-0.7483806816155956,0,-0.04152719629109358,0.0,-1,0.96750706,0.96750706,0.9665835282195452,9.708666286423195e-05,-1.0206227858189365e-05,0,-1,-1,0.04092719629109358,-0.04152719629109358,7.510969583927023,1.7828144865154831
1734912000000,2024-12-23,1734912000000.0,2024-12-23 00:00:00,1734912000000.0,2024-12-23 00:00:00,1734912000000.0,2024-12-23 00:00:00,1734912000000.0,2024-12-23 00:00:00,1734912000000,1.918413593319729,1.9096066569876717,1.9119166187488204,1.9351894266207905,-0.5550232012513563,1.918413593319729,2.062972143387098,2.130339702814523,2.0838509575638677,0.4747419441473716,1.4400215567492627,-3.0583186133106035,-0.3849720373424658,2.1241657441516213,2.0570411937636606,2.1838532004309394,1.2520802892854626,1.8633967352751637,-0.1712591372397435,-0.7374201495725901,-1.600606451896637,-0.9847135165541115,-0.8784474787858566,-0.26048311907169186,2.062972143387098,2.778205434115855,2.223140565021867,2.052278170253954,-0.2792304643711734,-0.05424632007756605,-0.18629429124958197,-0.07325836799248395,0.21128832334695244,1.9768430208759842,-0.39013418890433044,-0.5601524287920174,-0.6382679392935456,1.933426020588413,-0.7479792216603003,2.0186064680336933,-0.669073081101141,2.0413617218287947,-0.2744880727532257,2.0275737576173953,-0.4140718756997727,2.137240303445526,-0.4463015777147531,2.371117643257753,-0.5577229049019702,2.3710550072715493,-0.5128869822586675,2.308311797173555,-0.6846726350074355,2.193289280901977,-0.7484104874226687,2.1962601643508557,-0.6356898240590656,2.1442993763832363,-0.5962667944129378,2.1917301229091772,-0.4614564605947143,2.0174456793921056,-0.43788280405071345,2.046255448301696,-0.49466411271557453,2.1976024982531723,-0.7536182938572726,2.1519861524871917,-0.7657684337420742,2.1532908211556943,-0.4579380670849632,2.0458211409558125,0.007271016077923353,2.1146824681035,-0.5195800262332841,2.0083933832351963,-0.5258057791177093,2.008182314204487,-0.524350393263219,2.065092589462835,-0.769449737667375,2.036778349169596,-0.7633880128418062,2.079742560073845,-0.5768528689854909,2.0106963456638582,-0.7227641451738603,2.024217943826913,-0.5543867332910188,1.8739896059473489,-0.3971266432230705,1.9148901127344045,-0.411140471183489,2.112216282926708,-0.6785002535479187,2.1043956635610375,-0.6347696951626457,1.9121281782824677,0.9275266409982474,-0.170898694389732,-0.3446111209809302,-0.38896653321342545,-0.9124636557477593,-0.7105570694016994,-0.7431935357284747,1.0589719275598486,-0.19204381910704885,-0.20493016226068506,-0.3311461060598455,1.918413593319729,1.9096066569876717,1.9119166187488204,1.9351894266207905,-0.5550232012513563,1,-0.006692539543689091,0.0,0,0.96750706,0.96750706,0.96667137952118,8.785130163480037e-05,-9.235361229431582e-06,0,0,0,-0.0006,-0.006692539543689091,7.5058630021766675,1.7641903905217275
1734998400000,2024-12-24,1734998400000.0,2024-12-24 00:00:00,1734998400000.0,2024-12-24 00:00:00,1734998400000.0,2024-12-24 00:00:00,1734998400000.0,2024-12-24 00:00:00,1734998400000,2.0684610853761547,2.0253037490389123,1.9532086955869743,1.9218227245004122,-0.5963686733815121,2.0684610853761547,2.0211231969372885,2.135726015792536,2.0846010392698275,0.43279727611574237,1.2415521989191747,-2.739293269127186,0.09294463031109887,2.1238950502787324,2.05695649298109,2.183368207915496,2.481607840979078,1.9564290642542588,1.4813104004257893,0.23661927006311223,-1.0987529936659846,0.11874821841755115,-0.43789273909718557,-0.17808972731510606,2.0211231969372885,0.7279119518708759,1.9988434941207878,2.052278170253954,0.4333304378465277,0.16510337614286616,-0.06129180572626009,0.5862389066708836,0.46260982613766954,-0.4258750328885311,-0.3974195644630852,-0.5655029818056376,-0.6489719636175995,1.9205064018896307,-0.5546610549400876,1.9350206672046157,-0.7475519631140388,2.020575006850742,-0.6682358511575194,2.0425016898772714,-0.27412970757576144,2.0291030294882746,-0.4134281995720478,2.1386121721510283,-0.4459347648639323,2.373140778464019,-0.5575987462429414,2.3731553745185616,-0.5125099545878191,2.310345790099931,-0.68424906608464,2.1952859267109166,-0.7478396611561081,2.198683895358469,-0.6354218350178665,2.1463592649452923,-0.5959942209619707,2.193766424426282,-0.4613173603766428,2.0196049857579337,-0.43775420476710786,2.048673057231507,-0.4943352784286206,2.200461709752741,-0.7533589002085812,2.1548228081081935,-0.7655284129502564,2.156220509612275,-0.45768898527693397,2.0487924714280648,0.0075256889572460775,2.117450927021236,-0.5194821015154223,2.010853182267269,-0.5257412632079106,2.0106901056878117,-0.5241605469840597,2.0676230271196006,-0.7691491927853942,2.0397506506521417,-0.7630197306572455,2.0821000864846395,-0.5765760151758059,2.0132950160162735,-0.7225105737840104,2.026594012307127,-0.554216519355841,1.8766743567392472,-0.3970177765107804,1.917534136612213,-0.4108153001294978,2.1144126158586816,-0.6781736680108618,-0.14827538614467278,2.6065966975966037,-0.7684694964902041,-0.8491425770444884,0.8072202541865892,0.3602542976355553,0.5431194324528308,0.4186227711558347,1.0233370020781853,-0.19374649560531151,-0.20585854580477406,-0.5923992389848812,2.0684610853761547,2.0253037490389123,1.9532086955869743,1.9218227245004122,-0.5963686733815121,0,0.07821436033341245,0.0,-1,0.96750706,0.96750706,0.9667508739746016,7.949445342159134e-05,-8.356848213209034e-06,0,-1,-1,-0.07881436033341245,0.07821436033341245,6.835478850576473,1.98038977375615
1735084800000,2024-12-25,1735084800000.0,2024-12-25 00:00:00,1735084800000.0,2024-12-25 00:00:00,1735084800000.0,2024-12-25 00:00:00,1735084800000.0,2024-12-25 00:00:00,1735084800000,2.0973717215092123,2.029519534262939,2.1194871396508397,2.0717981571279127,-0.7399509077633537,2.0973717215092123,2.016576987270774,2.130602722289463,2.092725688198387,0.43189944136987685,1.082588732011318,-2.1907122669037307,-0.3099963584450933,2.1283260514062134,2.0568828318918584,2.1930079293865945,-0.027040115479482454,1.7106837140260809,0.24121094879608626,0.9022368591040437,-0.21694127056196388,0.1786084273277405,-0.680120571970487,0.014176688440210822,2.016576987270774,0.5292907435694387,1.9681210176537653,2.052278170253954,-0.19491799593806128,-0.1333566153258131,-0.2739438514726222,-0.8848286428920755,0.10850135678128378,-0.9901996398529403,-1.3291259314605623,-0.6092709567210449,-0.6774307597823506,2.0704848811262697,-0.5959981206658447,1.9221093474292195,-0.5542752378514993,1.9370295798765529,-0.7466873040503791,2.021731028170858,-0.6677865897606554,2.0440214822992204,-0.2735315743817297,2.030546516452912,-0.41306847892117965,2.140728080176829,-0.4458190795250805,2.375240371413829,-0.5572121659327922,2.37516350114137,-0.5121238817343803,2.312292651044828,-0.683695519620329,2.197709923706529,-0.747554948306855,2.2007217443236637,-0.6351432146330894,2.1484139076230306,-0.5958431101483309,2.195858354504499,-0.4611867911011208,2.022030062282857,-0.4374362727626842,2.051548131682169,-0.4941112424846099,2.2032928277328474,-0.7531204446234601,2.15775237670328,-0.7652322670972141,2.1591848387990074,-0.45733879154466317,2.051569768641391,0.007591217053083157,2.1198830267629165,-0.5194178435413211,2.013360350135452,-0.5255512570182928,2.0132323948557773,-0.5238979288445258,2.0705937359226674,-0.7687798400296826,2.042119188524941,-0.7627135331118171,2.0846852273614203,-0.5763422141444936,2.0156740261286994,-0.7223232234337787,2.0292542719658098,-0.5540961335652047,1.8793249332034807,-0.3966953883472245,1.9197924454369386,-0.4105351510604589,0.6893152329771092,1.2601812737791305,-0.5414330535891645,-0.6585954701882564,0.46091911823155707,-0.5788080881436671,0.07775208464516174,-0.01565048310236723,1.0583301368054072,-0.19286829513048406,-0.20537970923741153,-0.3311461060598455,2.0973717215092123,2.029519534262939,2.1194871396508397,2.0717981571279127,-0.7399509077633537,1,0.013976881816850861,1.0,0,0.96750706,0.96750706,0.9668228065243442,7.193254974258156e-05,-7.561903679009774e-06,0,0,0,-0.0006,0.013976881816850861,6.830777563266127,2.0220463293920905
1735171200000,2024-12-26,1735171200000.0,2024-12-26 00:00:00,1735171200000.0,2024-12-26 00:00:00,1735171200000.0,2024-12-26 00:00:00,1735171200000.0,2024-12-26 00:00:00,1735171200000,1.9563474778778018,2.043507647884875,2.018986061929963,2.104459839468518,-0.6605252555817083,1.9563474778778018,2.007399325026036,2.1187303465007306,2.097498388050677,0.23497490545704455,0.9141876527870767,-2.3217634772994233,-0.5431087440109378,2.1203113439422427,2.0585507063640707,2.17378414709877,1.7564123405233212,1.801805656262458,-1.4050905408426104,0.1535318464235478,-0.34039831462014775,-0.345700917947984,-1.2464090498388651,-0.4859261264660494,2.007399325026036,0.6101543906912232,1.9681210176537653,2.052278170253954,-0.040971493021930164,0.024635987959818886,-0.1704245792293438,0.2149106569447581,-0.07493895901818678,0.6165867914641847,-1.0837890407880653,-0.6460469640480182,-0.6603219396593923,2.0993822201059125,-0.7395511617584462,2.0719914879164123,-0.5956034421842035,1.9241244965641189,-0.5534781308523163,1.938250122090654,-0.7462199322263191,2.0232640102578903,-0.6670603444362805,2.0454550889184393,-0.27320203544307403,2.0327055441331723,-0.4129552847818748,2.1429139512872926,-0.4454563808680395,2.3772476663249265,-0.5568163571876207,2.3770827947091604,-0.5116166916176332,2.314684702667792,-0.6834203719593865,2.199748167378581,-0.7472590105728043,2.2027544109795354,-0.6349886088695663,2.150523167960461,-0.5957012321611819,2.1982340439393155,-0.46086437009494263,2.0249079745641247,-0.4372199959780448,2.054396260914261,-0.4939054856442757,2.20621860407046,-0.752826197299379,2.1607166087423657,-0.764818892023511,2.161947328296095,-0.4572446922563052,2.054018601396433,0.007633976299283645,2.122364737491192,-0.5192285643649961,2.0159020575940945,-0.5252884238464489,2.0162059121447684,-0.523574149900165,2.0729537813912158,-0.7684727345722565,2.0447119049233757,-0.7624545590006732,2.0870450115163988,-0.5761697623456582,2.0183360383110647,-0.7221905107234042,2.0318786866270067,-0.5537427929617943,1.8815954056987712,-0.39641768872042554,-0.1326629662678186,0.25768460531731036,-0.7867145051389755,-0.8663768591922038,-0.06515382341658779,-1.0594273950345592,-0.25635056263276723,-0.2610681096712231,1.0559194675922774,-0.18705503706160384,-0.19612917363999627,0.10427578214854727,1.9563474778778018,2.043507647884875,2.018986061929963,2.104459839468518,-0.6605252555817083,2,-0.06723855489475805,0.0,1,0.96750706,0.96750706,0.9668878964959052,6.508997156107199e-05,-6.842578181509573e-06,0,1,1,-0.06783855489475805,-0.06723855489475805,6.299548929671858,1.8188483013787584
1735257600000,2024-12-27,1735257600000.0,2024-12-27 00:00:00,1735257600000.0,2024-12-27 00:00:00,1735257600000.0,2024-12-27 00:00:00,1735257600000.0,2024-12-27 00:00:00,1735257600000,1.8949553187253336,1.9498833963874054,1.946919789092494,1.9608470948206755,-0.5894072041926198,1.8949553187253336,1.9873615267117917,2.0986446124837506,2.0952250226647404,-0.006354136196647086,0.7289394637239978,-2.555703383075793,-0.8456506184753667,2.1091912655001877,2.063523103594013,2.1440153904835615,1.3604330838715644,1.887500134819625,-0.6569963589240773,-1.0482173676953248,-0.6201887307142211,-0.2518049708726182,-1.4228570227392043,-0.6092448208825972,1.9873615267117917,0.844496793779286,1.9681210176537653,2.028135343374694,-0.01138598680332017,0.0016000607303404103,-0.2883369670815214,0.0026816290028119833,-0.20729573584390035,0.2469886078004084,-1.0691726641062018,-0.6931907701728344,-0.6449337039298746,1.958422839142834,-0.6601416584830161,2.1008702646762365,-0.7391257099285093,2.073934240546997,-0.5947918905822366,1.9253550051826351,-0.5530553611425038,1.9398361157383002,-0.7454681614683801,2.024711364347868,-0.6666459044353658,2.047608167877165,-0.27309944290387816,2.034931516261298,-0.4125996074532107,2.1450139219259783,-0.4450849119081081,2.379166073484255,-0.5562971305990846,2.3794571572181438,-0.5113672043888787,2.3166755417287557,-0.6831343388897703,2.201781227602746,-0.7470943958907578,2.2048429065375155,-0.6348434401729636,2.1529115605450597,-0.5953530421018861,2.2010931881709332,-0.4606448984857393,2.027759147054135,-0.4370214147950201,2.057333686806024,-0.49365090050290444,2.20917976248784,-0.752415370914521,2.1634788927722166,-0.7647058945970601,2.1643681264927603,-0.45718297287613346,2.05651569066532,0.007762659516586611,2.1248826984840874,-0.518966708811184,2.0188754370337922,-0.5249643865133815,2.018580932878657,-0.5233056939150958,2.0755406552964133,-0.7682129815915986,2.0470824542152233,-0.762263137266469,2.089695569532055,-0.5760477667687507,2.02096232504486,-0.7218040469628862,2.0341005945505577,-0.553437849641659,0.3036705546649714,0.7832841802408109,-0.4853059713632227,-0.6098642246760059,-0.9633338185154522,-1.0453766564351739,-1.148817459639803,-1.1351906810186778,1.0458900178093096,-0.12110123190952028,-0.17945201749840217,-0.4182304837015241,1.8949553187253336,1.9498833963874054,1.946919789092494,1.9608470948206755,-0.5894072041926198,2,-0.03138100968600166,0.0,1,0.96750706,0.96750706,0.9669467947890004,5.889829309513317e-05,-6.191678465938821e-06,0,1,1,-0.03138100968600166,-0.03138100968600166,6.070481714006383,1.7303899955298223
1735344000000,2024-12-28,1735344000000.0,2024-12-28 00:00:00,1735344000000.0,2024-12-28 00:00:00,1735344000000.0,2024-12-28 00:00:00,1735344000000.0,2024-12-28 00:00:00,1735344000000,1.9416422846667822,1.8760017629957109,1.9753938653280698,1.8979788888694322,-0.8105773949798447,1.9416422846667822,1.9769253048690723,2.081931618562821,2.0948395232234374,-0.13458937658919776,0.5538921597869925,-2.4140533239227446,-0.6941107694196992,2.0979658848708964,2.0586143312816976,2.125529804364519,-0.27459053447663406,1.8584898667512568,0.4359491240467478,-0.9413696057169515,-0.3734759240057621,0.015173053393776911,-0.6732116809161806,-0.6079223274673483,1.9769253048690723,0.8426672599701337,1.9681210176537653,2.028135343374694,0.06207430003165824,0.040613832609243804,-0.27579194436888804,-1.0050733572488328,-0.33513787701399433,-1.3692356910885026,-1.3280942787560828,-0.7143443995524401,-0.690684854860498,1.8970589166903453,-0.5890380668901088,1.9600014290404197,-0.6597332296035071,2.102799068196677,-0.7382639959209486,2.0750490533224304,-0.5943595836387566,1.9269491874126015,-0.5523664540758358,1.941338723307029,-0.7450368055328198,2.026872720332536,-0.6665134896281502,2.0498286077302685,-0.27277364568488843,2.037074561427312,-0.41223529451485025,2.1470310995464317,-0.444595776568164,2.3815398672129637,-0.5560409806135697,2.3814217469196772,-0.5111077424605518,2.3186613340842555,-0.6829754488124401,2.2038700950368946,-0.7469398031841101,2.207216078455169,-0.6344877516054821,2.1557755322193413,-0.5951152306460104,2.203924234013639,-0.46044336273442465,2.0306986570134287,-0.4367755334198982,2.0603042871779,-0.4932933187957411,2.211935545808939,-0.7523031358250616,2.165899301970123,-0.7646316342202256,2.1668394504924033,-0.4570008489386875,2.0590479967884705,0.007943031412825985,2.1278504506570433,-0.5186438462106902,2.0212497227347126,-0.5246957113983585,2.0211781092711005,-0.5230790971167862,2.0779029021581144,-0.7680209729167246,2.0497394257305803,-0.76212749584415,2.0923096207498078,-0.5756901005751113,2.023187708126598,-0.7214699493292687,-0.05773005051649377,2.271757321116075,-0.8372474402459961,-0.9091288836427606,0.47481102131571634,0.1944644585209151,0.07774079274043545,-0.04169735127499308,1.0537239388986155,-0.1894455548021882,-0.20195007110811825,-0.15697735077648842,1.9416422846667822,1.8760017629957109,1.9753938653280698,1.8979788888694322,-0.8105773949798447,2,0.024637502256704025,0.0,1,0.96750706,0.96750706,0.9670000903865604,5.3295597560065744e-05,-5.602695535067426e-06,0,1,1,0.024637502256704025,0.024637502256704025,6.2446807231912,1.7976599852063706
1735430400000,2024-12-29,1735430400000.0,2024-12-29 00:00:00,1735430400000.0,2024-12-29 00:00:00,1735430400000.0,2024-12-29 00:00:00,1735430400000.0,2024-12-29 00:00:00,1735430400000,1.8721628540329043,1.8695066459227174,1.928794665082703,1.938668641003179,-0.7749841449242633,1.8721628540329043,1.9685085691157465,2.0519797850582076,2.0898249565396734,-0.32875040854975474,0.373202608787698,-2.492401880959874,-1.2151197928819366,2.0907123426867584,2.06516087521836,2.1022642247171097,0.3425957439245628,1.7769266529314125,-0.7409455815528192,-0.5584416524322541,-0.32591294885607536,-0.9357835533755282,-0.5705592282761504,-0.46320796254067437,1.9685085691157465,1.0547518573561114,1.9681210176537653,2.004677755860886,0.029083995728448137,-0.11660420635593982,-0.28055331204128847,-0.6140530737124973,-0.38599606398475705,0.5521911302491487,-0.5522336133034257,-0.7183438754969146,-0.683047149878849,1.9437244094360562,-0.8101632891240949,1.8986769237335128,-0.5886448804295169,1.9619982754326377,-0.6588992640273343,2.1038915890938816,-0.7377985686078313,2.0765481777064876,-0.5936572344803188,1.928460329867947,-0.5519767584744851,1.9435333461001922,-0.7448984488501625,2.0291008577696683,-0.6661036397538997,2.051965710400418,-0.27243978605933383,2.0391376463315565,-0.4117550061561714,2.1494682711561066,-0.44435628351281103,2.383503612885911,-0.5557746194619575,2.3833813656341407,-0.5109642097213479,2.3207055388913904,-0.6828262461718845,2.2062435395412767,-0.7465626402149959,2.2100742659815626,-0.634244603457964,2.1586117549577657,-0.594896734235875,2.2068499609505046,-0.4601938975939898,2.033670946520403,-0.4364296361233502,2.0630800402292064,-0.49319700969406516,2.214343647606025,-0.7522293813428089,2.168370268458953,-0.7644141624369267,2.169347722726208,-0.45674861506665215,2.0620191483672685,0.008167981021092638,2.130194730933384,-0.5183761673431342,2.0238463934487854,-0.524468926615265,2.023554996403182,-0.5229120742855367,2.080554927370056,-0.7678849092841294,2.052360327946793,-0.7617331624626792,2.094512290848201,-0.5753813499604865,-0.6134341809257267,-0.19212466852271062,-1.14814374758843,-1.1728573154139892,-0.6393557009562278,-0.8205236677593534,-1.1509424433707234,-1.1433279986530545,1.0601910161441308,-0.19092694345014138,-0.18741020315452797,2.542638356115547,1.8721628540329043,1.8695066459227174,1.928794665082703,1.938668641003179,-0.7749841449242633,2,-0.0357838470981805,0.0,1,0.96750706,0.96750706,0.9670483162445611,4.822585800068335e-05,-5.069739559382391e-06,0,1,1,-0.0357838470981805,-0.0357838470981805,5.98543817591739,1.697548948063048
1735516800000,2024-12-30,1735516800000.0,2024-12-30 00:00:00,1735516800000.0,2024-12-30 00:00:00,1735516800000.0,2024-12-30 00:00:00,1735516800000.0,2024-12-30 00:00:00,1735516800000,1.8352291329298012,1.8520088818649107,1.868434190527199,1.8755407020762023,-0.5441392336682342,1.8352291329298012,1.9566771165447472,2.0148061124166126,2.084921278173807,-0.528646210631227,0.1867985650393209,-2.5717536456286294,-1.522935265500164,2.082960261543914,2.073826810215315,2.0754549165750253,0.9952569654800062,1.7222998555811981,-0.4199648860841716,-0.422086199557617,-0.41775833031955734,-1.2113754155977208,-0.7258686986356905,-0.4857992898165962,1.9566771165447472,1.3789547232629158,1.9681210176537653,1.9666662460624575,0.044522205771275504,-0.20657993486271053,-0.281274795803006,-0.19821987284409132,-0.4132245091487392,3.0951103129502564,-0.1570933331541902,-0.7167076161112821,-0.634473180249964,1.874276935160525,-0.7745772759251367,1.9453124408771487,-0.8097227002300266,1.900703391265372,-0.5878357609114528,1.9631995346935327,-0.6584521579708145,2.1053723980582206,-0.7370495385077658,2.077960242213397,-0.5932586306837241,1.9306600913138259,-0.551853035362004,1.945792421467876,-0.744471852080345,2.031246228803389,-0.6656841150544645,2.054022462006052,-0.27199714709636846,2.0416042751932726,-0.41152041032363157,2.1515260649978423,-0.4441071704590307,2.385462390006457,-0.555627099174622,2.3854008394009263,-0.5108294669555954,2.323046245510339,-0.682461365494866,2.209101830655901,-0.7463042087261953,2.212904285864247,-0.6340211716845298,2.161541027108532,-0.5946266965397226,2.2098110793286176,-0.4598431892553864,2.0364502720918063,-0.43633682193964113,2.0655259495151865,-0.4931338238592983,2.216803302930556,-0.7520133354656142,2.1708782072060306,-0.7641143961582114,2.1723131789266863,-0.45643731414221805,2.0643815547819795,0.008352623482996386,2.132770758907777,-0.5181502372098113,2.0262225619905014,-0.5243017621223982,2.0262157437865977,-0.5227939839856361,2.0831705458693186,-0.7674894413988571,2.0545757156627653,-0.7613921381524918,1.0581180388344504,0.2796029913349834,-0.4359490649173322,-0.5690770391397212,0.199651305540993,-0.61381649724587,-0.19610457436751297,-0.2728596819788373,1.0572433571790354,-0.17922029134377743,-0.197938139897813,-0.3311461060598455,1.8352291329298012,1.8520088818649107,1.868434190527199,1.8755407020762023,-0.5441392336682342,2,-0.01972783565465075,0.0,1,0.96750706,0.96750706,0.9670919546215825,4.363837702137108e-05,-4.587480979312275e-06,0,1,1,-0.01972783565465075,-0.01972783565465075,5.847630599607169,1.6443321457452842
1735603200000,2024-12-31,1735603200000.0,2024-12-31 00:00:00,1735603200000.0,2024-12-31 00:00:00,1735603200000.0,2024-12-31 00:00:00,1735603200000.0,2024-12-31 00:00:00,1735603200000,1.8645429273549705,1.8991901687764376,1.8967020147111038,1.8420100940764903,-0.6463414418842495,1.8645429273549705,1.9276735261664009,1.9795584209826447,2.0799592095719523,-0.6417969340174103,0.013984839195830828,-2.3830377340833224,-1.4137388638524793,2.067899238897776,2.0681240509892223,2.0496239861852366,1.3195481129023852,1.785295513445779,0.2635465769245972,-0.5190319634107101,-0.8455989387770546,-0.49692871158399066,-0.5766221240543166,-0.7584193641706519,1.9276735261664009,1.1009085000008905,1.9681210176537653,1.9666662460624575,-0.5635111431137039,-0.17528604561484565,-0.2815013577057645,-0.009300841623871549,-0.5429894427470627,-0.6889205728844465,-0.5050146118039337,-0.7242203554560265,-0.6562708889615694,1.83736020134727,-0.5437793002965753,1.875909576220664,-0.7741443155756836,1.947316382386847,-0.8088363118989834,1.9019519876560946,-0.5874050597824649,1.964769685109947,-0.6577289504542266,2.106765372565845,-0.7366199988308539,2.080100351177454,-0.593131778486882,1.9329239455974325,-0.5514676826192485,1.9479710244945154,-0.7440352592223659,2.03331179253388,-0.6651355684588578,2.056485026990361,-0.2717833919861113,2.0437057814559627,-0.4112763682989883,2.15357861899765,-0.4439696190649225,2.3874810685650742,-0.5554886018879833,2.38772341806772,-0.510497535857111,2.325892095595173,-0.682211675318864,2.211931961625449,-0.7460666429448947,2.2158293102086852,-0.6337451476032064,2.164505018879729,-0.5942483704800634,2.212566777966682,-0.45974893604339667,2.038902945015175,-0.4362759553679859,2.068020351958532,-0.4929475665971753,2.2193006906032955,-0.7517154866092254,2.1738435843792216,-0.7637459789934851,2.174645216735737,-0.4561794403066755,2.066970052940048,0.008507319262019813,2.1351175932428017,-0.5179837167641179,2.0288828812623985,-0.5241835699195395,2.028840679442813,-0.5224468115006116,2.085376125337345,-0.7671474185220365,-0.6434728467647856,2.939098191931508,-1.1494756626168312,-1.1737802422764738,1.4849271137980693,-0.05572373306271991,-0.07361673372506798,-0.17727435451046705,0.9050921171592601,-0.17142432658713494,-0.15311687642549104,0.53969767035694,1.8645429273549705,1.8991901687764376,1.8967020147111038,1.8420100940764903,-0.6463414418842495,4,0.01597282535416822,0.0,0,0.96750706,0.96750706,0.9671314419013947,3.9487279812178144e-05,-4.151097209192933e-06,0,0,0,-0.0006,0.01597282535416822,5.843522021247404,1.6865696012876863
1735689600000,2025-01-01,1735689600000.0,2025-01-01 00:00:00,1735689600000.0,2025-01-01 00:00:00,1735689600000.0,2025-01-01 00:00:00,1735689600000.0,2025-01-01 00:00:00,1735689600000,1.903993585070803,1.855393260280532,1.9246474516859624,1.8706907239451198,-0.762809336303888,1.903993585070803,1.900169059120338,1.9636138632633522,2.0780818561020014,-0.672083290017563,-0.13060722899543073,-1.9911502236929473,-0.8302618583533671,2.057036819977584,2.062572736079146,2.0326694757445307,0.1788216327076492,1.5412598499160404,0.3654389641826025,0.12006189377627596,-0.8019277849279499,-0.04825619158255394,-0.20377484327740172,-0.5985808732359611,1.900169059120338,-0.09162614862704582,1.8325719915331578,1.9666662460624575,-0.5222868025102687,-0.5382584013355216,-0.28614622239542237,-0.722401815543126,-0.5075975037104583,-0.98032094536821,-0.4864748716721922,-0.7276568153641082,-0.680726781302535,1.8666605131904634,-0.6459607286533114,1.8390165558894185,-0.5433958159208518,1.8779470409024641,-0.7732703622304407,1.948528980255958,-0.8083545930483172,1.9035610311344637,-0.5867049739119489,1.9662557794194906,-0.6573165236358839,2.1088939878943025,-0.7364822801255173,2.0823087290140183,-0.5927376065674996,1.9351076818988997,-0.5510731249904293,1.9500720056892131,-0.7434656112819166,2.0357800119799974,-0.6648631884618617,2.058580502754358,-0.2715609303375228,2.0458019217847228,-0.41114174781056667,2.155685905777862,-0.44384050810205966,2.389803064341079,-0.5551481153986338,2.3905623791800443,-0.510271295910944,2.3287088849430098,-0.6819821934886819,2.214857062043796,-0.7457734749148949,2.218789859136187,-0.6333587850935287,2.1672667947430857,-0.5941458565459286,2.2149747194384735,-0.45968711451793726,2.0414035636056083,-0.43609623514252516,2.070550151805999,-0.49268977462492924,2.2222635674587408,-0.7513493734716248,2.1761752008030033,-0.7634396669763452,2.1772128222975544,-0.45596192160589083,2.069334607933818,0.008620158906391654,2.1377604361994296,-0.5178659878505638,2.0315073596033426,-0.5238361236152833,2.0310635544977163,-0.5221472972299004,1.3442715484078755,1.3784504757014144,-0.2440042684420462,-0.40632981873800705,-0.7726533189615349,0.07362421998469533,-0.977767644957632,-0.9705430295062858,1.0570645862382302,-0.1932416119606002,-0.20549149207719955,-0.24406172841816698,1.903993585070803,1.855393260280532,1.9246474516859624,1.8706907239451198,-0.762809336303888,4,0.02115835314759784,1.0,0,0.96750706,0.96750706,0.9671671729567958,3.5731055401111433e-05,-3.756224411066711e-06,0,0,0,0.0,0.02115835314759784,5.843522021247404,1.7434129896673323
1735776000000,2025-01-02,1735776000000.0,2025-01-02 00:00:00,1735776000000.0,2025-01-02 00:00:00,1735776000000.0,2025-01-02 00:00:00,1735776000000.0,2025-01-02 00:00:00,1735776000000,2.0019830928652693,1.9602956209349782,1.9830776220862996,1.909156721700841,-0.6338606834244644,2.0019830928652693,1.90665988218683,1.9622772155930333,2.0793222229586825,-0.5584936994712093,-0.22249850660580833,-1.2593441097201812,-0.1608788172891813,2.0483111083379097,2.049058988306351,2.0295971840391505,0.9683455723838564,1.331252793045141,0.9571738288200098,0.9323535385824185,0.06911180564034694,0.18004755467586228,0.14228216912971683,-0.5089456460849494,1.90665988218683,0.2380959040571023,1.8764358195437085,1.9666662460624575,-0.6313999783791379,-0.508236783392981,-0.23049388382634486,-0.275343611314853,-0.6144212929691333,1.4259806902512342,-0.010337664110548653,-0.7236481525191523,-0.6555107740198147,1.9060930259770201,-0.7624049426995136,1.8682980466629777,-0.6455553397281599,1.8410718407444355,-0.5426025113837123,1.879213211685017,-0.7727968537381347,1.950108446682731,-0.8075826011177625,1.9050876633370144,-0.5863078700166378,1.9684404599711272,-0.6571848159773026,2.1110916767193246,-0.7360574814646752,2.0844328752633245,-0.5923340605799552,1.937214133953498,-0.5505554451556054,1.9525629514019192,-0.7431815506919301,2.0378838785543287,-0.6645800212827816,2.0606706299798847,-0.2714387826717157,2.047950392565988,-0.41101539647498697,2.158072851737074,-0.44352141013900215,2.392641803943627,-0.5549157865769475,2.3933717808705275,-0.5100635008131869,2.331624848823687,-0.6816988309465799,2.217817672629142,-0.7453640974332884,2.221544353386424,-0.6332538673810189,2.1696862418599383,-0.5940785531212289,2.2174342274154224,-0.45950470267547205,2.0439391618862235,-0.4358472335527653,2.0735207094656034,-0.4923717949352193,2.2245818518158207,-0.7510450154151055,2.1787425164656935,-0.7631805946634742,2.1795476880278715,-0.45580173984949074,2.071988008251763,0.008699273038073139,2.140366246073144,-0.517519786431871,2.0337293857366228,-0.5235363683345835,0.6414577186666045,1.2701069002637895,-0.6101476790630471,-0.7168899527846823,0.42039910512785517,-0.9582254211839888,-0.10153321386525489,-0.18727902781565278,1.059000850913438,-0.17039791313100577,-0.14220451972127737,0.7138664256402971,2.0019830928652693,1.9602956209349782,1.9830776220862996,1.909156721700841,-0.6338606834244644,4,0.051465251019121805,1.0,0,0.96750706,0.96750706,0.9671995050983399,3.233214154407804e-05,-3.398913857033392e-06,0,0,0,0.0,0.051465251019121805,5.843522021247404,1.8846034278296808
1735862400000,2025-01-03,1735862400000.0,2025-01-03 00:00:00,1735862400000.0,2025-01-03 00:00:00,1735862400000.0,2025-01-03 00:00:00,1735862400000.0,2025-01-03 00:00:00,1735862400000,2.0503017883885186,2.0067616910092974,2.0563477023613643,2.0028437120515354,-0.7014886500286595,2.0503017883885186,1.9287550473087365,1.9633007136024112,2.078548653273486,-0.4001754384454068,-0.26286426103950006,-0.5438578243963811,-0.05307366823046723,2.042017877554811,2.036814319849416,2.030291388465955,0.5836941802816541,1.1542651479697856,0.4386686575689647,1.0375392274751212,0.49076396449551823,0.7205316072462249,-0.1731782456012915,-0.4137375084468769,1.9287550473087365,0.8483065899943917,1.9228785584157064,1.9666662460624575,-0.7735722143415226,-0.4824689102089909,-0.28528616968111875,-0.5176760452028702,-0.7278044537640669,-0.6463622236587515,-0.8525648303437179,-0.7404981032658702,-0.6694967671319746,2.004037464492755,-0.6334825077943183,1.9077052299556714,-0.7619745917232028,1.8703391878877647,-0.6447263294601325,1.8423664896970842,-0.5421822522980799,1.8808366946089705,-0.7720364337575174,1.951604250987122,-0.8071378444290447,1.9072967507921426,-0.586181544673723,1.9706902891143667,-0.6567769591681116,2.113204341361764,-0.7356227212095774,2.086475818381078,-0.5918052684475429,1.9397085901439683,-0.5503001513714703,1.9547005421040298,-0.7428862883663453,2.0399823723862207,-0.6644227876058866,2.0628134190793967,-0.27132417526284797,2.0503675265637975,-0.4107025868482482,2.1609362736657234,-0.44330430354107964,2.395450968089495,-0.5547023604975287,2.3962826855754047,-0.5098064433525005,2.3345780542524213,-0.6813026168868298,2.220572297285694,-0.7452522957245249,2.223950014663192,-0.6331849687845394,2.172156324144457,-0.5938806900881977,2.2199314776420738,-0.4592520816562676,2.046911093616831,-0.43553981662714436,2.0758799490146944,-0.49210825708461525,2.227139995457579,-0.7507876193443843,2.181076970237082,-0.7629890989263897,2.1821834004998943,-0.45568857061273726,2.0746050956602864,0.008941714270621938,2.1425536176333124,-0.5172211268735339,2.055883957651979,1.1968422239758802,0.46966466632745113,0.19924141514320243,0.0732103392347056,-0.23511021900368892,-0.1731557057123434,-0.25087905333000277,1.0547139175990377,-0.16176226845137306,-0.15935352588897475,0.10427578214854727,2.0503017883885186,2.0067616910092974,2.0563477023613643,2.0028437120515354,-0.7014886500286595,4,0.024135416375617336,1.0,0,0.96750706,0.96750706,0.9672287616474424,2.9256549102574247e-05,-3.075592441503794e-06,0,0,0,0.0,0.024135416375617336,5.843522021247404,1.9542245326388832
1735948800000,2025-01-04,1735948800000.0,2025-01-04 00:00:00,1735948800000.0,2025-01-04 00:00:00,1735948800000.0,2025-01-04 00:00:00,1735948800000.0,2025-01-04 00:00:00,1735948800000,2.053685178638783,1.9992314722762583,2.1165629140415825,2.0539354786536452,-0.8156039600229819,2.053685178638783,1.9446910788671954,1.9660367567207557,2.0800573196640637,-0.26895867525404576,-0.26768386720703685,-0.05026202929287752,0.025925667316662165,2.0300878129051307,2.0021592045212966,2.044936838227877,-0.47111475931497016,1.0423638686833983,-0.007474206364189118,0.813119986092808,0.3201061760632436,0.9138928349787222,-0.2488126162305424,-0.6210912862157404,1.9446910788671954,1.2267498049335062,1.9261305897090488,1.9666662460624575,-0.7905880424462429,-0.48914317360146714,-0.31032276834718237,-1.13731494961359,-0.7566191911536121,-1.1941933518779646,-0.3368510749657446,-0.7412537802895761,-0.6920724563247154,2.0523339363228206,-0.7010967242100007,2.0055867538134513,-0.6330797938151914,1.9097273366089877,-0.761104891812869,1.8716112341023503,-0.644282495209171,1.8440133708126458,-0.5414968837879583,1.8823783769173947,-0.7715993459042135,1.9537947776962563,-0.8069947806103199,1.909569278207905,-0.5857888576672754,1.9728589603045916,-0.6563594657675691,2.1152350477953905,-0.7350553389139695,2.0889295228954525,-0.5915438234808035,1.9418513901399255,-0.5500346768085043,1.9568326627837347,-0.7427220640505261,2.0421330669536544,-0.6642751445678298,2.065226388381604,-0.27103812640968195,2.0532424205311113,-0.4104899556621067,2.163771906863057,-0.4431049549481506,2.3983617101203456,-0.5544384728962682,2.399231790546123,-0.5094455426690201,2.3373170170055264,-0.6811947524823144,2.2229782054528955,-0.7451788288381104,2.226407427018091,-0.6329826096267026,2.174663438104167,-0.5936072917838162,2.222894321926533,-0.4589403155252031,2.04927765991721,-0.4352852366680698,2.0784662684739605,-0.49188587940116535,2.2294614153990606,-0.7505973867902499,2.18371243727809,-0.7628534042707914,2.1847815934809094,-0.45535462131332716,2.0768134018879754,0.009149046272711037,0.7299069870088357,0.9933406855717,0.006375552199920741,-0.18908338869466187,-0.9065161509705384,0.2711332290282333,-1.0874604914792823,-1.0760976381361236,1.0262394298413904,-0.18069422827811465,-0.1821360726237975,0.2784445374319044,2.053685178638783,1.9992314722762583,2.1165629140415825,2.0539354786536452,-0.8156039600229819,4,0.0016501913374049604,1.0,0,0.96750706,0.96750706,0.9672552351695944,2.647352215201515e-05,-2.7830269505590977e-06,0,0,0,0.0,0.0016501913374049604,5.843522021247404,1.9590995683713932
1736035200000,2025-01-05,1736035200000.0,2025-01-05 00:00:00,1736035200000.0,2025-01-05 00:00:00,1736035200000.0,2025-01-05 00:00:00,1736035200000.0,2025-01-05 00:00:00,1736035200000,2.0583847396712045,2.0011278661308327,2.1050195364560444,2.0569179918644753,-0.8090680330563524,2.0583847396712045,1.9711777014561234,1.9750261567329646,2.0780815165978397,-0.1587032142353351,-0.24845524554819612,0.2836730020335128,0.3529634691702564,2.0151759089017967,1.9439784345363218,2.0805571730184127,-0.2615888977437525,0.9481606790936072,0.005376088119496204,0.25465392170533985,0.6130526048743756,0.7937375020787486,0.19672138957401808,-0.7256266314031337,1.9711777014561234,1.3285103194245016,1.930647691908895,1.9666662460624575,-1.0860309544709186,-0.5921204626783324,-0.3804610298222767,-1.0151173264526738,-0.844008951911834,-0.08004459229849493,-0.7611902847733967,-0.7463778383528749,-0.690797601267852,2.055715770417108,-0.8151888321607991,2.0538522023812296,-0.7006795158264667,2.00756158145046,-0.6322551438698089,1.910968963940578,-0.7606341917053434,1.8732395443900007,-0.6435638990832759,1.8455794408483481,-0.5411095332198912,1.8845965256841593,-0.7714589758334705,1.9560500437305846,-0.8065549169996007,1.9117623307584315,-0.5853868250783959,1.9749493565048357,-0.6558134304644552,2.117680900416586,-0.7347725324656245,2.091011850366083,-0.5912719794248815,1.9439887050868485,-0.5498876689433291,1.9590151308032815,-0.7425678388975997,2.0445518309956796,-0.6639138177421217,2.068099699684022,-0.27084454087810617,2.0560903562148716,-0.41029474592233484,2.1667007752874627,-0.44285814273754753,2.4013106832438926,-0.5540684030594878,2.401962080832067,-0.5093482408300686,2.3396932734330957,-0.6811238984310476,2.2254358447134015,-0.7449635935737902,2.2289027224447366,-0.632703165363152,2.1776286198251773,-0.5932705590984434,2.2252124326102636,-0.4586820471650363,2.05186901993903,-0.43507054368163894,2.0808277274445293,-0.49172203601147546,2.232089117330789,-0.7504626007934809,2.186310368085942,-0.7624589278483739,2.186954825681822,-0.45506674581537515,-0.2408531319834833,-0.17375205384863174,-0.9083885902759326,-0.969077265677552,-0.38272281266788216,-1.1579604510761714,-0.4699530697023085,-0.5221520878709724,1.0422496752952648,-0.18838526809948772,-0.1951401266025607,0.3655289150735829,2.0583847396712045,2.0011278661308327,2.1050195364560444,2.0569179918644753,-0.8090680330563524,4,0.002288355138997611,1.0,0,0.96750706,0.96750706,0.9672791904000174,2.3955230422978424e-05,-2.5182917290367257e-06,0,0,0,0.0,0.002288355138997611,5.843522021247404,1.9658710390754814
1736121600000,2025-01-06,1736121600000.0,2025-01-06 00:00:00,1736121600000.0,2025-01-06 00:00:00,1736121600000.0,2025-01-06 00:00:00,1736121600000.0,2025-01-06 00:00:00,1736121600000,2.2120945867240076,2.142426888792773,2.132453943406103,2.0615234969024683,-0.5950014942112435,2.2120945867240076,2.0247798492769227,1.99580622535236,2.0810839299084445,0.13397075705786635,-0.17179487840093405,1.0811734194143412,0.7841691868951874,2.007745070680515,1.8985420227784686,2.117462386768933,1.596359298962463,0.9801137751882067,1.4616894817291188,0.8480747496246007,1.360086966682549,1.2991070613030204,0.8779609771429027,-0.445332278688226,2.0247798492769227,1.8002200767742014,2.0783898072831226,1.9968354667838386,-0.8627820338271838,-0.374729029685576,-0.2521021977427137,0.009506238382727142,-0.7987465406165855,3.4650573164254617,-0.46352182572735895,-0.7540243009642703,-0.6506969334819823,2.060413169934171,-0.8086542340856389,2.057231864152733,-0.8147471659451703,2.0558037167018943,-0.699831239131543,2.0087276528459785,-0.631814188577622,1.9125722815109845,-0.759877729954886,1.8747862582167274,-0.6431545282750647,1.8478122728870319,-0.5409866338216162,1.8868774800648989,-0.7710267044243342,1.958224554959976,-0.8061048027971442,1.9138787117365945,-0.5848599039590182,1.9774335101613858,-0.6555424405867005,2.1197515762484462,-0.7344785687921629,2.0930888672255548,-0.5911212901801242,1.9461760810835462,-0.5497496541335508,1.9614571849136408,-0.7421915134696374,2.047427344411329,-0.6636666568436926,2.070945938135584,-0.27066694452708684,2.059027649561907,-0.4100529539640746,2.1696644398387614,-0.4425109958366712,2.4040406946731196,-0.5539683586398735,2.4043219181992654,-0.5092843962047479,2.342123661147673,-0.6809160276606765,2.227931351798004,-0.7446668347521652,2.2318651034947434,-0.6323591676878318,2.1799591940688128,-0.5929911175223006,2.2277704567705015,-0.4584641900138257,2.0542376417623047,-0.4349124913277204,2.08347928325793,-0.49160623281309507,2.234678753330158,-0.7500705659906892,2.188483113610635,-0.7621177776365222,0.08867755327677153,0.2495344500509981,-0.6610914065917521,-0.7593074650717667,-1.0356905335896625,-1.1854908260855663,-1.1219359279181775,-1.0815691311458118,1.0479578529738254,-0.18091715871045777,-0.1498970420550025,1.4976258244154044,2.2120945867240076,2.142426888792773,2.132453943406103,2.0615234969024683,-0.5950014942112435,4,0.07467498378235926,1.0,0,0.96750706,0.96750706,0.9673008668910156,2.167649099815705e-05,-2.2787394248213744e-06,0,0,0,0.0,0.07467498378235926,5.843522021247404,2.187347410819012
1736208000000,2025-01-07,1736208000000.0,2025-01-07 00:00:00,1736208000000.0,2025-01-07 00:00:00,1736208000000.0,2025-01-07 00:00:00,1736208000000.0,2025-01-07 00:00:00,1736208000000,2.0043367609387785,2.1524498956841076,2.0593941890628917,2.2160841350940355,-0.6120226350921323,2.0043367609387785,2.0446629392676745,1.9912689624994422,2.0756922282335237,0.08083499126407095,-0.12159167814604822,0.7137877260152417,-0.2800980184646567,2.001577359045121,1.883201995299777,2.122032901798626,2.890494316009288,1.0180631954583539,-1.9930870526702331,-0.3487132728072314,0.4358414978789217,-0.078748799571967,0.07587579043515186,-0.41181401152318436,2.0446629392676745,1.2257569383384723,2.0783898072831226,2.0374373616791197,0.3521862603998774,-0.13713299043192365,-0.0565799369861435,0.8659557228925385,-0.6080328052174242,-0.3256630817647859,0.03171640696302958,-0.7488649260131368,-0.6511704205440848,2.214052319704209,-0.594631219471867,2.0619262462929204,-0.8082139686864679,2.05918174601941,-0.8138590215152928,2.0569325314119555,-0.6993746839758953,2.0102688922609624,-0.6310996501512022,1.914092945650526,-0.7594432652563474,1.877007436341273,-0.6430238940677547,1.850106882621785,-0.5406036026784835,1.8890795844438915,-0.7705843280679637,1.960321175264163,-0.8055184384340172,1.9163795390032816,-0.5845994946865392,1.9795610219458357,-0.6552607128632968,2.12181697507924,-0.7343150950590736,2.095219268557104,-0.5909798091259078,1.948621732760919,-0.5494102670596125,1.964341549005811,-0.7419336780592507,2.0502759443845817,-0.6634395140850823,2.0738820691931874,-0.27044651685811033,2.061998142506385,-0.40971254652380484,2.172425523632156,-0.44241780788446305,2.4064000040976703,-0.5539026940101285,2.40673721591294,-0.5090962820864616,2.344593747941374,-0.6806291719070586,2.230893783005192,-0.7443020314301588,2.234180744143364,-0.6320735649410557,2.182525792746033,-0.592755096526489,2.230091706923687,-0.4583037532078747,2.0568934649579274,-0.43480085385670664,2.0860944003384922,-0.4912652059041414,2.2368361010697266,-0.7497315648416141,1.4224110932171998,1.818394851683977,0.48503826158269486,0.23864865766871132,-0.7489627358784737,1.956540605995568,-1.0396531717546356,-1.0361516034156455,0.9405984875650749,-0.19309384968778334,-0.20277444838987088,1.6717945796987614,2.0043367609387785,2.1524498956841076,2.0593941890628917,2.2160841350940355,-0.6120226350921323,4,-0.09391905166808767,0.0,0,0.96750706,0.96750706,0.9673204814074988,1.961451648324619e-05,-2.061974514910858e-06,0,0,0,-0.0,-0.09391905166808767,5.843522021247404,1.8879947646581559
1736294400000,2025-01-08,1736294400000.0,2025-01-08 00:00:00,1736294400000.0,2025-01-08 00:00:00,1736294400000.0,2025-01-08 00:00:00,1736294400000.0,2025-01-08 00:00:00,1736294400000,1.9286983600118357,1.9428035517062252,1.9159874810496962,2.0074388521576,-0.5638555908260259,1.9286983600118357,2.0481767370566115,1.9793340940370676,2.0727324879098536,-0.06521293944310592,-0.1120073331030791,0.14975203966185047,-0.5537681466927667,1.9970292139703316,1.879917420376541,2.116052488100965,1.7253863877993807,1.1807087558441791,-0.790414754685811,-0.8028783045838104,-0.008159613772282996,-0.6160811797750907,0.06009545520585846,-0.35272083433433293,2.0481767370566115,1.0724022246353158,2.0783898072831226,2.062863063901692,0.46724284587646114,-0.10175133205143538,-0.1326891883210913,0.20950996542073516,-0.4049742004432916,0.030896368825683664,2.648226939668873,-0.7189548834795932,-0.6402541873048782,2.006390050020543,-0.6116488995966877,2.2154667058800057,-0.5942368340117196,2.0638738606655798,-0.8073281076715326,2.0603079519275367,-0.8133761431779188,2.058443160044642,-0.6986381585872651,2.0117248528905183,-0.6306929684169676,1.9162984398765275,-0.7593038165925031,1.879291208006414,-0.6426190627303214,1.8523236549058315,-0.5402114111855421,1.8912056125356507,-0.7700075299950829,1.9628093227313557,-0.805225124512975,1.9185317932132684,-0.5843287230824886,1.9816830927813303,-0.655104311149444,2.1239363987277216,-0.7341615766257763,2.0976231575755158,-0.5906325235538925,1.9515074639981502,-0.5491787206923677,1.9671996403459382,-0.7416966635302473,2.0532136926467763,-0.6631589887370269,2.0768516201029934,-0.2701347900052256,2.064773668348785,-0.4096213744081448,2.1748436604945813,-0.44235669327623006,2.408814816603614,-0.5537094500574622,2.4091932267267446,-0.5088359931914138,2.347550155230768,-0.6802762683825047,2.2332096910993737,-0.7439987841800456,2.2367370690011428,-0.6318322584682493,2.184859227650725,-0.5925809718062885,2.232719307701365,-0.45819040050361454,2.059513140521439,-0.4344710205017762,2.0882990490149984,-0.4909711008415779,0.3016193296400293,1.1958675820321938,-0.5328970856452556,-0.650440483974929,-0.057130389805246456,-0.4971745306372386,-0.4036630902845191,-0.4545467017590063,1.0476851734424297,-0.1674551673233143,-0.19152321166810593,-0.3311461060598455,1.9286983600118357,1.9428035517062252,1.9159874810496962,2.0074388521576,-0.5638555908260259,4,-0.037737371484178994,0.0,0,0.96750706,0.96750706,0.967338230094632,1.7748687133223306e-05,-1.865829350022885e-06,0,0,0,-0.0,-0.037737371484178994,5.843522021247404,1.779009433379887
1736380800000,2025-01-09,1736380800000.0,2025-01-09 00:00:00,1736380800000.0,2025-01-09 00:00:00,1736380800000.0,2025-01-09 00:00:00,1736380800000.0,2025-01-09 00:00:00,1736380800000,1.8368261376830461,1.8679092193213296,1.8434840100037115,1.9332709800183059,-0.5932893821322648,1.8368261376830461,2.02468621162855,1.9708770889652074,2.0676448581866014,-0.3041904365998353,-0.15437483730634027,-0.5716542332143135,-0.43757899617960283,1.9872095621370436,1.8789872505265386,2.0959633377719236,1.6388177959453567,1.169794614471966,-0.96988584819692,-2.1106154957532826,-0.7148650588508422,-1.0280694609125003,-0.11357837197666272,-0.5661797979581427,2.02468621162855,1.8800437283305402,2.0783898072831226,1.9683098541261197,0.3918260883473386,-0.1999465360248917,-0.09223811448139543,0.20124494482360983,-0.3011280969411969,-0.3751935948238843,0.061403063562150036,-0.7128555293589847,-0.6447955200498995,1.93078643820777,-0.5634916487041218,2.0079378281567752,-0.6112508660703363,2.2173401566964945,-0.5934257600523827,2.0649964429231655,-0.8068467369880686,2.0618164371202723,-0.812602517028546,2.059867215327711,-0.69821690589521,2.0138913906684497,-0.630563278771277,1.91856762561095,-0.7588741421252347,1.8814963385727956,-0.6422046528404763,1.8544653155238584,-0.5396966566017918,1.8937126300500111,-0.769719511468416,1.9649427610405124,-0.8049202804482721,1.9206785351027784,-0.5841786536833689,1.9838560648693664,-0.6549574514555665,2.1263322410602434,-0.7337868615930793,2.10049301819443,-0.5903953558220204,1.9543670214494064,-0.5489660182254779,1.9701438884349802,-0.7414041641457711,2.0561845542996346,-0.6627665834813378,2.079625153542416,-0.27005219652510426,2.067219147473811,-0.40956159752954935,2.1773125385847036,-0.44217627393897185,2.4112703748147775,-0.5534422630511417,2.4121462983916135,-0.5085150131309529,2.3498339428978703,-0.6799831129127157,2.2357661999508527,-0.7437423410356521,2.2390559043736187,-0.631654150717063,2.187494087685865,-0.5924577728290589,2.2353088356464315,-0.45785595821624175,2.061726251182461,-0.43418676777248866,1.519085298661814,1.922597467529506,0.4100469338001805,0.2155697837124259,-0.6592025609676161,-0.339223805827725,-0.9103363574084742,-0.9170178013979132,0.7604486412627789,-0.19298382673876324,-0.20322484911538596,1.0622039362070115,1.8368261376830461,1.8679092193213296,1.8434840100037115,1.9332709800183059,-0.5932893821322648,4,-0.04763431350054437,0.0,0,0.96750706,0.96750706,0.9673542904392867,1.6060344654622583e-05,-1.688342478600724e-06,0,0,0,-0.0,-0.04763431350054437,5.843522021247404,1.6466332268092994
1736467200000,2025-01-10,1736467200000.0,2025-01-10 00:00:00,1736467200000.0,2025-01-10 00:00:00,1736467200000.0,2025-01-10 00:00:00,1736467200000.0,2025-01-10 00:00:00,1736467200000,1.9164725756094374,1.887653354422127,1.903751846949185,1.8353346421785701,-0.6285808820619431,1.9164725756094374,2.005651478744695,1.972399591560182,2.0593578266923886,-0.3829297045352272,-0.20475456740869116,-0.6829124484110242,-0.03892684280647468,1.9823471430024546,1.8748802440580388,2.0902633219742213,1.0238887151236242,1.138559383010169,0.7854311810756502,-0.5733605643488684,-0.5924052397785353,-0.7028015170573064,0.04587369746709236,-0.36584584045817076,2.005651478744695,2.016478058331668,2.0783898072831226,1.9683098541261197,0.4870212884208731,-0.15909620015069992,-0.23095251398857192,-0.21127102804809653,-0.23436407855429395,-0.41995622367913826,0.4695092986463199,-0.7018948186889116,-0.653304336134573,1.8389564715744013,-0.5929194555012971,1.932382780361005,-0.5631039386083532,2.0099115201710656,-0.6104338455440288,2.21834421921009,-0.592993768478556,2.066501950857552,-0.8060752357758548,2.0632382583149194,-0.8121566773283035,2.062014543653576,-0.6980820980684523,2.0161243471419534,-0.6301611096361992,1.9207570886928649,-0.7584344125289967,1.8836255918663594,-0.641662429678103,1.856982363935895,-0.539442982082563,1.8958740701376122,-0.7694201507358372,1.9670707413051756,-0.8047505181690711,1.9228748184615498,-0.5840377562517988,1.9862911584236933,-0.6545979096287541,2.1291990437828536,-0.733530172301726,2.1033355561714555,-0.590177454726742,1.9573122735527915,-0.54870300833535,1.9731200181923971,-0.740995684290391,2.0589608599601195,-0.6626598583262193,2.082066860570741,-0.2699981125163107,2.0697131545760685,-0.4093849486949309,2.1798185292697223,-0.44192633225044586,2.414223339225126,-0.5531129940314516,2.414412300011829,-0.5082489307763242,2.3523683539579037,-0.6797353271933333,2.238085296786164,-0.7435528265879617,2.241682066507688,-0.6315280865837828,2.190091370080766,-0.5920968730280969,2.237465982803077,-0.45756764880054573,0.3587088699532202,1.0233207346854571,-0.33718081146591705,-0.48371694754951167,-0.35770361440887477,0.47217413944944914,-0.6803913071139608,-0.6672186116705783,1.0429071585075051,-0.19347614062461974,-0.20487580449399873,1.14928831384869,1.9164725756094374,1.887653354422127,1.903751846949185,1.8353346421785701,-0.6285808820619431,4,0.04336090187983532,0.0,0,0.96750706,0.96750706,0.9673688230449091,1.4532605622452621e-05,-1.5277390321699613e-06,0,0,0,0.0,0.04336090187983532,5.843522021247404,1.7613936304688895
1736553600000,2025-01-11,1736553600000.0,2025-01-11 00:00:00,1736553600000.0,2025-01-11 00:00:00,1736553600000.0,2025-01-11 00:00:00,1736553600000.0,2025-01-11 00:00:00,1736553600000,1.9117922687297162,1.8552814646478935,1.967770962535334,1.9197663594989456,-0.8191976455069361,1.9117922687297162,1.985469833929295,1.9702874855901225,2.052410835220907,-0.4484665991664204,-0.2587798828762539,-0.7335352498883028,-0.18553158557993107,1.981382654147598,1.87485039075744,2.088218511480671,-0.49125656853842675,1.118450255203314,-0.08810879368503399,-0.16817054703869097,-0.6214819256825992,-1.3378529358254136,-0.09423181030189574,-0.2074894221534241,1.985469833929295,2.0603255072709774,2.0783898072831226,1.9683098541261197,0.48259769364876803,-0.18258451038253878,-0.23852657410498868,-1.132340700952348,-0.23328021631155402,-1.3666949596550446,-0.3087037266863635,-0.7024350813787096,-0.6923441191172159,1.918566276930718,-0.6282037799265017,1.8406118007515893,-0.5925254369905955,1.934392967192663,-0.5623037458937953,2.011075776743768,-0.6099979276733309,2.219752349129319,-0.5922918638125119,2.0679206688822673,-0.8056308042905999,2.0653842415491557,-0.8120132330919597,2.064229635452925,-0.6976655035815366,2.018274894545901,-0.6297494130188945,1.922869644144332,-0.7578608866426336,1.8861346788907103,-0.6413935500006577,1.859158689146561,-0.5391791842535001,1.898029971407332,-0.7692535576613222,1.9692492971150566,-0.8045910786843049,1.9253269992711877,-0.5836918005751304,1.9891728773699169,-0.6543520191148404,2.132038302505958,-0.7332942177016435,2.1062691530899764,-0.5899081391221189,1.9602892170630455,-0.5483341167858745,1.9759074658920424,-0.7408841510701402,2.061407815467814,-0.6625897602924401,2.0845574009129444,-0.26983750951039537,2.0722425856486604,-0.4091400772181968,2.182783444805171,-0.44161778567642773,2.4164887689482617,-0.5528398821155225,2.4169344748598793,-0.5080243702418731,2.3546560488963864,-0.6795523368100014,2.2407116146908317,-0.7434185571543405,2.2442700576716503,-0.6311594879402859,2.1922629119461683,-0.591785276259609,-0.35258471454481605,0.8136018626589485,-1.0490301006420748,-1.0888027666062892,-0.7923535146873331,-0.40174104370551444,-1.0858997152076442,-1.0770849113396854,1.0556051261239023,-0.19338770160415114,-0.2057281224797087,-0.4182304837015241,1.9117922687297162,1.8552814646478935,1.967770962535334,1.9197663594989456,-0.8191976455069361,4,-0.002442146545317936,1.0,0,0.96750706,0.96750706,0.9673819732375557,1.3150192646582681e-05,-1.38241297586994e-06,0,0,0,-0.0,-0.002442146545317936,5.843522021247404,1.754649902553977
1736640000000,2025-01-12,1736640000000.0,2025-01-12 00:00:00,1736640000000.0,2025-01-12 00:00:00,1736640000000.0,2025-01-12 00:00:00,1736640000000.0,2025-01-12 00:00:00,1736640000000,1.9078325484876457,1.8706171956613464,1.961599588958023,1.9142446019503807,-0.8085979278277322,1.9078325484876457,1.9640565663418315,1.9728113761892732,2.0435452256424282,-0.5019452589682885,-0.3131970208071349,-0.7389761184424103,0.012607457216672991,1.9808605608265517,1.8749113703203282,2.0870217655119734,-0.14782798584345816,1.07293322940772,-0.08084696147528586,0.3570969324206549,-0.652496532709635,-0.5123789196917348,-0.40619671217593223,-0.18908533469053476,1.9640565663418315,1.9919324797881337,2.0783898072831226,1.9683098541261197,0.47725788091609206,-0.23803764742137717,-0.2584350182168544,-0.922461713810711,-0.21309105268910253,0.03320827365634299,-0.20124022260036503,-0.7023644073265599,-0.690154586361233,1.9138881227106035,-0.8187817869728828,1.9201704687105223,-0.627802197543961,1.842666315066826,-0.5917149611808895,1.9356155456236297,-0.5618789388009544,2.012615525066738,-0.6092904891549455,2.221069570913799,-0.5918935545850285,2.0700647837715205,-0.8054878547025404,2.0675980824214317,-0.8115722972921312,2.0663609935085723,-0.6972391048845995,2.0203459750658204,-0.6292105442722526,1.9253680166915332,-0.7575746794260604,1.8882991899807167,-0.6411140073702468,1.8613294326020078,-0.539033145491203,1.9002349093129136,-0.7690971021769477,1.9716884835599782,-0.804202871408208,1.9282152117049878,-0.5834555793303736,1.9920281320850068,-0.6541260512056561,2.1349696537434344,-0.7330030039657386,2.109236650082045,-0.5895307824375198,1.963078385849635,-0.5482344248031618,1.9783755159522134,-0.7408108623554336,2.0639031794452705,-0.6623840204204605,2.0870835981855422,-0.2696142149314052,2.075213055918646,-0.4088376231493822,2.1851125997077396,-0.44136224770411686,2.4190105503500363,-0.5526092911386853,2.4192047816232938,-0.5078588818988169,2.3572636586268465,-0.6794227604009981,2.2432997722513295,-0.7430279103870564,2.2464243520770513,-0.6308411148108374,0.08660973690215598,-0.18096016687888147,-0.9508740815752328,-1.005685185267312,-0.3091724462416004,-1.244143503703459,-0.9742402002994861,-0.9868040435863598,1.0597261501589885,-0.19357135028810493,-0.20582671317137116,-0.5053148613432027,1.9078325484876457,1.8706171956613464,1.961599588958023,1.9142446019503807,-0.8085979278277322,0,-0.0020712084188422297,1.0,-1,0.96750706,0.96750706,0.9673938725191529,1.1899281597171907e-05,-1.2509110494107745e-06,0,-1,-1,0.0014712084188422299,-0.0020712084188422297,5.853590268459595,1.7489444484848442
1736726400000,2025-01-13,1736726400000.0,2025-01-13 00:00:00,1736726400000.0,2025-01-13 00:00:00,1736726400000.0,2025-01-13 00:00:00,1736726400000.0,2025-01-13 00:00:00,1736726400000,1.9106145763298246,1.8889965255978534,1.7847986631318538,1.9116381620606466,-0.510435638630238,1.9106145763298246,1.9211766050201717,1.97814544520272,2.03480267207899,-0.5363140204778796,-0.36392655637967125,-0.6877698666577194,0.14617441955289404,1.9730720475529162,1.863427043405724,2.083606217680175,2.8889725045505497,1.2486920555195058,-0.012313078734638584,-0.10359770111916036,-1.1617671039084867,-0.17001594823408536,-0.5398834223060573,-0.48097445754266793,1.9211766050201717,0.06735998589757294,1.8786981072678621,1.9683098541261197,-0.08601875674510327,-0.258601691193646,-0.258063422962744,0.9272137466605387,-0.013127483145105133,3.4650573164254617,0.27983011384958995,-0.689651058647257,-0.6289789577399104,1.9099302237016356,-0.8081842244393027,1.915495319505058,-0.8183393505384624,1.9221865543682193,-0.6269793921689638,1.8439597326306072,-0.5912833645430045,1.9372032122647378,-0.5611871601794318,2.014069931544333,-0.6088885125936905,2.2231525773251204,-0.591766805858258,2.0722768870942705,-0.8050483130455616,2.0697280967931646,-0.8111210903322955,2.0684116227104434,-0.696682059973761,2.0228177344612273,-0.6289435214226621,1.927516628276222,-0.7572771942884077,1.8904581533942877,-0.6409588685758736,1.863548394643306,-0.5388960431511619,1.9026934339402106,-0.7687156945140282,1.9745717578838062,-0.8039365796811696,1.9310774299637956,-0.5832385535447601,1.9949704376117376,-0.653846950899843,2.137935330612779,-0.7325962500351343,2.1120058394862258,-0.5894285584526537,1.9655496943401836,-0.5481689940541292,1.9808902669596649,-0.7405961292829435,2.066433876213481,-0.6621000300954564,2.0900533021328522,-0.2693376882532359,2.07757182949327,-0.4085872520065392,2.1876782219252497,-0.441146732867875,2.4212802980096426,-0.5524392583734496,2.4218020320748193,-0.5077418954186323,2.3598318318295575,-0.6790447240664121,2.24545437554127,-0.7426901309579454,-0.5198559305109255,2.03298538565326,-1.123083234048579,-1.1516164968071416,-0.25661902661381353,-1.2083939859769426,-0.8157270131557329,-0.8451666164391939,1.0590765439451726,-0.1929304929013912,-0.2048203836371364,0.017191404506868704,1.9106145763298246,1.8889965255978534,1.7847986631318538,1.9116381620606466,-0.510435638630238,1,0.0014582138481620266,0.0,0,0.96750706,0.96750706,0.9674046398825166,1.0767363363695104e-05,-1.131918233476803e-06,0,0,0,-0.0006,0.0014582138481620266,5.849478114298519,1.7529529973474531
1736812800000,2025-01-14,1736812800000.0,2025-01-14 00:00:00,1736812800000.0,2025-01-14 00:00:00,1736812800000.0,2025-01-14 00:00:00,1736812800000.0,2025-01-14 00:00:00,1736812800000,1.9874802063938715,1.9452446334184184,1.9883818194519391,1.9120811912347278,-0.6541633560653394,1.9874802063938715,1.918779071578545,1.9868441528197747,2.024726728656943,-0.45583620871353836,-0.38766045727294896,-0.31290697957187347,0.27936690718641377,1.9676497450306318,1.8486279223783908,2.0891538663748133,0.6429562009870174,1.1858964572675426,0.7406763632216479,0.3759897302453056,-0.16472177341788757,0.6022965205590359,-0.3181340471920878,-0.3840209118993373,1.918779071578545,-0.061559557729528785,1.8624960026263155,1.9683098541261197,-0.5592151420326553,-0.2097069390707409,-0.2973555359111201,-0.46450910043992655,-0.30302866933627937,-0.8141674672251094,-0.4737525547159938,-0.6959863540882922,-0.6594050742022397,1.9127109719783681,-0.5100825579085786,1.911539962854453,-0.8077440597957162,1.9175136633668246,-0.8174499506057046,1.9234185596307471,-0.6265396547779573,1.8456056020142853,-0.5905820165127054,1.9387075635796915,-0.5607955615728245,2.0162355336042457,-0.6087604756826765,2.225307850133257,-0.5913729255643901,2.0744050350763477,-0.8045985269730239,2.071777293944991,-0.8105333749944733,2.0708702591418984,-0.6964049757571018,2.0249268540630068,-0.6286659015204001,1.9296597380478802,-0.757111685252593,1.8926659846689284,-0.6408131979980661,1.866017199018551,-0.5385587353132947,1.9055840571474445,-0.7684542420747407,1.9774286805685068,-0.8036917447649968,1.9340245042271065,-0.5829702996534254,1.997944992923926,-0.653456458698598,2.140700670458083,-0.7324852330553433,2.1144393222139484,-0.5893614474412381,1.9680674400206688,-0.5479764093137729,1.9834390479842132,-0.7403000457609223,2.0694046464189144,-0.6617505697483191,2.092407989560811,-0.2691093051763089,2.0801578283775153,-0.4083761696328783,2.190010269239371,-0.4409880611841842,2.4238772153662755,-0.552319002905715,2.4243591393373514,-0.5073976889619951,2.361949337837784,-0.6787180440776968,1.0096153238590053,1.7922947564396783,0.37006589749030044,0.12850464363740052,-0.1704437290365184,-0.41848558501540806,-0.490561391129112,-0.5120851296597924,0.9902787166280157,-0.1217000832654475,0.0953132117553627,1.4105414467737258,1.9874802063938715,1.9452446334184184,1.9883818194519391,1.9120811912347278,-0.6541633560653394,2,0.04023084038838487,1.0,1,0.96750706,0.96750706,0.9674143830012805,9.74311876389411e-06,-1.0242445998009941e-06,0,1,1,0.039630840388384866,0.04023084038838487,6.120928688190019,1.8637066099804644
1736899200000,2025-01-15,1736899200000.0,2025-01-15 00:00:00,1736899200000.0,2025-01-15 00:00:00,1736899200000.0,2025-01-15 00:00:00,1736899200000.0,2025-01-15 00:00:00,1736899200000,2.142806422262791,2.073912413529857,2.0721291194471414,1.9920405385178075,-0.6249555534823604,2.142806422262791,1.9492319875644917,2.0037418998837486,2.017601561702567,-0.18093564139976462,-0.3490913452187637,0.5522361291240302,0.551240067830191,1.9768500623015337,1.8743627067486746,2.0790136355427298,1.4241468298034032,1.3014771188047054,1.5060144234752917,1.3143478462651024,0.7076473287712,0.9272579635735605,0.13534437816048434,0.2145566444979135,1.9492319875644917,1.3570605023262596,2.0117917318561083,1.9683098541261197,-0.2727812936890375,-0.009025728668354664,-0.17537238223458276,-0.06106256355739199,-0.36198497973690646,-0.04377144620411552,-0.5330053631291005,-0.7051719186900517,-0.6555368230446258,1.9895412484766695,-0.6537810524746742,1.9143189249161707,-0.5097062970760281,1.913560217244011,-0.8068583630184337,1.9187492774337578,-0.8169662433065019,1.9250139715311323,-0.6258268329016405,1.8471706175308322,-0.5901840761727422,1.9409032362410812,-0.5606711700124901,2.018467619865656,-0.6083629647023011,2.227374953590844,-0.5909696767967392,2.076452243097128,-0.8040125682765393,2.0742350114752255,-0.8102393132450025,2.072959905219004,-0.6961169374018698,2.0270305857695647,-0.6285118740063437,1.9318525894785898,-0.7569562504570749,1.895126630147396,-0.6404563657986795,1.8689117287288701,-0.538328668739295,1.9084488606928183,-0.7682138825235991,1.9803721283452211,-0.8033897595844511,1.9370029245965505,-0.5825943682706624,2.0007291106725043,-0.6533503057561968,2.14312686504756,-0.7324122869230567,2.1169223039808918,-0.589164126741108,1.9706190144815925,-0.5477101087531988,1.986414103666708,-0.7399360538973954,2.071765019294033,-0.6614603343105934,2.0949911773113,-0.26891708568171313,2.082518831797412,-0.4082208381653728,2.1926443025955913,-0.4408759782040969,2.42643396681175,-0.5519660124875936,2.42645610346454,-0.5071007853277375,1.64577029774039,0.9654163210411051,0.14100497817284713,-0.07900238900511355,0.5897175830520414,0.06270879866931452,0.13759952465001338,0.04206900967250071,1.0519378910449242,-0.1935471822975737,-0.20571364515750057,-0.24406172841816698,2.142806422262791,2.073912413529857,2.0721291194471414,1.9920405385178075,-0.6249555534823604,2,0.07815233347694428,1.0,1,0.96750706,0.96750706,0.9674231993066321,8.816305351655451e-06,-9.268134122386584e-07,0,1,1,0.07815233347694428,0.07815233347694428,6.677445881694984,2.087511963943787
1736985600000,2025-01-16,1736985600000.0,2025-01-16 00:00:00,1736985600000.0,2025-01-16 00:00:00,1736985600000.0,2025-01-16 00:00:00,1736985600000.0,2025-01-16 00:00:00,1736985600000,2.12243538210857,2.0794376737727474,2.1071682028958905,2.1460871436868407,-0.5923384549486506,2.12243538210857,1.989854625656026,2.012264776379176,2.009741430983901,0.0072235681313448505,-0.278840955859211,0.9921641107536702,0.2564652513363743,1.9880744568342483,1.8934735886055871,2.0809535701529436,0.9704333186082912,1.3016708859350135,-0.23543215182085747,1.1770831227685727,1.0055044557880934,0.8579970414837912,-0.3780911836096804,0.306311681383109,1.989854625656026,1.536945478190925,2.0117917318561083,2.0413883525670338,-0.6127690398239866,-0.07330701396691869,-0.1747208806528336,-0.31455445585482944,-0.47437491705132634,-0.04621846738419136,-0.20709844381761244,-0.7050289594688522,-0.648952533705433,2.1447960236304064,-0.6245791884524966,1.991099849448809,-0.6533739871130857,1.916337837003449,-0.5089247673480183,1.9147988844987416,-0.8063771007749797,1.9203476543946318,-0.8161914487909797,1.926526395661033,-0.6254212887406144,1.8494028146685544,-0.5900574570210582,1.9431632879798608,-0.5602839332810006,2.020617232530866,-0.6079560155991051,2.229357102550422,-0.5904412521169405,2.078908684264883,-0.8037194789111819,2.0763232939697094,-0.8099336948108466,2.075044219573841,-0.6959568883284352,2.029186229518106,-0.6283672497670435,1.9343022546711401,-0.7565771686280985,1.8980180593191032,-0.6402124037278212,1.871780721564621,-0.5381173347826661,1.9113977053981797,-0.7679173257699464,1.9833476094501248,-0.8029685454789645,1.939795216939771,-0.5824925706070854,2.003190856336639,-0.6532805874485971,2.145603148622876,-0.7321985194477121,2.1194414506009354,-0.5888914577142084,1.9735947321325578,-0.5473819049109697,1.988797327343938,-0.739633494815358,2.074352118444122,-0.6612150535960569,2.097348185991162,-0.26877596890701144,2.0851701162093312,-0.40811115793852737,2.195240701919428,-0.440544947740128,2.4285302704300658,-0.5516613773932609,2.153968103623343,2.0502518076020935,1.5578477570774447,1.1361021182798134,0.8518073281277363,0.6281848462527316,0.1293524598120779,0.23313124141985592,1.0177047020485095,-0.13936192655043803,-0.12678345559267631,0.10427578214854727,2.12243538210857,2.0794376737727474,2.1071682028958905,2.1460871436868407,-0.5923384549486506,2,-0.009506710425438047,1.0,1,0.96750706,0.96750706,0.9674311769616252,7.977654993052141e-06,-8.386503586033101e-07,0,1,1,-0.009506710425438047,-0.009506710425438047,6.604458626890738,2.058159881767498
1737072000000,2025-01-17,1737072000000.0,2025-01-17 00:00:00,1737072000000.0,2025-01-17 00:00:00,1737072000000.0,2025-01-17 00:00:00,1737072000000.0,2025-01-17 00:00:00,1737072000000,2.283176962733195,2.2751077237878574,2.212958800901119,2.1259162865646513,-0.4824496414814851,2.283176962733195,2.0420115494792337,2.028742390563674,2.0147744468836395,0.3684848616598856,-0.14700297179828506,1.8473728818283446,0.513894617454902,2.004926570888581,1.9461106162817274,2.0559743305917055,2.492639471077249,1.4788432101302986,1.504667767333,1.6351347473621742,1.2894352930297066,1.6003226575789784,0.7323131729325677,0.5348177379316763,2.0420115494792337,2.670347058891619,2.146712434614968,2.0413883525670338,-0.3470535598306024,0.11328313283389121,-0.29028026059079964,0.47768431921902677,-0.3242552228641302,0.3316746813764092,0.7533460143491655,-0.6830600761450281,-0.6306496039577925,2.1244343529291747,-0.591968721661187,2.1462548966218384,-0.6241783830706731,1.9930816745921982,-0.6525422441529994,1.917574359143641,-0.5085122827306588,1.9163997700152167,-0.8056057524016935,1.921863168980743,-0.8157448348039704,1.9287269287727495,-0.6252919986778291,1.8516968339492559,-0.5896639419284578,1.9453429397759807,-0.5598874555220725,2.0226873168398187,-0.6074230161987137,2.231771797376309,-0.5901800105526125,2.080995072730219,-0.8034148673718233,2.0784062486752886,-0.8097634849688784,2.077181516188017,-0.6958065944220346,2.0316086213298106,-0.6280128018492146,1.9371895111217816,-0.7563173714858725,1.900883727171797,-0.6399882192394746,1.8747324351573011,-0.5378559848371132,1.9143775607095161,-0.7675033990808489,1.9861336852499476,-0.8028532033238038,1.9422724390721868,-0.5824257425068134,2.005699813264543,-0.6530759178665491,2.1481160471577607,-0.7319037343684985,2.1224094837352894,-0.5885556013486098,1.975981485524288,-0.5471096963328481,1.991400147090088,-0.7393776420289905,2.0767146853883456,-0.661033950934861,2.099997090473839,-0.2686765138863569,2.0877849433746802,-0.4077865838135961,2.197410604525947,-0.4402596413403807,-0.5776575475673705,1.4019601628581861,-1.1456881909959673,-1.170776604646934,-0.7689434921814919,0.22354851610586698,-1.1524041534439873,-1.144478069074125,1.0602100317106398,-0.19374649560531151,-0.20585854580477406,-0.5923992389848812,2.283176962733195,2.2751077237878574,2.212958800901119,2.1259162865646513,-0.4824496414814851,2,0.0757344991417046,1.0,1,0.96750706,0.96750706,0.9674383957428094,7.2187811842594485e-06,-7.588738087926927e-07,0,1,1,0.0757344991417046,0.0757344991417046,7.180378492242122,2.289768088708414
1737158400000,2025-01-18,1737158400000.0,2025-01-18 00:00:00,1737158400000.0,2025-01-18 00:00:00,1737158400000.0,2025-01-18 00:00:00,1737158400000.0,2025-01-18 00:00:00,1737158400000,2.2963315673134854,2.2358421509492072,2.3044518666338245,2.28745936605802,-0.7103304597477186,2.2963315673134854,2.0967051599390816,2.045911389307722,2.0237861972295152,0.6630641369359158,0.020143800851659104,2.337672687231795,0.5336681979104181,2.025856040115405,1.9910515790621768,2.048751361077632,0.4403515951051411,1.5634378882580888,0.08085338387267046,0.7807077825184042,1.3589672290466288,1.6457023388993133,1.0261478626902445,0.7212307757208907,2.0967051599390816,3.092736505703322,2.159356316219612,2.0413883525670338,-0.38681508184577473,0.11164134139317453,-0.36300557295277913,-0.6611811454698053,-0.2215920696380463,-1.0872973234765688,2.879657468784061,-0.6666933465378807,-0.673231611046125,2.285102002096607,-0.4821022509018754,2.1259063052497345,-0.5915749069585228,2.148161778326299,-0.6233568442535018,1.9942589286049963,-0.6520966056071678,1.9191734821943107,-0.5078378718126056,1.9179178992465484,-0.8051614222041721,1.9240655627828134,-0.8156011185923784,1.9309915007009149,-0.6248909557483154,1.8539129719968,-0.589261065367889,1.9474450387115143,-0.5593674018325964,2.0251584369981575,-0.6071592423100393,2.2337962373046087,-0.5899083771180148,2.0830761388701298,-0.8032452394854319,2.080542260579378,-0.8096036240763443,2.0795904594763583,-0.6954392270879636,2.034485513368119,-0.6277705366726113,1.9400507041949029,-0.7560785427506211,1.9038331637674517,-0.6397112821470685,1.877714615699558,-0.5374893216877872,1.9171728879542993,-0.7673902366610046,1.988599137974714,-0.8027773869611482,1.9447956197080898,-0.5822292192153559,2.008243189561302,-0.6527933667652108,2.151082599665811,-0.7315413027493726,2.124755262139661,-0.5882769029470202,1.9785867335972682,-0.5468798803014694,1.993785053666614,-0.7391885724634392,2.0793669012944878,-0.6609057324411034,2.1026093753623774,-0.2683794154908297,2.0899890538769577,-0.4075069601490917,2.341717130523384,2.0667569116902706,0.9392416585888775,0.6493083620273116,0.8483165844001146,1.6581278638479313,0.4685206651979655,0.3640271316088374,0.8807745307029605,-0.1930985470717697,-0.20562301671999855,-0.4182304837015241,2.2963315673134854,2.2358421509492072,2.3044518666338245,2.28745936605802,-0.7103304597477186,2,0.005761535262051254,1.0,1,0.96750706,0.96750706,0.9674449278379968,6.532095187417042e-06,-6.866859968424066e-07,0,1,1,0.005761535262051254,0.005761535262051254,7.227510031382101,2.3087222035554786
1737244800000,2025-01-19,1737244800000.0,2025-01-19 00:00:00,1737244800000.0,2025-01-19 00:00:00,1737244800000.0,2025-01-19 00:00:00,1737244800000.0,2025-01-19 00:00:00,1737244800000,2.1713311425481185,2.289674334269108,2.196919068049395,2.2999673083965138,-0.4955518775598287,2.1713311425481185,2.134182966533461,2.0539031696912247,2.0282189640699717,0.7165219041562846,0.1650537302257813,2.0288906426868425,0.1653747829245407,2.0424400936939318,2.002545885058666,2.0711198151528567,2.976567643857024,1.863976475377298,-1.1911046199242181,0.20290492523424303,0.900101403263469,0.7209551048997253,0.9494025717749046,0.5439535842437985,2.134182966533461,2.5424994243395935,2.159356316219612,2.0442515647055366,0.10709322814156748,0.26468884244927543,-0.2760602416421189,0.8114395153503632,0.15621575681248595,1.6607695505136362,3.432918316265759,-0.6196310474292034,-0.6310821780525501,2.2982505563501454,-0.7099367362031109,2.2864707494741903,-0.481731988184909,2.12782301578956,-0.5907647633681566,2.149219266275356,-0.6229179431234931,1.9958093558652987,-0.6513754664485578,1.9206897744231888,-0.507457782939461,1.9201218672644655,-0.8050185081943475,1.9263318651417456,-0.8151594162431457,1.9331760078606286,-0.6244804069410659,1.8560539566683474,-0.5887331008472795,1.9499367016431624,-0.5591107940075686,2.0272666080185893,-0.6068849866768946,2.2358155336030334,-0.5897578096061878,2.085210366299767,-0.8030859265397304,2.0829502621700526,-0.8092144565423938,2.082462240815622,-0.6951877671570208,2.037335591760948,-0.6275479214691682,1.942997076396062,-0.7557838428113482,1.9068134988054064,-0.6393236939615072,1.8805148608068631,-0.537390296240681,1.919655855883275,-0.7673158667928764,1.991111501891022,-0.8025555295019386,1.947352263905171,-0.5819576224674706,2.0112169644702593,-0.6524456358286059,2.153420483150155,-0.7312400668531972,2.127332320776589,-0.5880415194975838,1.9809750909289878,-0.5467104315198129,1.9964505787602593,-0.7390546230516195,2.0819827234962105,-0.660531344904512,2.104808766595711,-0.2681239753914852,0.11622227215726381,0.8245615402991793,-0.2678934870511805,-0.42541479848331426,-0.24283458009216663,-1.0125590997181004,-0.32295393491322055,-0.3540098253847303,1.0475681877080165,-0.18923509397125882,-0.1976590896487785,0.2784445374319044,2.1713311425481185,2.289674334269108,2.196919068049395,2.2999673083965138,-0.4955518775598287,2,-0.05443483273262961,1.0,1,0.96750706,0.96750706,0.9674508385681393,5.910730142444365e-06,-6.213650449726771e-07,0,1,1,-0.05443483273262961,-0.05443483273262961,6.779646899017784,2.1286124638461983
1737331200000,2025-01-20,1737331200000.0,2025-01-20 00:00:00,1737331200000.0,2025-01-20 00:00:00,1737331200000.0,2025-01-20 00:00:00,1737331200000.0,2025-01-20 00:00:00,1737331200000,2.2090400651761817,2.4094856030311362,2.193954593605619,2.175398908853977,-0.09408161368531222,2.2090400651761817,2.176628478600407,2.0536870400512797,2.034566525949451,0.7989509693807797,0.2982399373632223,1.8660943825784828,-0.10671753970215007,2.0594383823913547,2.0182592387452614,2.089466806986551,3.515396262775825,2.1760131126569346,0.3174212624633277,-0.46543928865602896,1.0321070376776513,0.19120370529446018,0.7953981460024118,0.5558631572832163,2.176628478600407,1.5621994753933137,2.159356316219612,2.1233602643728555,0.080803567264332,0.07606989278537583,-0.2751855328253888,1.9060391089113335,0.3694965806374707,1.3130868670025397,1.6525544801004808,-0.557037771966086,-0.5555407910787137,2.173307624260393,-0.4952018230199514,2.299610857747477,-0.7095176327934185,2.288309903712503,-0.4809602357454752,2.1288962110632306,-0.590333386082338,2.1506712915211272,-0.6222062999010157,1.9972748929044186,-0.6509644103496698,1.9228926364255168,-0.507337434277378,1.9223896336346071,-0.8045790668129449,1.9285182310444964,-0.8147074280288557,1.9352832814682532,-0.6239429572306794,1.8585705713469072,-0.5884721140028395,1.9520753566460525,-0.5588439587673559,2.0293693938800597,-0.6067329036114345,2.237891395731486,-0.5896164431709842,2.0876170598634833,-0.8026980076069911,2.0858216856459855,-0.8089474813994099,2.0853068385517473,-0.6949566486604979,2.040274352466491,-0.6272728878524144,1.9459749277446834,-0.7553724088111659,1.9096098406718067,-0.639218409637723,1.8830071394291106,-0.5373253078114572,1.922184317215717,-0.7670980863992268,1.9936580562326718,-0.802249865785178,1.9503291829457652,-0.581623054581672,2.0135933588721864,-0.6521568670403128,2.155992110343229,-0.7309853491868985,2.129680619726694,-0.5878678752197294,1.9836426718643443,-0.5465905961351987,1.9990806180396063,-0.7386648362017064,2.0841886811003603,-0.6602078765118478,1.4188724678955211,0.5311225695044718,2.9550947473981526,2.6281118199071734,4.255430749946366,1.4278825642071853,3.678740309575671,3.6565481234089936,0.5368548101657907,-0.1804963071588078,-0.18418456729706884,0.19136015979022583,2.2090400651761817,2.4094856030311362,2.193954593605619,2.175398908853977,-0.09408161368531222,2,0.017366730430536936,1.0,1,0.96750706,0.96750706,0.967456187040538,5.3484723987473615e-06,-5.622577436970033e-07,0,1,1,0.017366730430536936,0.017366730430536936,6.914753929557789,2.182946233127433
1737417600000,2025-01-21,1737417600000.0,2025-01-21 00:00:00,1737417600000.0,2025-01-21 00:00:00,1737417600000.0,2025-01-21 00:00:00,1737417600000.0,2025-01-21 00:00:00,1737417600000,2.364093700841189,2.3254037198180675,2.2169050618521284,2.211976002856657,-0.4846322030188441,2.364093700841189,2.230194789859322,2.079142462994448,2.0487243203234993,1.0607146946965977,0.45959466084926137,2.2572439698661375,0.8841783568667323,2.082140790449217,2.0628845991433526,2.0864341986676727,3.2441614799327683,2.208837538650705,1.417671895260782,0.29182757236160606,1.3001439572607159,0.9388839214514707,1.2962487807013887,0.7881763501664275,2.230194789859322,1.1467956526163834,2.224487608336601,2.2622536612690842,0.23862899661725853,-0.18968622211568975,-0.22224645037772925,0.8452655620749026,0.654889491180669,-0.9713708050325588,1.0366675536595114,-0.5315510238468074,-0.63248276961487,2.210999203052541,-0.09381318649707127,2.1747481828112236,-0.4948287521583977,2.301443665012747,-0.7086662670920643,2.289259157343204,-0.48055420670790405,2.130361141737606,-0.589632347214078,2.1520342650145605,-0.6218015368445011,1.9994471964113183,-0.650833184168727,1.925159374207855,-0.5069615922638471,1.9245775721056997,-0.8041293829396136,1.9306274856336754,-0.8141187468270468,1.9377782648233162,-0.623676719884812,1.860746252928619,-0.5882007443283411,1.9542085385564754,-0.5586961644707539,2.031524143915227,-0.6065901101896258,2.240255307294428,-0.5892694187802179,2.090487986263868,-0.8024319210940497,2.088665899613462,-0.80870201446134,2.0882418460234238,-0.6946713009119339,2.0432460347038877,-0.6268878549964059,1.9487660166090774,-0.7552599919782036,1.9120947295228539,-0.6391492677542728,1.8855441577901946,-0.5371339697863999,1.9247458872559975,-0.7667979051307902,1.9966325842518609,-0.80187436209755,1.9527223423259714,-0.5813454488923864,2.016191480302806,-0.6519128445187882,2.1583326909817577,-0.7307971350253932,2.132324335250804,-0.5877450218442035,1.9862749072252466,-0.546238734505087,2.0013129670314305,-0.7383278136539677,-0.2851002504028075,1.2241869033879225,-0.952572238521563,-1.006635658536535,0.12472811384437384,0.11130460831070223,-0.3032660371133634,-0.35483763382803446,1.0425775553546823,-0.1847611011414474,-0.19279379556618623,0.10427578214854727,2.364093700841189,2.3254037198180675,2.2169050618521284,2.211976002856657,-0.4846322030188441,2,0.07019050406070426,1.0,1,0.96750706,0.96750706,0.9674610267399172,4.839699379144413e-06,-5.087730196029483e-07,0,1,1,0.07019050406070426,0.07019050406070426,7.47029449738989,2.406358833628768
1737504000000,2025-01-22,1737504000000.0,2025-01-22 00:00:00,1737504000000.0,2025-01-22 00:00:00,1737504000000.0,2025-01-22 00:00:00,1737504000000.0,2025-01-22 00:00:00,1737504000000,2.266174954587926,2.2916610346216837,2.347638448293062,2.3680358816304237,-0.636051889726822,2.266174954587926,2.24774168422056,2.103021389279191,2.060101517661221,1.1202971282047933,0.6011532789788766,1.9823541480437141,0.8032597887273105,2.0951766303562587,2.0847109467813003,2.0891167384568816,0.6730164712464096,2.111165371235588,-0.9271312004646706,0.4520713090070877,0.33898545224307264,-0.15854503782969634,1.0035197483823874,0.36719023781205357,2.24774168422056,0.9478829188473131,2.224487608336601,2.2622536612690842,0.25773384154039936,-0.15813589257018376,-0.16830630763144203,-0.5249809385968175,0.5538041525371802,-0.8050660930383918,-0.284895737684395,-0.5332192100286819,-0.6590958728492384,2.3659815233728616,-0.48428436867855246,2.2124155503993115,-0.09352616099003995,2.176641301606309,-0.49405242227466406,2.302382775634415,-0.7082076723804268,2.290622255269876,-0.479888894496978,2.1317375664446407,-0.5892346117585814,2.154144817444241,-0.6216725211517586,2.0016855149778654,-0.6504266843815417,1.9273462078208659,-0.5065767278127055,1.9266885026817233,-0.8035435505918905,1.9331237401219468,-0.81382415042615,1.939921847093212,-0.6233999133644237,1.8629163546117111,-0.5880503292620934,1.9563920093153688,-0.5585574091876018,2.03394588063143,-0.6062398341381191,2.243109975706887,-0.5890324369311577,2.0933316671730653,-0.8021872759595225,2.091600644274756,-0.8083992626651912,2.091210486267718,-0.6942724218027336,2.046024075900364,-0.6267833349959119,1.9512409602674283,-0.7551861168891139,1.914624956286151,-0.6389462228718026,1.8881137098421343,-0.5368693456894738,1.9277239735875016,-0.7664289893030612,1.9990129943497361,-0.8015620402611111,1.9553319975071446,-0.5811110028469091,2.01856971037413,-0.6517326900069754,2.1609718082002836,-0.7306638009404657,2.134931077214447,-0.5873850506953114,1.9885113328382455,-0.5459350929464666,1.640211816893567,0.934601203825269,1.2582695935358117,0.9015877192304432,-0.9223015980452206,1.2632867680075446,0.18749604969688596,0.09971692253979146,0.9558146946543357,-0.19061444221824553,-0.20130454600595435,0.10427578214854727,2.266174954587926,2.2916610346216837,2.347638448293062,2.3680358816304237,-0.636051889726822,2,-0.041419147734466644,1.0,1,0.96750706,0.96750706,0.9674654060632706,4.379323353398412e-06,-4.60376025746001e-07,0,1,1,-0.041419147734466644,-0.041419147734466644,7.119462118248059,2.265270353862092
1737590400000,2025-01-23,1737590400000.0,2025-01-23 00:00:00,1737590400000.0,2025-01-23 00:00:00,1737590400000.0,2025-01-23 00:00:00,1737590400000.0,2025-01-23 00:00:00,1737590400000,2.2767307659370695,2.3101093453974495,2.263679322234443,2.2699494826018616,-0.31059596401467604,2.2767307659370695,2.2696873518023875,2.134147844740762,2.066915170697788,1.1664608856980683,0.7240655299339179,1.7234296546664951,1.1783533312130865,2.1063491618732844,2.105477590656522,2.0890161109962464,2.2721906470297704,2.1699497380007826,0.05726597447633602,0.2993272816944802,0.4524693860323837,-0.16890497004597024,1.0270015151964995,0.28503695175600846,2.2696873518023875,0.4179125521841213,2.224487608336601,2.3125762830233634,0.23234269565800234,-0.31736513614254824,-0.2815333172182678,0.3587551090899896,0.7005147142358039,1.7522301675755068,1.4126550646705582,-0.4908629836248952,-0.5984448422396731,2.268107813852277,-0.6356732685783313,2.3672983177504197,-0.4839136381827786,2.2142904749937316,-0.0928900902010131,2.177676795241986,-0.4936433709209696,2.303737539877144,-0.7074682723742983,2.2918925406085116,-0.47951483541896817,2.1338562175308584,-0.5891080645744243,2.1563257078827274,-0.6212722515212649,2.003841822076623,-0.6500105740353479,1.9294559608788378,-0.5060710316423335,1.9291858325977445,-0.8032505311665521,1.9352692086611327,-0.8135179783653648,1.9420599420575417,-0.6232463559611662,1.86513471025293,-0.587909106363743,1.9588347984377068,-0.5582163348040627,2.036822523720774,-0.6060005380806504,2.245936221731002,-0.588814707739986,2.0962660467882537,-0.8018855209760183,2.094569071511441,-0.807977019413099,2.093982093649925,-0.6941637602566669,2.0484743171939472,-0.6267147003251714,1.9537620468629346,-0.754969731071482,1.9171881731234985,-0.6386658565112653,1.8910936876933797,-0.5365431563318303,1.9301233571367347,-0.766122254388179,2.001613878446349,-0.801297812310856,1.9577266175261165,-0.5809380649781489,2.0212312578347333,-0.6516051535556001,2.16357363818358,-0.7302756675100409,2.1371201790279986,-0.5870742713070469,0.17071493774759902,0.7305303377127572,-0.1780054617919623,-0.34739596804469736,0.022847158556405203,0.924195095113929,0.18777454094536336,0.137667442789844,1.0350992684364295,-0.16463806902545047,-0.16882538266222116,0.017191404506868704,2.2767307659370695,2.3101093453974495,2.263679322234443,2.2699494826018616,-0.31059596401467604,2,0.004657986060508268,1.0,1,0.96750706,0.96750706,0.9674693688038317,3.962740561136435e-06,-4.165827922619769e-07,0,1,1,0.004657986060508268,0.004657986060508268,7.157282459613683,2.2804799376541727
1737676800000,2025-01-24,1737676800000.0,2025-01-24 00:00:00,1737676800000.0,2025-01-24 00:00:00,1737676800000.0,2025-01-24 00:00:00,1737676800000.0,2025-01-24 00:00:00,1737676800000,2.3127541050427802,2.3212060951523736,2.324834136353184,2.2803218193499055,-0.6539463910744263,2.3127541050427802,2.273894153827443,2.162187648334342,2.073961519583685,1.235784284473466,0.8369096466021717,1.5836229810633418,1.1074614771689997,2.1191322242563224,2.1299225416017427,2.088103307195947,1.5037930523679353,2.2144904418286724,0.2925434500742963,-0.3382398202677652,-0.00010176399330003831,0.5050705846041893,0.878459073397648,0.34977134073291904,2.273894153827443,0.47811648422739716,2.224487608336601,2.3125762830233634,-0.1417345943157612,-0.34947214748256267,-0.2801788283653845,-0.08055706372134176,0.5788768954394674,-1.1294546359228042,-0.9263707368655206,-0.5166452329731995,-0.6629203721648741,2.2786587701632173,-0.3102835149035208,2.269487477454986,-0.6352700849676026,2.369098430423297,-0.48314112323579966,2.215296892731269,-0.09257364670786039,2.1791107495528266,-0.49297379895799137,2.3049991390910303,-0.7070451146473451,2.2939472876995026,-0.47939660477710583,2.1360446396709074,-0.588714752318903,2.158420328530224,-0.6208624908475663,2.0059190410723566,-0.6494662486007398,1.9319525352187679,-0.5058223713835982,1.9313328969935446,-0.8029459920494392,1.9374091844536567,-0.8133474485434886,1.9442480550797812,-0.6231021743599873,1.8676030701344757,-0.5875624090490329,1.9617194418486477,-0.5579835875778176,2.0396723351435093,-0.6057806687135021,2.2488586616818993,-0.5885456006477118,2.0992341781553567,-0.8014646158995975,2.0973402283826355,-0.8078613694304337,2.0964201541899894,-0.6940923772141583,2.050972700985626,-0.6265130850640591,1.9563167377353794,-0.7546714250956644,1.920166649701133,-0.6383207508189784,1.8935031571076584,-0.5362726561639555,1.9327372943403338,-0.7658628192844648,2.003996034382966,-0.8011024313873494,1.9603979295559595,-0.5808157197513915,2.0238570481456355,-0.6512325987069357,2.1657536218097664,-0.7299401002677224,2.161634463374064,1.8188887088363026,0.5339324392824644,0.25283522711024004,-0.32771964740744447,1.3831818669315477,-0.6602208134168974,-0.6460033241493885,1.058625031933922,-0.16024287005453217,-0.1449657581060244,0.2784445374319044,2.3127541050427802,2.3212060951523736,2.324834136353184,2.2803218193499055,-0.6539463910744263,2,0.015822397467749827,1.0,1,0.96750706,0.96750706,0.9674729545890062,3.585785174453626e-06,-3.7695538668280903e-07,0,1,1,0.015822397467749827,0.015822397467749827,7.2863502249463945,2.332384995112716
1737763200000,2025-01-25,1737763200000.0,2025-01-25 00:00:00,1737763200000.0,2025-01-25 00:00:00,1737763200000.0,2025-01-25 00:00:00,1737763200000.0,2025-01-25 00:00:00,1737763200000,2.308034894287364,2.2505962184927966,2.3807872371911265,2.3167825648469016,-0.8007172371922153,2.308034894287364,2.275558735858333,2.1902246991954533,2.085467159897185,1.267751778722631,0.9338780092091287,1.3631713757282349,1.1072909304294913,2.1314505425690977,2.1512598577191167,2.0898084158408583,-0.5041999733546049,2.2132891433287423,-0.08387300053872,0.15548925957952578,-0.06195111249298603,0.3228945465147559,0.36780767925945757,0.33036718243502705,2.275558735858333,0.5023645693777877,2.224487608336601,2.3125762830233634,-0.1419752198564335,-0.3497978651583479,-0.4045929665598764,-1.1834305312860465,0.46508154077798775,-1.2057221233542292,-1.1031023000603903,-0.5302336796311975,-0.690067875947606,2.3146655407000316,-0.6535641315973088,2.2800316563539824,-0.3099500848288051,2.2713348350023925,-0.6344446694945087,2.369985292273192,-0.48273459074287284,2.2167069577460774,-0.092034599318719,2.180454887871297,-0.49259691690394297,2.3070486564724155,-0.7069096376598043,2.2960762795107748,-0.47902673230362897,2.1381473504992443,-0.588312082486525,2.1604318043222643,-0.6203260155057856,2.0083947393335446,-0.6491962052161225,1.9340984783945674,-0.5055637657751131,1.9334744640393056,-0.8027764060209757,1.9395990746393368,-0.8131872863702657,1.9466942469998434,-0.6227487350774153,1.87049743092859,-0.5873256599801487,1.9645778327271122,-0.5577697745585791,2.042610913024027,-0.6055089656790547,2.2518171159604647,-0.5881685238814646,2.1020047092624967,-0.8013493661779597,2.0997774359972996,-0.8077853487903149,2.0989073432130607,-0.693883015437819,2.0535062146419563,-0.6262346411217666,1.9592931938911435,-0.7543047626708521,1.922568114100869,-0.6380342084037864,1.8961240330528182,-0.5360443057246846,1.9351379992943891,-0.765671050155372,2.0066599207395988,-0.8009639419592715,1.9630341505290505,-0.5804571140280761,2.0260815097096496,-0.6509107434080404,1.1926654068302158,1.3615436959193468,-0.22365475932530404,-0.38922647332545457,-0.6773854022019762,-0.4009512044917529,-0.9056314296073811,-0.905178437468841,1.058219181897913,-0.16961464187882855,-0.18392874484023553,-0.15697735077648842,2.308034894287364,2.2505962184927966,2.3807872371911265,2.3167825648469016,-0.8007172371922153,2,-0.0020405155676197495,1.0,1,0.96750706,0.96750706,0.9674761992766456,3.244687639458732e-06,-3.4109753499489415e-07,0,1,1,-0.0020405155676197495,-0.0020405155676197495,7.2694417983136415,2.325585211652886
1737849600000,2025-01-26,1737849600000.0,2025-01-26 00:00:00,1737849600000.0,2025-01-26 00:00:00,1737849600000.0,2025-01-26 00:00:00,1737849600000.0,2025-01-26 00:00:00,1737849600000,2.224333892071739,2.256869626211408,2.3156586955542853,2.3117712189609194,-0.7774086360599088,2.224333892071739,2.2830973976971163,2.212619473748515,2.096242954580394,1.1640272536518423,0.9897357819120024,0.7923074340448305,0.7861813956157139,2.1320544583144434,2.1524898356468594,2.0896777936405,0.6064419487688694,2.283294165489537,-0.8087860690492508,-0.34968574326678675,0.08596096670192599,-0.6489677755364368,0.18290704236696595,-0.14374407785257892,2.2830973976971163,0.19323000277799793,2.224487608336601,2.3513856160435442,-0.31241723904400054,-0.2398613414666575,-0.38983700646404396,-0.551291420911354,0.16814974073823455,0.21311292643060628,-1.425981042301959,-0.572607084639761,-0.6853638235645347,2.309948500497665,-0.8003051361140028,2.3160152979241424,-0.6531571127368716,2.2818739208216483,-0.3092383718079597,2.27229719822686,-0.6340032087528629,2.3712971279580417,-0.48206856894535927,2.2180261964634913,-0.09174421707495375,2.182554100089056,-0.4924776946661478,2.3091727846854067,-0.7064911571747949,2.2981151532229918,-0.47864795190882276,2.1401674485153874,-0.5877843735437405,2.1628653172489853,-0.6200603175190534,2.0105097039258495,-0.6489154575776488,1.9362389274545773,-0.5054207279635906,1.9356658577738406,-0.8026171324870779,1.942046569227357,-0.8127974323108887,1.949580183539748,-0.6225071877469773,1.8733662426204851,-0.5871081460636853,1.9675222859443884,-0.5575054176158214,2.0455824470818844,-0.6051284039784217,2.254567180028988,-0.5880663836228307,2.10444073215572,-0.80127361115513,2.1022638411359855,-0.8075629155580252,2.101430414369164,-0.6935941547217959,2.0564776523732866,-0.6258918454598378,1.961683885100478,-0.7539999387840616,1.9251834828607897,-0.6377920958186208,1.8985345982522805,-0.5358759613842707,1.9378129365200665,-0.7655351588377922,2.009288209495008,-0.8005619558191069,1.9652779746974474,-0.5801475364589851,0.1772105443867996,0.7542598699090187,-0.6531202062349731,-0.7528605972637032,-0.7725201973052164,-1.0721281059129908,-0.9861535733865793,-0.9801794707473122,1.052553220007783,-0.11275754617061905,-0.13225990638270227,-0.15697735077648842,2.224333892071739,2.256869626211408,2.3156586955542853,2.3117712189609194,-0.7774086360599088,2,-0.03626505059468299,1.0,1,0.96750706,0.96750706,0.9674791353136266,2.9360369809827702e-06,-3.0865065847596185e-07,0,1,1,-0.03626505059468299,-0.03626505059468299,6.969550073108011,2.2049826956953646
1737936000000,2025-01-27,1737936000000.0,2025-01-27 00:00:00,1737936000000.0,2025-01-27 00:00:00,1737936000000.0,2025-01-27 00:00:00,1737936000000.0,2025-01-27 00:00:00,1737936000000,2.2039566598471096,2.170394386535377,2.1230389767613036,2.2287699379910966,-0.4199410053785838,2.2039566598471096,2.2823743772102585,2.2333755620257505,2.1048247084591583,1.040207344815935,1.0084976901901477,0.2771921940285212,0.7069580084935561,2.141904167641071,2.15940955524807,2.102854741979136,2.1941552529531827,2.218807043752706,-0.23152936805622223,-0.6464994396763865,-0.12011201391732208,-0.34435385755751613,-0.34388412094165505,0.2363275362222387,2.2823743772102585,0.223584155580849,2.224487608336601,2.3461538683153367,-0.3237110806755786,-0.2250637995101233,-0.3928125978312526,0.3501918004346042,-0.17086108641765158,3.4650573164254617,-0.8960800755270535,-0.621595698762559,-0.6173047579348631,2.2262859957077725,-0.7770012741107227,2.3113012877148553,-0.7998666605041521,2.317840181469347,-0.6523254455764548,2.2828281448664685,-0.3088719845641364,2.273671067238394,-0.6332879579293006,2.3725139831173654,-0.48169403961792895,2.220110417222274,-0.09165537867991962,2.1847244441990923,-0.4921050274263224,2.311206434161201,-0.7060628362998432,2.300067215934097,-0.47814977745032405,2.1426064940506095,-0.5875235281737221,2.1649176818711453,-0.619784069500084,2.012619263762587,-0.6487596223240581,1.938429264822874,-0.5052864512025748,1.9381144544692253,-0.8022293033616391,1.944933000806286,-0.8125299685674506,1.952439961155303,-0.6222852364064394,1.8763178321632037,-0.5868393000904504,1.9704985819580783,-0.5571347177094119,2.048360174878691,-0.6050252213428808,2.256964453909222,-0.5879993281729944,2.106926048471586,-0.8010519265873396,2.104786181083328,-0.8072564775966238,2.1043993775118603,-0.6932388419795625,2.058841584595929,-0.6256072620963865,1.9642918422617266,-0.7537421430920137,1.927586222116962,-0.6376133805970948,1.9012154098743301,-0.5357569204691247,1.9404530299827871,-0.7651401539730831,2.011517308961361,-0.8002141957099967,2.600311685304666,0.7215116164193931,0.757059296998006,0.44201268059367,0.6411517355871682,-0.6764414682315316,-0.162225650380942,-0.20070437866861518,1.0583973374482158,-0.18305203459844416,-0.19419624815508488,-0.06989297313480985,2.2039566598471096,2.170394386535377,2.1230389767613036,2.2287699379910966,-0.4199410053785838,3,-0.009161049200958726,1.0,0,0.96750706,0.96750706,0.9674817920603188,2.656746692197842e-06,-2.79290288784928e-07,0,0,0,-0.0006,-0.009161049200958726,6.964768343064146,2.175621691531878
1738022400000,2025-01-28,1738022400000.0,2025-01-28 00:00:00,1738022400000.0,2025-01-28 00:00:00,1738022400000.0,2025-01-28 00:00:00,1738022400000.0,2025-01-28 00:00:00,1738022400000,2.1729665326010306,2.1924343240106525,2.2239537468616652,2.20799774204051,-0.682956317223961,2.1729665326010306,2.2551900688014173,2.2465000701590987,2.1146656603075797,0.8878027739420848,0.9915981049401034,-0.21800529180948972,0.43526272872970273,2.1539569264637524,2.1589292773905977,2.129401792296555,0.9864283838008384,2.2506852569309324,-0.33244621357679355,-0.78672736194731,-0.7493355182187372,-0.5137059674732537,-0.46824682832239406,0.336638063567963,2.2551900688014173,0.18070445525406645,2.1751412545983846,2.3142593965349154,-1.0604152518552967,-0.24132296333418787,-0.4221658098634639,-0.3216924333951025,-0.4251350072227662,-1.084180026881138,-1.0426173678449941,-0.6514110846305393,-0.6670212113664488,2.205918135784113,-0.4196063241198843,2.2276925235758087,-0.7765677941307563,2.3131284482348837,-0.7989837169532817,2.3187666293045726,-0.6518798570783237,2.2841953265773696,-0.30826254480512544,2.274952579183108,-0.6328808040830655,2.37453656116519,-0.48157564379669343,2.2222668193662005,-0.09136834686726522,2.1868077365028333,-0.49172339865194986,2.3131529290688064,-0.7055034150025286,2.302462605365915,-0.4779052808150754,2.1446670686616525,-0.5872523049946845,2.166964822312399,-0.6196308348942193,2.0147804144149024,-0.6486132959872251,1.9408770871975527,-0.504955581984631,1.9410013048702734,-0.8019632807645939,1.9477933092961746,-0.8122840497725168,1.95538536403042,-0.6220110080270737,1.879299912163064,-0.5864625738646456,1.9732863812896777,-0.5570344848299994,2.0508098228315315,-0.6049574741611264,2.259414157794915,-0.5878021640778133,2.10944737276305,-0.8007464953584449,2.107754970949429,-0.8068800435554534,2.1067501148592593,-0.6929436433409155,2.061431132459388,-0.6253668301208849,1.9666840493225246,-0.7535516093911467,1.9302623713101397,-0.6374868794857128,1.9038617784570906,-0.5354071936251206,1.9427040427153728,-0.7647985386373254,0.3151564422181805,1.856354709397558,-0.5700728771378321,-0.6829503258459427,-0.6099868175153452,-0.3308199331896992,0.12869088632136025,0.10558907558997147,1.0593066999928873,-0.18368050250969706,-0.19671107898435158,-0.15697735077648842,2.1729665326010306,2.1924343240106525,2.2239537468616652,2.20799774204051,-0.682956317223961,3,-0.014061132784811137,1.0,0,0.96750706,0.96750706,0.9674841960841892,2.404023870417049e-06,-2.527228217807931e-07,0,0,0,-0.0,-0.014061132784811137,6.964768343064146,2.130968853252922
1738108800000,2025-01-29,1738108800000.0,2025-01-29 00:00:00,1738108800000.0,2025-01-29 00:00:00,1738108800000.0,2025-01-29 00:00:00,1738108800000.0,2025-01-29 00:00:00,1738108800000,2.269207893683564,2.2313843959590365,2.266392512077777,2.1789877212810467,-0.6357953262589361,2.269207893683564,2.2556214483510657,2.255443894610484,2.128863505587084,0.8855917317096734,0.9776155084069843,-0.17749982398051775,0.28923743931303314,2.175291646288943,2.1529334881824953,2.1823869908747557,0.9605043467187029,2.207653842295915,0.8727889251169174,0.17417970772310082,-0.09171619439299872,-0.2657138930503819,0.167424457151822,0.7472671988024988,2.2556214483510657,0.18456323072840466,2.1751412545983846,2.3142593965349154,-0.8784514331990616,-0.4048033683504266,-0.40075210285838425,-0.36743715705915087,-0.39080705781451625,0.12110645664413962,-0.2108538364034815,-0.651372513734482,-0.6590816184093677,2.1749422621322627,-0.6825681594184844,2.2073377469569264,-0.4192494586037523,2.2295600690425297,-0.775692993756574,2.314058534871795,-0.7985042725627675,2.3201109895676044,-0.6511587884585943,2.285469868408033,-0.3079255129040573,2.2770140855472327,-0.6327509486037535,2.376635635961022,-0.48120530577294696,2.2243351359003665,-0.09107399630168549,2.188807138953065,-0.49122170274505833,2.315544745817218,-0.7052250153434925,2.304458397492611,-0.47765098660037825,2.146722395409414,-0.5871019745985043,2.169066993910706,-0.619486957226564,2.0172068428092476,-0.6482549695160128,1.9437636433417531,-0.5047300977793211,1.9438620625003356,-0.8017186947393782,1.950739075721799,-0.8119807498932653,1.9583624297410445,-0.6216270561656616,1.8820999446232385,-0.5863605384559807,1.9757550970734754,-0.5569686951364153,2.0533076613111074,-0.6047583603617972,2.2619022627476646,-0.5875297056382902,2.1124159219463223,-0.8003712710345972,2.1101047843602077,-0.8065669327204108,2.109330585084973,-0.6926941048504058,2.063797179128942,-0.6251893813735813,1.9693539237945628,-0.753416606767295,1.932903759415078,-0.6371171066563996,1.9061244397949704,-0.5351054310608003,-0.5067176759298336,1.068596856887707,-1.0889185130262495,-1.1225631432719747,-0.48487966723252895,-0.7432296919712876,-0.39892321645980316,-0.423405670813523,1.0488993389026966,-0.19166028621794312,-0.20282519820325454,0.10427578214854727,2.269207893683564,2.2313843959590365,2.266392512077777,2.1789877212810467,-0.6357953262589361,3,0.04429030987759064,1.0,0,0.96750706,0.96750706,0.9674863714254766,2.1753412873248834e-06,-2.2868258309216571e-07,0,0,0,0.0,0.04429030987759064,6.964768343064146,2.2696404339805785
1738195200000,2025-01-30,1738195200000.0,2025-01-30 00:00:00,1738195200000.0,2025-01-30 00:00:00,1738195200000.0,2025-01-30 00:00:00,1738195200000.0,2025-01-30 00:00:00,1738195200000,2.3085458533514456,2.294678488415961,2.345970867586597,2.2729311540514074,-0.63990276945368,2.3085458533514456,2.260146556718914,2.2686125655496046,2.1433892967479133,0.924666454716056,0.9746105487194899,-0.02506374717686318,0.46064347816653345,2.1946374522011602,2.1555892204906484,2.2210059413022245,0.7476140745233398,2.1869736250365115,0.3238730627011936,0.500930991465692,0.0078002845359410235,-0.08700421819367243,0.16944068274486915,0.6441777054300153,2.260146556718914,0.28088579053394325,2.1751412545983846,2.3142593965349154,-0.8413136666065965,-0.40859637255387377,-0.3994336865030344,-0.4949359982240957,-0.5768217951536986,-0.26185688789148126,-1.167336285352903,-0.7008794005418075,-0.6602761283891008,2.271139357978387,-0.6354167572751964,2.1763817706726574,-0.6821549229882674,2.209215124246629,-0.4184995444061513,2.2305546942990837,-0.7752189260025811,2.315405884841637,-0.7977354863313865,2.3213617448058668,-0.6507477791064574,2.2875271782318762,-0.30782028839386627,2.279149363441608,-0.6323483120744384,2.3786423742967764,-0.48082605089701796,2.2263185777133834,-0.09068020234427787,2.191232904798206,-0.4909752568214721,2.3175352363414166,-0.7049356148597896,2.3064491286263262,-0.4775104406476539,2.1488323021132905,-0.5869608314222106,2.1714501904209853,-0.6191342105144076,2.0200852688270476,-0.6480099439712255,1.9466240854140506,-0.5045230015894157,1.9468081365037198,-0.8014170114529474,1.9537164360898247,-0.8115577708645173,1.9611518569813713,-0.6215228595008977,1.884591820653465,-0.5862935525856504,1.978270459916799,-0.5567750986808802,2.0558406662993307,-0.6044832801463714,2.2648629398508593,-0.5871941023202447,2.1147644520004034,-0.8000591861163002,2.1126846189480855,-0.8063020279127503,2.1116837320471213,-0.6925097936133993,2.0664514681362096,-0.6250637912885744,1.971988609146423,-0.7530239898748129,1.9351571754126364,-0.6367977000330343,1.9884906670360418,2.296677062345088,0.8753479898515711,0.5422545352292268,-0.8067517036098842,0.7610036507533979,-0.06835680079102952,-0.1665070104477118,1.058471245847495,-0.19286371793542695,-0.20553765458365944,-0.4182304837015241,2.3085458533514456,2.294678488415961,2.345970867586597,2.2729311540514074,-0.63990276945368,3,0.01733554681233951,1.0,0,0.96750706,0.96750706,0.9674883398375936,1.9684121170815416e-06,-2.069291702433418e-07,0,0,0,0.0,0.01733554681233951,6.964768343064146,2.326321438783367
1738281600000,2025-01-31,1738281600000.0,2025-01-31 00:00:00,1738281600000.0,2025-01-31 00:00:00,1738281600000.0,2025-01-31 00:00:00,1738281600000.0,2025-01-31 00:00:00,1738281600000,2.2175618488949214,2.2791905386019353,2.2762297499754265,2.3122651902505336,-0.6602962177525205,2.2175618488949214,2.2466072170578713,2.263969818491909,2.1536478487715307,0.8206401354185217,0.9504264765991127,-0.3191580823104673,-0.31236651034334034,2.209724833279013,2.142675124977671,2.2685798073349845,1.5781185554600121,2.1020954481048,-0.8755223345151665,0.1758065400719417,-0.42856423053051207,-0.1171540269460032,-0.5271123722249925,0.46637714797608143,2.2466072170578713,0.1670219610452396,2.17109638682429,2.3142593965349154,-0.6853217091818243,-0.5937708326741068,-0.3483507784726969,-0.0029346685491480396,-0.5599082894068459,-0.36343904424271684,-0.25934850689366207,-0.701834012306297,-0.6631418513113034,2.310459224551315,-0.6395233653403176,2.2725170742672445,-0.6350136286525867,2.178274100407416,-0.6813131208157577,2.210225461602263,-0.41810793434695975,2.2319550703932682,-0.7744577177800922,2.316659756224751,-0.7972928540883741,2.3234047332868357,-0.650616569345735,2.289658553369189,-0.3074870730888152,2.281194989353001,-0.6319361390966697,2.380560188278098,-0.48032728983805106,2.228734102122431,-0.09049348525618378,2.193273773314392,-0.49071894413664713,2.319520681165534,-0.7047747785161634,2.3084980000032806,-0.47737851012437493,2.151221168487097,-0.5866143157693884,2.174312187486506,-0.6188931560866453,2.022936992242391,-0.647784775984009,1.9495699433188625,-0.5042667918741425,1.9497857461632782,-0.8009962026265893,1.956506486530444,-0.8114419008040803,1.9636236547868329,-0.6214544393990367,1.8871284690107963,-0.5860965846061144,1.980819811662946,-0.5565074376623724,2.05881198349015,-0.6041445264306726,2.267169494801234,-0.586915618518973,2.11734340368132,-0.7997951614107631,2.115036862641969,-0.8061061369228824,2.1143303358506995,-0.6923792670606709,2.0690695048562584,-0.6246964664406218,1.9742295827166656,-0.7526844763825074,2.427597250029539,1.7449601890314541,0.7300977277577733,0.419015086931661,-0.3420100887975034,0.6127233945082777,-0.7057647963646886,-0.7319480450324057,1.0589534658447914,-0.18602174278927286,-0.19743471026833156,-0.06989297313480985,2.2175618488949214,2.2791905386019353,2.2762297499754265,2.3122651902505336,-0.6602962177525205,3,-0.039411824688011965,1.0,0,0.96750706,0.96750706,0.9674901210046617,1.7811670680600855e-06,-1.872450490214561e-07,0,0,0,-0.0,-0.039411824688011965,6.964768343064146,2.195225041382061
1738368000000,2025-02-01,1738368000000.0,2025-02-01 00:00:00,1738368000000.0,2025-02-01 00:00:00,1738368000000.0,2025-02-01 00:00:00,1738368000000.0,2025-02-01 00:00:00,1738368000000,2.1474888026038665,2.153327456659148,2.2274469515443083,2.2211051284587047,-0.7634805318968293,2.1474888026038665,2.223772501772001,2.2534381091418645,2.158408145221442,0.6337632669056543,0.8919526043296386,-0.7953081574692136,-0.5525886945932961,2.22155002933543,2.1199877767496225,2.320504413084889,0.3004117084185596,2.089107399106521,-0.6982479119901865,-0.7220018146624156,-0.6532399777485721,-0.32437344314440525,-0.4574917355753842,0.32991785600476237,2.223772501772001,0.2235881618275733,2.17109638682429,2.2880381831151944,-0.6197132049234922,-0.5521376241007862,-0.36511340793523617,-0.7062848000639381,-0.4559407804268816,-0.9379348897426756,0.5888761395158892,-0.6962359702261194,-0.6823096565168565,2.219517067263424,-0.659912667222038,2.3118116837046605,-0.6391193563874874,2.27436296845005,-0.6341883028134282,2.1793083330567997,-0.6808608405463128,2.211638747047842,-0.4174629447198528,2.2332642104347777,-0.7740201075518026,2.3187046208625945,-0.7971505365004684,2.325522789661956,-0.6502101158381659,2.291699987132214,-0.3071456530728301,2.283154248315418,-0.6313966814261323,2.3829336013832414,-0.4800824684916824,2.2307597730918443,-0.09029902123062124,2.195309450811116,-0.49057723156755845,2.321564557596016,-0.7046237433466407,2.3108421272366964,-0.47705298725594103,2.1540853202104437,-0.5863776959893516,2.177146292676498,-0.6186716605816583,2.0258768794834094,-0.6475066459494235,1.9525473778306977,-0.5039070292503507,1.9525763238553953,-0.8008809816942576,1.9589794642035299,-0.8113657341181135,1.9661418501740808,-0.6212534289182201,1.889697675922572,-0.5858243898841775,1.9837950025909425,-0.5561775990566699,2.0611752729728288,-0.6038633708930814,2.2697195689991303,-0.5866804191684865,2.1196943927270473,-0.7995999336484586,2.117682928309264,-0.8059672805833427,2.11694016311864,-0.6919986776341082,2.071279573306054,-0.6243792144794995,2.212560955633113,3.3336460946880733,1.343706048676639,0.950513676255161,0.43215748721215586,0.31096156339957176,0.05801314928890323,0.03388038864844176,1.0259328422933387,-0.19160444844454422,-0.20313333052189755,0.017191404506868704,2.1474888026038665,2.153327456659148,2.2274469515443083,2.2211051284587047,-0.7634805318968293,3,-0.03159913953514959,1.0,0,0.96750706,0.96750706,0.9674917327383514,1.611733689732553e-06,-1.6943337832753258e-07,0,0,0,-0.0,-0.03159913953514959,6.964768343064146,2.094258679453225
1738454400000,2025-02-02,1738454400000.0,2025-02-02 00:00:00,1738454400000.0,2025-02-02 00:00:00,1738454400000.0,2025-02-02 00:00:00,1738454400000.0,2025-02-02 00:00:00,1738454400000,2.0309461440662826,2.102156904838137,2.060999938179493,2.1511039213087177,-0.6004514637402001,2.0309461440662826,2.1962666676581097,2.243504848334718,2.1577749150539214,0.321703183274596,0.779837145127719,-1.540178221991627,-0.5308685981697686,2.22748746829569,2.098585256801271,2.3582374636379173,2.0529830672200937,2.0033880090209704,-1.153851368724821,-1.5437311718064402,-0.779808718401686,-0.6854923997696697,-0.8184950077249419,0.08221543944940425,2.1962666676581097,1.1569875345978362,2.17109638682429,2.168094611911802,-0.48831637393402194,-0.5622463900306275,-0.30059861456500725,0.3546889562095133,-0.2585324901908343,1.8778676720163365,2.70489191812605,-0.6696328191369784,-0.649240494798965,2.1494762503582074,-0.7630760018242688,2.2209279431559548,-0.6595042874311988,2.3136385976917437,-0.6382925955572079,2.275322993091973,-0.6337469012537341,2.180741251317963,-0.6801303403233279,2.212961342391643,-0.41710235360111786,2.235342351020421,-0.773879553992109,2.3208244220522536,-0.7967127761061019,2.3275499170701943,-0.64979405265939,2.2936547782535026,-0.30669366720784186,2.2855542553540977,-0.6311293325792948,2.384896782238483,-0.47982783804161,2.2327802968803447,-0.09019305536742683,2.197400791262801,-0.4904442026034929,2.3239050235135554,-0.7042546869033766,2.313689277221201,-0.47683130804997775,2.1569217360314785,-0.586160301638993,2.180074114699129,-0.6183979851113731,2.028849474776926,-0.6471174562932039,1.9553375850854462,-0.503810067815839,1.9550502997420247,-0.8008052457763042,1.9614987439526788,-0.8111428892434113,1.9686938441222785,-0.620975798226701,1.8926775719849824,-0.5854891034563989,1.986178947417335,-0.5559040040958034,2.063764378652452,-0.6036258795429581,2.272029521919383,-0.5865069136239616,2.1223397109179585,-0.7994615543954575,2.1202921807317967,-0.8055643085305372,2.119134992231708,-0.6916697504669732,4.0635617333115475,0.8584438363265409,3.2997921780131727,3.3554586077940396,0.2711782474562378,-0.5205684242770818,-0.1677620473263907,-0.254356240028592,-0.46696309955797644,-0.1836453973266005,-0.18199220412058184,0.53969767035694,2.0309461440662826,2.102156904838137,2.060999938179493,2.1511039213087177,-0.6004514637402001,1,-0.054269274138367574,1.0,0,0.96750706,0.96750706,0.9674931911559996,1.458417648203536e-06,-1.533160415290169e-07,0,0,0,-0.0,-0.054269274138367574,6.964768343064146,1.926335506922955
1738540800000,2025-02-03,1738540800000.0,2025-02-03 00:00:00,1738540800000.0,2025-02-03 00:00:00,1738540800000.0,2025-02-03 00:00:00,1738540800000.0,2025-02-03 00:00:00,1738540800000,2.17942108263503,2.1443967665320804,1.8617619690758718,2.0357075382722707,-0.27639232831533556,2.17942108263503,2.192776935120013,2.241409089659609,2.1618884318258407,0.27099876706780884,0.6795287386283911,-1.3762248303912867,-0.17986274033351302,2.2369582768133416,2.078896592634277,2.4015925907179922,3.515396262775825,2.083634532675568,1.4209578012170798,-0.27638536886906395,-0.18863777115692326,-0.4571888448885738,-0.4949782285579424,0.22253792087406724,2.192776935120013,1.1563999873761233,2.17109638682429,2.168094611911802,0.07154314713794765,-0.30314618499023055,-0.1846670826221134,2.4231871337003645,0.1931621322774661,1.4887562360502749,0.30313985228422874,-0.648052189798822,-0.589306255848753,2.0329871944325757,-0.6000800809073503,2.150932117003713,-0.7626455069935609,2.222798756069844,-0.6586704018725055,2.314568290347797,-0.6378502465262793,2.276694940680809,-0.6330317338431674,2.1820843097710583,-0.6797130805627947,2.215047584095527,-0.4169888537020812,2.237493098640128,-0.7734467654280232,2.3228534236538634,-0.7962648054669117,2.3294894609925,-0.6492497855378068,2.2960519184198396,-0.3064747381449735,2.2875568996737505,-0.6308513751098849,2.3868549961705847,-0.4796870977547285,2.2348573188438605,-0.09009368411719196,2.199776048498995,-0.49011617672853514,2.3267507821271978,-0.7040020248326628,2.316507460566959,-0.47662773071695697,2.15985114040804,-0.5858916006943432,2.1830369311426105,-0.6180147755052725,2.031629447086751,-0.6470116929543661,1.95781085964529,-0.5037464490863672,1.9575704969031893,-0.8005836150572023,1.9640517493956018,-0.8108358977446137,1.9716696611803226,-0.6206339797891508,1.895086605289009,-0.5852108883981015,1.9887822632902565,-0.5556729987297121,2.0661297969600607,-0.6034506467928128,2.2746503921927568,-0.5863841600449575,2.1249481648747874,-0.7990598643021932,2.122485942750177,-0.8052156806416407,4.0635617333115475,3.3336460946880733,3.2997921780131727,3.3554586077940396,0.9756305300169796,0.22661930907950179,0.4783585330171103,0.5122376022900683,0.7754487847468192,-0.18836660876821557,-0.19314722572034124,0.53969767035694,2.17942108263503,2.1443967665320804,1.8617619690758718,2.0357075382722707,-0.27639232831533556,0,0.07310629038713778,1.0,-1,0.96750706,0.96750706,0.9674945108417828,1.3196857832076248e-06,-1.3873186499591128e-07,0,-1,-1,-0.07370629038713779,0.07310629038713778,6.377714814703977,2.1402690402622566
1738627200000,2025-02-04,1738627200000.0,2025-02-04 00:00:00,1738627200000.0,2025-02-04 00:00:00,1738627200000.0,2025-02-04 00:00:00,1738627200000.0,2025-02-04 00:00:00,1738627200000,2.036663235590409,2.115404627659011,2.0619142816563065,2.182895469544678,-0.5199227739121051,2.036663235590409,2.1733903094655016,2.218241000172029,2.1611778013017995,0.034557646687936115,0.5497780771741574,-1.7850616229262437,-1.0061913914587657,2.2317209255199963,2.089924098186412,2.3774545164664564,2.2528687075512335,1.9916310345723685,-1.3932825563488984,-0.6819706885833634,-0.5859978075881934,-1.1930389689510792,-0.8854398323145612,-0.37420324054095067,2.1733903094655016,1.613572724950937,2.17109638682429,2.168094611911802,0.34446298360296573,-0.4120372612313916,-0.08160835905786559,0.4695501967074102,0.3655696796316313,-0.8338773418696686,1.1670423291785343,-0.6235422706558595,-0.6333422655784529,2.181393843461539,-0.2760868335229673,2.0345178878800945,-0.5996845273792226,2.1528367395036785,-0.7617755725919217,2.2237986029881136,-0.6582233486485495,2.315915316615674,-0.6371337437184968,2.27797444994371,-0.6326246352754755,2.1841828718274976,-0.6795796752894429,2.217205865706165,-0.4166323146040402,2.2395553413643956,-0.773003861995895,2.324794965024135,-0.7956810911885934,2.3318768175134923,-0.6489797744322086,2.2980503085093122,-0.3062469189160898,2.2895544632347185,-0.6306971524919458,2.3888731425817604,-0.47955498425393345,2.2372220805705734,-0.08984235375310454,2.202635028486775,-0.48989271613170526,2.3295674733823475,-0.7037697945993369,2.3194243790778004,-0.4763757892249933,2.162815239348141,-0.5855150691628225,2.1857962211882906,-0.6179108008561078,2.034083344441068,-0.646942233191654,1.9603304122493608,-0.5035589716743858,1.9601243581096857,-0.8002782562388804,1.9670278061503943,-0.8104587985577639,1.9740569446254048,-0.6203502251737346,1.89770718120474,-0.5849759195938684,1.9911678748839212,-0.5555026536889257,2.068783711610812,-0.6033266507646156,2.2772327305101983,-0.586024457055179,2.1271404446885627,-0.798712364767403,4.0635617333115475,2.397847697319951,2.2379845130070417,1.74498172853257,0.43846624243867793,0.8439432943049924,-0.06580082997128643,-0.13957771099935404,0.9580962549401645,-0.18735071184339921,-0.1988839479267726,-0.06989297313480985,2.036663235590409,2.115404627659011,2.0619142816563065,2.182895469544678,-0.5199227739121051,1,-0.06550264571728359,0.0,0,0.96750706,0.96750706,0.9674957049925589,1.194150776040459e-06,-1.255350071671657e-07,0,0,0,-0.0006,-0.06550264571728359,6.373288185815155,1.9345731098610037
1738713600000,2025-02-05,1738713600000.0,2025-02-05 00:00:00,1738713600000.0,2025-02-05 00:00:00,1738713600000.0,2025-02-05 00:00:00,1738713600000.0,2025-02-05 00:00:00,1738713600000,1.9914075261252795,2.016374721261488,2.0618848039532898,2.0400694710356277,-0.662969365571894,1.9914075261252795,2.133878339831206,2.198799203984802,2.153957907092859,-0.21377898052352584,0.3939830364662054,-2.1467153241784938,-0.903088220366504,2.2252557068610126,2.105006764012471,2.345945262335465,0.6532134774400509,1.9897930864364974,-0.48543736451711333,-0.29448134548251853,-1.0647952425348541,-1.0282324198073898,-0.790549655788835,-0.42406596057879276,2.133878339831206,1.8319844563008514,2.17109638682429,2.1274021899626234,0.10213234325697562,-0.46284094586117225,-0.19918663510153803,-0.45956021928588986,0.3454965559031874,-0.8266985030659664,-0.39759891327308666,-0.6276275250938023,-0.6612200918724667,2.03870165643853,-0.5195677642562322,2.1828292078255136,-0.2757607341629384,2.0364787411171816,-0.5988715493989379,2.153890617049564,-0.7613047176585137,2.2252032692962027,-0.65750021559592,2.3171688506071053,-0.6367257601710465,2.2800347505406355,-0.632494799213253,2.186352611291442,-0.6791670338331224,2.2192762010703997,-0.41626712336460625,2.2415323099290223,-0.772426412299859,2.3271836032443116,-0.7953892442149081,2.333860689384389,-0.6486990602183617,2.30004363011177,-0.30612167472645496,2.2916097904591357,-0.630552344550386,2.3911947482915474,-0.4792290444363823,2.2400770720617116,-0.08967347738579239,2.2054658981962194,-0.4896874913714592,2.3324833700877186,-0.7034830983614502,2.322378358233533,-0.47602175649700934,2.165577241873688,-0.5854130919890635,2.1882109620560746,-0.6178425280860566,2.036585088349497,-0.6467382923399516,1.9628836722118446,-0.5032995389611585,1.9631006176571775,-0.799903118925558,1.9694163676942478,-0.8101451236371471,1.9766625573575598,-0.6201105041554414,1.9001173200496861,-0.5848025877844432,1.9938338200026218,-0.5553821735886971,2.071401348437504,-0.6029636092409052,2.2793765314465504,-0.585713913694985,4.0635617333115475,1.459053597879303,0.6394839682054867,0.34202727489130735,-0.29372532981038263,1.7870265295466017,-0.22112893820394486,-0.18209042129219208,1.0597193193244172,-0.18869907137811753,-0.20494117725838173,-0.5053148613432027,1.9914075261252795,2.016374721261488,2.0618848039532898,2.0400694710356277,-0.662969365571894,0,-0.02222051671297054,0.0,-1,0.96750706,0.96750706,0.9674967855498355,1.0805572766559024e-06,-1.1359349938455665e-07,0,-1,-1,0.02162051671297054,-0.02222051671297054,6.53270248626612,1.8693653790279035
1738800000000,2025-02-06,1738800000000.0,2025-02-06 00:00:00,1738800000000.0,2025-02-06 00:00:00,1738800000000.0,2025-02-06 00:00:00,1738800000000.0,2025-02-06 00:00:00,1738800000000,1.988783204550325,2.014572978966781,2.047426222323302,1.9943809162155413,-0.7003615124871698,1.988783204550325,2.0883980109869293,2.1784248174266385,2.153449064248187,-0.4113580739380247,0.22797965278108517,-2.288468943467318,-0.9488723249961463,2.210729635254261,2.110216594472746,2.3085560859694536,0.8481613707215772,1.8576266080035289,-0.06671577644188567,-1.1147858437816638,-1.199546909042559,-0.7598789217173509,-0.7425118544704513,-0.7215282606625875,2.0883980109869293,1.2778438506418957,2.0836448048901324,2.124701286228008,0.018114204171418888,-0.4696482797331752,-0.41303445872881456,-0.3424640150295553,0.3787193875134993,-0.4940399098727421,-0.6313259506050027,-0.6367166908760945,-0.6687045798227231,1.9934667618772608,-0.6625852715342164,2.0402286791985857,-0.5191894700877357,2.1847184233005605,-0.2750609706472259,2.037622480219231,-0.5984383006709371,2.15533967592127,-0.7605480376913498,2.226516880989557,-0.657087838125513,2.319213512109423,-0.6365956132516588,2.282168907078813,-0.6320922174100886,2.188435254114294,-0.6787446639994847,2.2212617944799784,-0.4157857491633171,2.243943680659316,-0.7721380330689378,2.3291693770636384,-0.7950859191606878,2.3358395346472434,-0.6485432442832223,2.302094949179778,-0.3060041517506768,2.293958649854736,-0.6301974780319733,2.394033339661387,-0.4790070684875451,2.2429036645518026,-0.08951873202760334,2.208391504514452,-0.4894335516205399,2.33543652107092,-0.7030824089666212,2.3251189574189493,-0.4759265089286453,2.167997118116431,-0.5853461447640089,2.190676719044194,-0.6176419328722436,2.039121736328757,-0.646456721165574,1.9658597892808527,-0.5029795877121973,1.9654902605219158,-0.7995911077976856,1.9720228597160843,-0.809879734917986,1.9790514328853992,-0.6199335911714366,1.9027978776643235,-0.5846799591801566,1.9964643079591562,-0.5550285795698754,2.073610674558892,-0.6026501273726305,0.31361884326240297,0.3686069729130173,-0.44322231829603875,-0.5741231423976383,0.5718529916786129,0.1512793244558655,-0.18694243053860302,-0.24082198647399677,1.0459110026254248,-0.19372145624504294,-0.20585399490504816,-0.5053148613432027,1.988783204550325,2.014572978966781,2.047426222323302,1.9943809162155413,-0.7003615124871698,1,-0.0013178224650283177,0.0,0,0.96750706,0.96750706,0.9674977633191856,9.777693500412354e-07,-1.0278792661466696e-07,0,0,0,-0.0006,-0.0013178224650283177,6.52818286477436,1.865584064871046
1738886400000,2025-02-07,1738886400000.0,2025-02-07 00:00:00,1738886400000.0,2025-02-07 00:00:00,1738886400000.0,2025-02-07 00:00:00,1738886400000.0,2025-02-07 00:00:00,1738886400000,1.987561197847878,2.054179267802757,2.0401747278518245,1.992542130535074,-0.5907528760994822,1.987561197847878,2.055684667876855,2.155415051463514,2.1553747932005836,-0.5650351642631793,0.06300140516961956,-2.27423384683811,-1.096230055202134,2.1954941882645382,2.108791891421175,2.277365716622878,1.6004886961752403,1.8666010883280855,-0.05277550718183544,-0.34855625577865557,-0.9094531130290465,-0.2780533238837311,-0.6604158961703801,-0.7467251235015451,2.055684667876855,0.876447545144232,2.0469848406960716,2.123443619295014,-0.0006086111554859168,-0.5010543890978036,-0.4486093509435122,0.10694856270218289,0.4026623573114463,0.6769531392046476,0.3143626327056967,-0.626261776836798,-0.6466588577977853,1.9908436473323567,-0.6999698158392883,1.9950228412939488,-0.6621763188193714,2.0421867739927593,-0.5184046259000369,2.1857476790949653,-0.27470247321694524,2.039145371008587,-0.5977346241303253,2.1566995575893646,-0.7601134283786352,2.2285977138506725,-0.6569561478008417,2.321333124384272,-0.6361921553122418,2.2842133284849098,-0.6316801002083062,2.1904339643711266,-0.6781925999677252,2.2236786995004887,-0.415550552265505,2.2459631878713635,-0.7718382988304242,2.331150118788599,-0.794917034824867,2.3378771752614838,-0.6483969361358948,2.304440870580592,-0.30571145922305326,2.2968075981524163,-0.6299549149371468,2.39684234484415,-0.4788032167272223,2.2458263417676676,-0.08932602163825448,2.211352525131258,-0.489076836320726,2.3381753686717426,-0.7029732059469639,2.327498312005371,-0.4758640275381817,2.1704675947907575,-0.5851492857094085,2.1931797983596684,-0.6173648605921245,2.0420939168094026,-0.6461101677360143,1.96824867242909,-0.5027143778547427,1.9680974964567561,-0.7993271463946627,1.9744129847517728,-0.8096834792619768,1.9817193225442489,-0.619808386482743,1.9054439749124816,-0.5843205920047814,1.9986974898375907,-0.5547234131987692,-0.4699071917639022,1.5587764841013159,-1.0896926065326262,-1.1232886545248368,0.7205208503048367,-0.040935013174135865,-0.37054210621085343,-0.44693789817739926,1.0560589150800106,-0.19366185255185964,-0.20582777808190703,-0.4182304837015241,1.987561197847878,2.054179267802757,2.0401747278518245,1.992542130535074,-0.5907528760994822,0,-0.0006144494279975987,1.0,-1,0.96750706,0.96750706,0.9674986480783025,8.847591169702795e-07,-9.30102330709559e-08,0,-1,-1,1.4449427997598771e-05,-0.0006144494279975987,6.5282916427106175,1.863823308381507
1738972800000,2025-02-08,1738972800000.0,2025-02-08 00:00:00,1738972800000.0,2025-02-08 00:00:00,1738972800000.0,2025-02-08 00:00:00,1738972800000.0,2025-02-08 00:00:00,1738972800000,1.9868269650060757,1.9277870012622111,2.0427502208666977,1.9915885630070282,-0.7953181717944485,1.9868269650060757,2.0328334898732043,2.132687251703007,2.1602821498058487,-0.6819097879625335,-0.09345136085023133,-2.1558485345014677,-1.0884219197020684,2.186390323728607,2.1148014428293465,2.250736082140995,-0.4816523368388004,1.8686937712278406,-0.047922650874853034,-0.0955598405126733,-0.6761442189994532,-0.8965597096253847,-0.9241861879951657,-0.5244312421954955,2.0328334898732043,0.6207885565721621,2.0469848406960716,2.1226879602921587,-0.019168853040442444,-0.4993490762525079,-0.5070825895567365,-1.1356427622429006,0.3091075482301073,-1.2891377398723771,-0.6731140307338568,-0.6310481414323386,-0.6877786783956819,1.9896222026794794,-0.5903834651935594,1.992401411707955,-0.6995528490301823,1.9970027715424885,-0.6613414993601456,2.0433261048656886,-0.5179899528682912,2.1871765082799692,-0.27410415362143087,2.0405822070286335,-0.5973351406656126,2.1588082485043714,-0.7599739289177501,2.230750965270273,-0.6565483398464579,2.3233619230629476,-0.6357791451669041,2.286171303728853,-0.6311407114935568,2.192859286057656,-0.6779182729033559,2.225706419196963,-0.415305887843306,2.247977565682354,-0.771671489880465,2.3331895513385046,-0.7947584219775855,2.3402130703006097,-0.6480386511129348,2.3072887023834165,-0.3055131453853835,2.2996277099891844,-0.6297320242194404,2.399752978014741,-0.4785509423666466,2.2487849883493025,-0.08905150397355661,2.2141080170041936,-0.48898078636970077,2.3405514070884226,-0.702901463577073,2.3299315470948176,-0.47567975581112526,2.172975076637988,-0.5848772374593209,2.1961440239796923,-0.61702371315699,2.044461809482044,-0.6458223975481158,1.9708553857041051,-0.5024905658085279,1.9704886786243059,-0.7991319663358817,1.977081618824587,-0.8095443606032623,1.9843518876883077,-0.6194420972173126,1.9077061325676163,-0.584010344221436,1.1761444104469256,1.8489716571205903,-0.1453626336731844,-0.32143282253478017,-0.12221781150179377,-0.4209004015144893,-0.5119199733254439,-0.5716124135617805,1.0479923763809824,-0.1932773281040873,-0.2053469190947063,-0.06989297313480985,1.9868269650060757,1.9277870012622111,2.0427502208666977,1.9915885630070282,-0.7953181717944485,1,-0.0003694139544468955,0.0,0,0.96750706,0.96750706,0.9674994486747776,8.005964750035233e-07,-8.416264196675627e-08,0,0,0,-0.0006,-0.0003694139544468955,6.52377466772499,1.8627653720883206
1739059200000,2025-02-09,1739059200000.0,2025-02-09 00:00:00,1739059200000.0,2025-02-09 00:00:00,1739059200000.0,2025-02-09 00:00:00,1739059200000.0,2025-02-09 00:00:00,1739059200000,1.9855255399605385,1.945712219557194,2.008427157686796,1.9891335280838645,-0.776006051923286,1.9855255399605385,2.0263732481320877,2.1157898219911564,2.1625412541505993,-0.769380316723179,-0.2369273740447485,-1.9756526218326127,-0.9096844369255382,2.1753615980570027,2.116404657167295,2.2250889357456223,0.3398749365122293,1.8439532522915336,-0.05357274194741533,-0.08795597052146317,-0.26943735799208657,-0.3114892397569493,-1.0312590742930456,-0.5958768495529974,2.0263732481320877,0.6699287141806815,2.0469848406960716,2.1213485574539703,-0.2150440484797368,-0.5391293484301672,-0.5454227171556225,-0.6449123909835316,0.09129974813831489,0.11133938828023883,-1.2550130669178585,-0.6574404327003563,-0.683888669321042,1.988888307540614,-0.7949071684598286,1.9911807516506472,-0.5899899903210309,1.994382608166983,-0.6987049661160822,1.9981769973502752,-0.660893829516423,2.044845373772415,-0.5173124575268049,2.188515304725305,-0.27377449115283436,2.04273723033297,-0.597207979477367,2.1609874077454787,-0.7595441112814192,2.232815897452396,-0.6561308962379256,2.325303248165247,-0.6352386525070608,2.28857048704599,-0.630873400817011,2.1948994954747456,-0.6776330895539364,2.227728985802807,-0.4151709076274038,2.2500487804134113,-0.7715148311361328,2.335526759873689,-0.7943720983524258,2.34305709189203,-0.6477936550668874,2.310107616903543,-0.30533117630497925,2.3025459491588736,-0.6294566564156372,2.4027018629071337,-0.47819646277767935,2.251535459138746,-0.08898004011431303,2.216515567020005,-0.4889177725099415,2.34298159443925,-0.7026910890065147,2.332404289924902,-0.4754246337967786,2.1759403455383377,-0.584542127036123,2.1984695001504355,-0.6167405275940306,2.0470540820041108,-0.6455792316948651,1.9732458251499243,-0.5023256415114113,1.9731579425000625,-0.7989936213979636,1.9797149791630269,-0.8091406836834322,1.986588925483034,-0.6191257567543723,0.9940264641003453,0.6867765416766889,-0.3232840997380709,-0.47378859581663957,-0.1631981159905461,-0.7853429236856513,-0.5095925514904472,-0.5523876683086262,1.0592002989751068,-0.19370401883455193,-0.20580449931962896,0.017191404506868704,1.9855255399605385,1.945712219557194,2.008427157686796,1.9891335280838645,-0.776006051923286,2,-0.0006550268687002259,1.0,1,0.96750706,0.96750706,0.9675001731145753,7.24439797705756e-07,-7.615667729776732e-08,0,1,1,-0.0012550268687002257,-0.0006550268687002259,6.514332128362949,1.860890183850818
1739145600000,2025-02-10,1739145600000.0,2025-02-10 00:00:00,1739145600000.0,2025-02-10 00:00:00,1739145600000.0,2025-02-10 00:00:00,1739145600000.0,2025-02-10 00:00:00,1739145600000,2.0234697080563047,1.984082164978294,2.0257691113627154,1.9892147348266016,-0.7176615188873252,2.0234697080563047,2.0041920464621925,2.103019055998972,2.166194840796213,-0.780115901861812,-0.3539559058152961,-1.6084014213873863,-0.6985907152757567,2.1585544193290587,2.0909506720711555,2.2185005165621767,0.6911084662441931,1.704453029912452,0.33740459758799496,0.13777696928947925,-0.6548313620635882,0.052037650067506325,-0.6794804403463814,-0.7960714332449909,2.0041920464621925,-0.6732159428150998,1.9097695177155125,2.1213485574539703,-0.8141677282355396,-0.5055218635182283,-0.538541959818638,-0.4466430159166476,-0.5340209292301464,0.6138524155140215,-1.4190855119346162,-0.7237793710654002,-0.6724728123387396,1.9875874810723069,-0.7755989751489655,1.9904473279296833,-0.7944698500078997,1.9931625377164213,-0.5891804006741916,1.9955588574880787,-0.698248670959258,1.999724936581296,-0.6601698273795517,2.0462784347363674,-0.5169303245784798,2.1906113007280017,-0.2736718552226266,2.0449594784157226,-0.5968129366802937,2.163080168826481,-0.7591042357696443,2.234795732344587,-0.6555849224926168,2.3276917476131054,-0.6349707307446616,2.2905719090227445,-0.6305954828725872,2.196934515773598,-0.6774746905898872,2.2298079379906297,-0.4150442175863603,2.2524092854153492,-0.7711329603066902,2.338371280619021,-0.794107147220605,2.345871920383905,-0.647568514360055,2.3130250361332854,-0.3051054447017712,2.3055009987075663,-0.629071174928703,2.405431687727502,-0.47810108154895964,2.2539335030392325,-0.08893334183513985,2.2189747152278225,-0.48873199997373196,2.3454514943332856,-0.7024008663815677,2.3353613266227042,-0.4751098624015272,2.178271384635201,-0.5842640612408339,2.2010325915221243,-0.6165012947481723,2.049424000528854,-0.64539972275133,1.975914646537522,-0.5022090607723931,1.9757919756036368,-0.7985920235113422,1.9819534930897504,-0.8087914353852512,2.123753657842534,1.0029042188219122,0.7120492569374788,0.4035067974374503,-0.15266354978857027,-0.9449096761345511,-0.2858857641129022,-0.33799640067371817,1.0597746429305388,-0.1928417834558317,-0.2047075249646532,0.017191404506868704,2.0234697080563047,1.984082164978294,2.0257691113627154,1.9892147348266016,-0.7176615188873252,2,0.019110390338529903,1.0,1,0.96750706,0.96750706,0.9675008286420937,6.555275184894072e-07,-6.891227921634879e-08,0,1,1,0.019110390338529903,0.019110390338529903,6.657933948469322,1.9155629119798756
1739232000000,2025-02-11,1739232000000.0,2025-02-11 00:00:00,1739232000000.0,2025-02-11 00:00:00,1739232000000.0,2025-02-11 00:00:00,1739232000000.0,2025-02-11 00:00:00,1739232000000,1.9605919434866255,1.9899182830225444,2.0102634248007605,2.0268754185005307,-0.6868956892059587,1.9605919434866255,1.993372310656711,2.0879920074873985,2.167920892379785,-0.865997360212066,-0.465559826198664,-1.5330749654593354,-0.7782811606289051,2.1434762440020303,2.0826650013253687,2.1956413428674204,1.0256945535381068,1.708097387133239,-0.6607879311424301,-0.22042427294969855,-0.3818511850664729,-0.21324502556838676,-0.6683113146592701,-0.7450114277168777,1.993372310656711,-0.7420843375499923,1.8970882243272817,2.0956873562976486,-1.3129651808929828,-0.47843411640821454,-0.5117271909735388,-0.22638236313288418,-0.6856609208095003,0.04753739299843317,-0.9804698853459526,-0.7488815222533236,-0.6657109709498725,2.025514197133395,-0.717266304784148,1.9891473370478938,-0.7751657957786833,1.992429468255901,-0.7935887926939268,1.994339729279828,-0.5887493891366691,1.997108459275084,-0.697512512021547,2.0011878803695957,-0.6597568739591925,2.0484311851690045,-0.5168092579164536,2.192778653777497,-0.27334593570811716,2.047098523396616,-0.5964085031086329,2.165089662759356,-0.7585305294880701,2.2372089423066215,-0.6553139666900204,2.329677315504399,-0.6346921800264621,2.2925682537667615,-0.6304412830989272,2.1990252352498882,-0.6773259503625764,2.232174114579532,-0.41473063615471784,2.2552626592687255,-0.7708711782315804,2.341186644397989,-0.7938635520845955,2.348786541441742,-0.6472904174154118,2.3159794211212947,-0.3047865975582373,2.3082438617736893,-0.6289665207384467,2.407790643856726,-0.4780385114601244,2.2563839146150144,-0.08879355612462414,2.221471629861183,-0.4884748598145934,2.3484078573325404,-0.7020439171323116,2.3376484703892033,-0.47484904538739287,2.180838303116066,-0.5840292204847015,2.2033610423972267,-0.6163247496412647,2.052080596254782,-0.6452726506834515,1.9785482069684777,-0.5018659445660921,1.9780317383949968,-0.7982446051349198,-0.6578199545998261,-0.5649313371146523,-1.1509689721630219,-1.174871579119835,-0.3204850642433663,-0.43202925715026386,-0.23004301456380938,-0.23306691897292145,0.7296547467034353,-0.19316928827240046,-0.20292113298983697,1.8459633349821185,1.9605919434866255,1.9899182830225444,2.0102634248007605,2.0268754185005307,-0.6868956892059587,2,-0.031074230723264984,1.0,1,0.96750706,0.96750706,0.9675014218126082,5.931705144845978e-07,-6.235700400480937e-08,0,1,1,-0.031074230723264984,-0.031074230723264984,6.419969542091063,1.8249640373648188
1739318400000,2025-02-12,1739318400000.0,2025-02-12 00:00:00,1739318400000.0,2025-02-12 00:00:00,1739318400000.0,2025-02-12 00:00:00,1739318400000.0,2025-02-12 00:00:00,1739318400000,2.03994880948953,1.9770780616448065,1.9789431047645503,1.9615990017125953,-0.6715281491031069,2.03994880948953,2.0002764113645535,2.071770258010361,2.1721521303983353,-0.8187760811815341,-0.5449561916118668,-1.0858390628573344,-0.8470562147398744,2.1317928724666624,2.0659163990943785,2.189960049259864,1.3035853609352657,1.7399392953163129,0.7552377513110503,0.24465835418460258,0.07832981267858148,0.14173198859777553,-0.09139619154659946,-0.6137556284314517,2.0002764113645535,-0.5224386713206958,1.9129275303437323,2.0956873562976486,-1.0835798260041272,-0.5080481845541946,-0.4759970720830128,-0.09101590262761254,-0.6053570806105234,-0.11774601593609271,-0.2782665126702739,-0.7501682212236753,-0.6634624661917182,1.9626653525528162,-0.6865067304432731,2.0270496908643816,-0.7168456301408189,1.9911301052994612,-0.7742914854163373,1.993607225957978,-0.7931105937154402,1.9958901052305547,-0.5880488657661238,1.9985731359307188,-0.6970915021798155,2.0033586225417093,-0.6596249813268777,2.0506513194948344,-0.5164313922539615,2.1948587332321248,-0.2730119514409948,2.049157345047264,-0.595878613656995,2.1675219039897335,-0.7582442224142104,2.2392311788048898,-0.6550322742511295,2.331657851895342,-0.6345376145281719,2.294622429351208,-0.630296496666656,2.201400037308617,-0.6769621233822001,2.2350296437456736,-0.41451745567468,2.258087517022106,-0.7706305138337943,2.344101632028256,-0.7935630707045069,2.351738658513618,-0.6469012721809358,2.3187208786418223,-0.3047018743316924,2.3106275024292673,-0.6288977970180152,2.410205131665234,-0.4778539897293043,2.2588726797023475,-0.08859825465602135,2.2244343946191565,-0.48815766336134603,2.350691408838023,-0.7017473306322796,2.3401851903346187,-0.47462900182507395,2.1831721924752725,-0.5838559851697939,2.205992933118305,-0.616199809581517,2.0547010970469803,-0.6449013436605089,1.980787092330126,-0.501570000547489,2.0537686538106863,2.958145849928679,0.33849553235122415,0.08776058892910163,-1.0746282635033904,-0.5716191066751299,-1.2027335805556723,-1.1809823403092836,1.0558472822864036,-0.18489925831566525,-0.2010345920952921,-0.3311461060598455,2.03994880948953,1.9770780616448065,1.9789431047645503,1.9615990017125953,-0.6715281491031069,4,0.04047597271147607,1.0,0,0.96750706,0.96750706,0.9675019585578238,5.367452156068708e-07,-5.642529887772696e-08,0,0,0,-0.0006,0.04047597271147607,6.4155175603658074,1.9393072046520987
1739404800000,2025-02-13,1739404800000.0,2025-02-13 00:00:00,1739404800000.0,2025-02-13 00:00:00,1739404800000.0,2025-02-13 00:00:00,1739404800000.0,2025-02-13 00:00:00,1739404800000,1.9919325686048215,1.9750243912159333,2.027294871388782,2.043578791194621,-0.7365477567728521,1.9919325686048215,2.0007243502135283,2.0493675628049894,2.1722977917889743,-0.8388524515481458,-0.6126766955878281,-0.9237074004763227,-1.1215940834764022,2.11596279291589,2.040968233644889,2.1848891943191617,0.5211099290684055,1.718917076354033,-0.5121657394181698,-0.24924077466407402,-0.09050993689898885,-0.06658036413188974,-0.6656109913986393,-0.7669309770506532,2.0007243502135283,-0.5255620076394977,1.9129275303437323,2.0956873562976486,-0.9813989192738624,-0.5347989108609837,-0.49532974161800913,-0.538468662983812,-0.6480654475995867,-0.702749808730143,-0.5489940093229366,-0.7556083404992101,-0.6760001465821234,2.041985719171311,-0.6711423148846594,1.9642412172698391,-0.686092649704799,2.0290141514115576,-0.715991703234288,1.9923088664802755,-0.7738177411989245,1.9951580670587141,-0.792343562808858,1.9973555887901597,-0.5876514719356043,2.0007449214211372,-0.6969567796564363,2.005595489076356,-0.6592166031779465,2.052788093982716,-0.5160444653333209,2.1968547115431925,-0.272569158383802,2.051621238313987,-0.5956165612721338,2.169572381506952,-0.757946633875257,2.241248278029255,-0.6548758929306874,2.3336970904285326,-0.634392483743753,2.2969704445900727,-0.629941679161254,2.2042588443201554,-0.6767131831225713,2.237856812832446,-0.4143217379488526,2.261009006264901,-0.7703335873141646,2.3470540462067992,-0.7931438753827882,2.3544753193923778,-0.6467955221290628,2.321101858262477,-0.3046463770015092,2.31306467664714,-0.6286959307629155,2.4126603869980476,-0.4775985315337765,2.2618335132394902,-0.08835536526514896,2.2267520812558192,-0.48789478974476397,2.3532256574266732,-0.7014966015385778,2.3424761662969416,-0.4744669173829302,2.185807323258841,-0.5837334259779348,2.208587043646516,-0.6158342313896017,2.056915739593159,-0.6445805866718426,0.5403488689483495,0.861542462894627,-0.1616734264839478,-0.33583963199329214,-0.9299228494815739,-0.08388419920809441,-1.060011962769363,-1.0466832478315977,1.0520439843674536,-0.19263678120544087,-0.20424502794766664,0.10427578214854727,1.9919325686048215,1.9750243912159333,2.027294871388782,2.043578791194621,-0.7365477567728521,4,-0.023537963629942205,1.0,0,0.96750706,0.96750706,0.9675024442451926,4.856873687675289e-07,-5.105784683934189e-08,0,0,0,-0.0,-0.023537963629942205,6.4155175603658074,1.8701218985717705
1739491200000,2025-02-14,1739491200000.0,2025-02-14 00:00:00,1739491200000.0,2025-02-14 00:00:00,1739491200000.0,2025-02-14 00:00:00,1739491200000.0,2025-02-14 00:00:00,1739491200000,2.0257309335323246,2.0026562862317423,2.067163467285341,1.9945342521715537,-0.692801335984502,2.0257309335323246,2.0061532898890544,2.0357941287929737,2.168467605094745,-0.8015618097241909,-0.6590455162601625,-0.6272167366176272,-0.7632926772858969,2.1020332599865608,2.0115873684900802,2.1890797007167695,0.34975100472010046,1.6049102816176806,0.2955312166350281,0.3089530875919007,0.03989468029943745,0.08815475982684703,-0.15176205012988234,-0.6955360857825488,2.0061532898890544,-0.48018547461642946,1.9129275303437323,2.0956873562976486,-0.9476020425849624,-0.5599455395726723,-0.6437546722326517,-0.6490106074879648,-0.8127849172968747,0.22185312988445358,-0.7980175919036399,-0.7709499656006242,-0.6675441328575843,1.9939915628688476,-0.7361487027001438,2.0435106324120653,-0.6707315278034129,1.9662360157473036,-0.6852494712591314,2.0301636553055107,-0.7155314174541866,1.9938605320577139,-0.773056988979565,1.9966240354400422,-0.7919020938353943,1.9995278600983122,-0.5875250447503184,2.0029827582354924,-0.6965404255930675,2.007750236474352,-0.658798578436577,2.054844495823479,-0.5155362193342714,2.1992782802265314,-0.2723553179750975,2.0537186851525413,-0.5953440882403387,2.17161764028677,-0.7577810650765316,2.2433220641787814,-0.6547290524384554,2.336034156748683,-0.6340368815664025,2.2998190720918625,-0.6296991509490089,2.2070895285318053,-0.6764843948137681,2.2407798849101512,-0.4140793298251745,2.263966689995296,-0.7699191642310481,2.349791335466047,-0.7930291370649878,2.356847217819721,-0.6467260711837154,2.323536586845917,-0.30448179043129164,2.3155410939032826,-0.6284171493078841,2.4156132796344623,-0.47728335617402046,2.2641409023189807,-0.08815550873377519,2.2293098136856995,-0.4876729818870585,2.355513121486444,-0.7013113930865402,2.3450857307489885,-0.4743523794669998,2.1884048948713537,-0.5833742453178288,2.210752697525254,-0.6155185167987695,0.778289236104731,1.0106280101039244,-0.38065082849547166,-0.5216073727087875,-0.9246967800622684,-0.7163710813408738,-0.35809366138346527,-0.421901737499888,1.0517519200352474,-0.19211893718785455,-0.20526692884040365,-0.4182304837015241,2.0257309335323246,2.0026562862317423,2.067163467285341,1.9945342521715537,-0.692801335984502,4,0.016967625039223,1.0,0,0.96750706,0.96750706,0.9675028837315883,4.394863957202233e-07,-4.620097304730564e-08,0,0,0,0.0,0.016967625039223,6.4155175603658074,1.918821050763599
1739577600000,2025-02-15,1739577600000.0,2025-02-15 00:00:00,1739577600000.0,2025-02-15 00:00:00,1739577600000.0,2025-02-15 00:00:00,1739577600000.0,2025-02-15 00:00:00,1739577600000,2.0293118471481586,1.9695614621232884,2.1046051405487662,2.0286135000759673,-0.8291990980910282,2.0293118471481586,2.0121959794213584,2.0274322487300704,2.165421019268858,-0.7603278084664442,-0.6875073648073338,-0.37855952408830534,-0.545725470803141,2.0924104194516904,1.9953860960557013,2.1872036624389426,-0.765212882845174,1.5060079262363169,-0.0053135273335689435,-0.12965401483005093,0.0559932205291117,-0.0635823264535449,-0.002603636280104456,-0.5398048202963844,2.0121959794213584,-0.46030476059446146,1.9129275303437323,2.0956873562976486,-0.9490401261153255,-0.598558008092459,-0.6453812041017095,-1.308049488243263,-0.8503514230009883,-1.3271726715079577,-0.8936562867685784,-0.7760435110585021,-0.6946980206794215,2.0277743825817267,-0.6924111764795707,1.995547305179362,-0.7357239802525792,2.04546714194772,-0.6698937182168031,1.9674340022642138,-0.6847962822877377,2.0316912825545863,-0.7147896340003758,1.9953273597837853,-0.7726196809486551,1.9987965986478502,-0.7917601848564663,2.0017661487202196,-0.587132070705953,2.005138547859902,-0.6961142719318267,2.0098257931970456,-0.6582518862374076,2.0573068363747327,-0.5152861476246929,2.2013158883143014,-0.2721327680007521,2.0558107777669012,-0.5951930354660268,2.1737180339343207,-0.7576255740105716,2.2456844540408114,-0.6543695543662492,2.338878623449551,-0.6337937949027794,2.302638839910693,-0.6294762924906542,2.210015007818435,-0.6762018734835175,2.2437388515269983,-0.4137380952108351,2.2667151243547274,-0.7698058533350478,2.352164423568368,-0.7929537214149464,2.3592736002973447,-0.6465221551844919,2.3260107228098756,-0.3042531391355376,2.318499001340157,-0.6280739480814139,2.4178783266482893,-0.477022196572455,2.266691550370119,-0.08798776127691899,2.231630649277701,-0.48750956790678596,2.3581205936672784,-0.7011802211305791,2.3476559920151914,-0.4740147524462801,2.1905769736160168,-0.5830641617013409,0.17166255542407735,0.7654717639360203,-0.8472126125412198,-0.9176542590776298,-0.4242015757098669,0.22523185415640387,-0.8269246592503339,-0.8518382815042727,1.0554074626946892,-0.1925532198523526,-0.2054247904500966,-0.4182304837015241,2.0293118471481586,1.9695614621232884,2.1046051405487662,2.0286135000759673,-0.8291990980910282,4,0.0017677143378513893,1.0,0,0.96750706,0.96750706,0.967503281411875,3.9768028670117417e-07,-4.180610901904913e-08,0,0,0,0.0,0.0017677143378513893,6.4155175603658074,1.923980692584656
1739664000000,2025-02-16,1739664000000.0,2025-02-16 00:00:00,1739664000000.0,2025-02-16 00:00:00,1739664000000.0,2025-02-16 00:00:00,1739664000000.0,2025-02-16 00:00:00,1739664000000,1.9743094660486817,1.95965891530907,2.0582844632368738,2.0328062628916554,-0.8188880919871391,1.9743094660486817,2.0106007001360333,2.0234247913800463,2.1553162553348404,-0.7951424437030029,-0.7175660219433075,-0.4007328971107895,-0.3328678445920066,2.081079093672245,1.9816245745869512,2.178801890663182,-0.20739958482282567,1.2962181276684186,-0.5822806895755972,-0.17064146531342644,-0.14401940368177568,-0.02820697303735337,-0.16303435043459627,-0.6081998276810692,2.0106007001360333,-0.4148930174326822,1.9129275303437323,2.0956873562976486,-0.8371699993377394,-0.7204223699405139,-0.8068619509663888,-0.969882994054589,-0.9211607835007205,0.08079177858274517,-0.9097814374178769,-0.7824902539391366,-0.6924788698847616,2.031353649192718,-0.8287812060512326,2.029308424481486,-0.6919958300098172,1.9975269820998414,-0.7348634551820831,2.046603939441137,-0.6694440741032452,1.9690014637336,-0.6840645013102478,2.033133055344527,-0.7143648967411836,1.9975004403826726,-0.7724792335385313,2.0010351587346706,-0.7913235761072234,2.003922423653928,-0.5867297455727826,2.0072152153500658,-0.6955575299583389,2.012300424830198,-0.6579805327365987,2.0594019790963887,-0.5150260804718538,2.2033483147875788,-0.27201056928525535,2.057955423929803,-0.5950512121264611,2.176099927199536,-0.7572463639586768,2.2485385441774857,-0.6541236949925086,2.341693929271838,-0.633570419989546,2.3055568434918667,-0.6292009638160686,2.212975925476226,-0.6758067887124458,2.246489999190794,-0.41364667567957036,2.2691093128047766,-0.7697313849366321,2.354591899421379,-0.7927329933976863,2.361739950998835,-0.6462406174293538,2.328968089642528,-0.3039701756799519,2.320790788017106,-0.6277890207735994,2.420399844758718,-0.47680185911501555,2.269002318760115,-0.08786508614612287,2.2342580030740296,-0.48739407360004966,2.360688619937376,-0.7007978974676351,2.3497773741289403,-0.47372363989457705,-0.11560808590077913,-0.09199983764907003,-0.7749695072156112,-0.8563506030263178,-0.44450256663593235,-1.1490480500947096,-0.7436416132213064,-0.7789160495032392,1.054652624705047,-0.19374649560531151,-0.20585854580477406,-0.5923992389848812,1.9743094660486817,1.95965891530907,2.0582844632368738,2.0328062628916554,-0.8188880919871391,4,-0.02710395702699564,1.0,0,0.96750706,0.96750706,0.9675036412628555,3.598509804580985e-07,-3.782930624307568e-08,0,0,0,-0.0,-0.02710395702699564,6.4155175603658074,1.8447292455450768
1739750400000,2025-02-17,1739750400000.0,2025-02-17 00:00:00,1739750400000.0,2025-02-17 00:00:00,1739750400000.0,2025-02-17 00:00:00,1739750400000.0,2025-02-17 00:00:00,1739750400000,1.9583698987201479,1.937389591936452,2.0239034337885413,1.977148709601566,-0.7495232822070236,1.9583698987201479,2.001341455044685,2.0077838106107313,2.1442596601393586,-0.8366873081467411,-0.7503112414083998,-0.438038651281599,-1.24067802108523,2.0704903974663114,1.9711240439455018,2.168202731226251,-0.03443207643963665,0.752578560843057,-0.1998824896233138,-0.4535416193312924,-0.3423516800507922,-0.44358064188872176,-0.20816496385772704,-0.582523702345879,2.001341455044685,-0.3184996060020783,1.9129275303437323,2.0934004684918484,-0.8960563183878756,-1.1095189505294383,-0.8100205907048493,-0.8632208195525495,-1.0119308642251952,1.52062638782945,-0.540949216578332,-0.7872802451694947,-0.6783760798876767,1.9763765658797128,-0.8184722963918294,2.03288539194882,-0.8283366260495028,2.0312717940086276,-0.6911505883461596,1.9987008030675906,-0.7343988128798637,2.0481211268763695,-0.668717289365336,1.9704847553775413,-0.6836463927821724,2.0352910509608764,-0.7142288649286203,1.9997394816400653,-0.7720467441519999,2.0031917252625453,-0.7908767792056658,2.005999608369308,-0.5862024627812336,2.0096905597275723,-0.6952806134318397,2.014413806624026,-0.65769842848487,2.0614917742402614,-0.5148821979306833,2.2054365834009992,-0.2718959138099771,2.0603697544669526,-0.5947031465920912,2.178961429006721,-0.7569864755601422,2.2513641700650937,-0.6538977558817027,2.3446088772125226,-0.6332944648772211,2.308511702096253,-0.6288155348583309,2.2157311995908855,-0.6756992620888783,2.248889324576773,-0.41358673461346307,2.2715561810139304,-0.7695133268271432,2.35705927002539,-0.7924288484465751,2.364695472935955,-0.6458941041572666,2.331256993737232,-0.30373633380896203,2.3233307021313463,-0.6275482937389073,2.4226692182701783,-0.47663955319931833,2.2716236748624214,-0.08777889694936163,2.236847267189842,-0.4870538767010806,2.362805853192251,-0.7004674438617327,-0.6654469805438684,0.09440760967041097,-1.1573338095476162,-1.1805632640036268,-0.4976284167083123,-1.0029292244675954,-0.8156813431638348,-0.828710002595398,0.6967144931515328,-0.18622809716511818,-0.20175914084065683,-0.3311461060598455,1.9583698987201479,1.937389591936452,2.0239034337885413,1.977148709601566,-0.7495232822070236,4,-0.008073489796123434,1.0,0,0.96750706,0.96750706,0.9675039668830394,3.256201839274553e-07,-3.4230796530643204e-08,0,0,0,-0.0,-0.008073489796123434,6.4155175603658074,1.8217623530084346
1739836800000,2025-02-18,1739836800000.0,2025-02-18 00:00:00,1739836800000.0,2025-02-18 00:00:00,1739836800000.0,2025-02-18 00:00:00,1739836800000.0,2025-02-18 00:00:00,1739836800000,1.9513619293205324,1.9234793384353348,1.9513335213550782,1.9616771871800798,-0.6839218026354794,1.9513619293205324,2.000028656063675,2.0017481221003344,2.1370632506878113,-0.8710379505457326,-0.7836994485902801,-0.4469672145378327,-0.6909972624475267,2.0548071395509506,1.9380608704092388,2.1729013265171115,0.8654015771883159,0.6238054747749333,-0.11093468009310509,-0.5135432817874093,-0.13684903947736973,-0.26761989830651056,-0.2274180774901134,-0.7677493114143744,2.000028656063675,-0.2715822028517864,1.9129275303437323,2.0861879946456052,-1.016252247008111,-1.4399319222937759,-0.8936327614530885,-0.3196167723770348,-1.0322461445390425,0.5209785717608445,-0.18691485102240057,-0.7868331609811607,-0.6650122785678876,1.9604443297932572,-0.7491215899369875,1.9779436231921532,-0.8180299263026524,2.0348470337188065,-0.8274437319733141,2.0324195543586914,-0.6906960371087093,2.0002484096745436,-0.7336508892000557,2.049552018341073,-0.6683024918902154,1.9726677485107205,-0.6835126893715247,2.037516063275812,-0.7138088206954645,2.0018965650175407,-0.771604145636679,2.0052692207485117,-0.7902945160178372,2.0084752846338767,-0.5859418533060914,2.0118049991822162,-0.6949927487182245,2.0165217882279958,-0.6575418091487203,2.0636342495613134,-0.5147471258049465,2.2078095889673772,-0.27160975542834054,2.063243583064982,-0.594465423760661,2.181795003087193,-0.7567475624312127,2.2542861853374414,-0.6536186905070946,2.3475612592226898,-0.632908194955289,2.3112541613152398,-0.6287108963800551,2.218138337338052,-0.6756286321924841,2.251340913906751,-0.4134096230026381,2.274041640842521,-0.7692127721129735,2.3600150336516776,-0.7920551697493031,2.3669745397728392,-0.6456063680254428,2.333794924730229,-0.30353943138442413,2.325626217142747,-0.6273706226408301,2.425265912722166,-0.4765248559684607,2.274206532149758,-0.08751744460153371,2.239003924596039,-0.48676050219603,-0.13003391872890943,0.22734232595290077,-0.9333107430793322,-0.9905815457127994,-1.037233709258141,-1.0329790139935031,-1.187001800869215,-1.1682833496591996,1.0526520517223903,-0.18723626193548362,-0.20349207794729238,-0.4182304837015241,1.9513619293205324,1.9234793384353348,1.9513335213550782,1.9616771871800798,-0.6839218026354794,4,-0.003578470749675766,1.0,0,0.96750706,0.96750706,0.9675042615286288,2.9464558937153384e-07,-3.097459455592144e-08,0,0,0,-0.0,-0.003578470749675766,6.4155175603658074,1.8116647589656578
1739923200000,2025-02-19,1739923200000.0,2025-02-19 00:00:00,1739923200000.0,2025-02-19 00:00:00,1739923200000.0,2025-02-19 00:00:00,1739923200000.0,2025-02-19 00:00:00,1739923200000,1.9915160036367405,1.927292295582708,2.0160744180326406,1.956403244662717,-0.747170304555737,1.9915160036367405,1.9931399842776025,2.0017557976741114,2.1299468356703066,-0.8360293389482257,-0.8030802229944701,-0.2524592226312649,-0.09802540536596764,2.0391641506273444,1.8814686073085627,2.2050949359778445,-0.0762589898601374,0.5561019459775318,0.36307761748775946,0.03033538651803658,-0.2801064499441599,-0.23831491027861615,-0.10030639287889181,-0.7604520824515572,1.9931399842776025,-0.421628822146922,1.9027035443883606,2.0861879946456052,-1.236633905809001,-1.436664662542058,-0.8905791303361131,-0.8945060026217827,-1.2073223502351391,-0.7191508563674522,-0.817111507307966,-0.7982049503459849,-0.6781302125011099,1.9534395836379803,-0.6835334485265046,1.9620216211853356,-0.7486940865021707,1.9799318030939403,-0.8171406345166251,2.035992032964275,-0.8269577176212374,2.0339457490798396,-0.6899623361084969,2.0017110067717327,-0.7332220827578104,2.0517034625696904,-0.6681699515169433,1.974916008365008,-0.6830992076293031,2.0396580774580273,-0.7133789060743057,2.003974611343244,-0.7710270729089425,2.007745096424737,-0.7900034722914107,2.0105902165847978,-0.5856708743940265,2.0139140353960947,-0.6948328000045372,2.018681447634283,-0.6573947445501163,2.0660469888626465,-0.5144144441970137,2.210667713277068,-0.2714160919453031,2.066090376258593,-0.5942470093102613,2.1847224613982568,-0.7564527601260082,2.2572442954143757,-0.6532282451994046,2.350298480445835,-0.6328033049366516,2.313637037391328,-0.6286421830862536,2.2205971066487775,-0.6754213932213315,2.25383077760531,-0.4131641292286659,2.2770016911232074,-0.7688434075426345,2.362295389211208,-0.7917443956200281,2.3695057030578246,-0.6453632313878415,2.336087621642417,-0.3033947856462848,2.328238485804713,-0.6272448726098759,2.4278224260574888,-0.4761868008591774,2.2763512964581945,-0.08729337941146073,2.7873659956995427,2.7921188984346497,0.5765754296950362,0.2896498062105975,-1.1602299590483582,-0.1408286868340344,-1.080611846216469,-1.0680941859763728,1.0558186666280651,-0.19331419605814673,-0.20303004330171795,2.542638356115547,1.9915160036367405,1.927292295582708,2.0160744180326406,1.956403244662717,-0.747170304555737,4,0.02057746116333714,1.0,0,0.96750706,0.96750706,0.9675045281460795,2.666174506726904e-07,-2.8028138698843463e-08,0,0,0,0.0,0.02057746116333714,6.4155175603658074,1.8695216813475972
1740009600000,2025-02-20,1740009600000.0,2025-02-20 00:00:00,1740009600000.0,2025-02-20 00:00:00,1740009600000.0,2025-02-20 00:00:00,1740009600000.0,2025-02-20 00:00:00,1740009600000,2.058268638024462,1.9993838745850732,2.0719735689457686,1.9954968804169613,-0.6795419978569982,2.058268638024462,2.002575064524635,2.006672398026431,2.1199416065735535,-0.7113606577112284,-0.7924828242267258,0.16381936012140935,0.3208549935671162,2.0313042537264856,1.8469808347455137,2.228321358542843,0.22233514296400217,0.4980179936249916,0.6233525086400156,0.5110815246368136,0.14448818358563154,0.0371034863126127,-0.013010392461162116,-0.47205689159797226,2.002575064524635,-0.16119259604863115,1.9305360978684543,2.0861879946456052,-1.1483310600946344,-1.341528693662977,-1.0311700564979351,-0.7315934352324147,-1.2494032076737727,0.5302340921280059,0.45385026809427487,-0.7896348946793534,-0.6652379961065312,1.9935751894955922,-0.7467690906955644,1.9550213745321754,-0.6831200051680493,1.96401749177851,-0.7478290282554605,1.9811192125574386,-0.816656998622684,2.037515959110787,-0.8261796714692834,2.0353860287586456,-0.6895429551640763,2.003881540209355,-0.7330846216077995,2.0539223821336874,-0.6677597477406875,1.9770829939027532,-0.6826759813901946,2.0417200635767774,-0.7128175144303823,2.0064508404759063,-0.7707389023478151,2.009860324288063,-0.7897009789923318,2.0126997438743084,-0.585520685176972,2.0160746912858345,-0.6946826005929877,2.0211067829392846,-0.6570347358088616,2.068920212760282,-0.5141876701129351,2.2134976653668645,-0.27123842350490546,2.069026887211665,-0.5939770710277724,2.1876849830537983,-0.7560411887042147,2.259993631496578,-0.6531221062833101,2.3526714397394963,-0.6327344247181076,2.3160735089194655,-0.6284403462194813,2.223093667846251,-0.675135387050953,2.256791871483443,-0.41286092739046476,2.279304903762591,-0.7685362920656578,2.36482743909475,-0.7914814953996956,2.371788782770517,-0.6451837444606421,2.3386982113774284,-0.30329279209881943,2.3308116357493067,-0.6268771179777719,2.4299182876681376,-0.4758953115128306,0.6520428276190343,1.127351445939492,-0.30544104100210295,-0.45864023369569923,-0.2716511832413154,-0.30297142890090695,-0.4097587114461571,-0.422129444132826,1.0589757429809603,-0.19273812050431982,-0.20384256093878483,0.3655289150735829,2.058268638024462,1.9993838745850732,2.0719735689457686,1.9954968804169613,-0.6795419978569982,4,0.033518502621030066,1.0,0,0.96750706,0.96750706,0.9675047694015659,2.4125548647724315e-07,-2.536196419544723e-08,0,0,0,0.0,0.033518502621030066,6.4155175603658074,1.9657037513449493
1740096000000,2025-02-21,1740096000000.0,2025-02-21 00:00:00,1740096000000.0,2025-02-21 00:00:00,1740096000000.0,2025-02-21 00:00:00,1740096000000.0,2025-02-21 00:00:00,1740096000000,1.972842803344137,2.028733464407834,2.0052985651490904,2.0612566438659883,-0.5520269148727255,1.972842803344137,1.9950527051686058,2.005630964448419,2.1103450897033964,-0.7222182417299615,-0.7862781694665681,0.10282147211182953,-0.17376217047109563,2.02268681459755,1.8243123316003766,2.236146563382223,1.7298039916508412,0.5100199569939172,-0.875556540786544,0.055820778888870506,-0.2971935423170228,-0.09556383736779403,-0.08085489686086576,-0.5073938742996897,1.9950527051686058,-0.18854251551642504,1.9305360978684543,2.0861879946456052,-0.9058354176441712,-1.1873608684212789,-1.0375996094945563,0.1910615635337737,-1.066355963887651,0.7141531486175989,1.0423452303788383,-0.7684713377280884,-0.6386180896504282,2.0602971216872015,-0.6791545342544866,1.9951311992637466,-0.7463420915640904,1.957020626404703,-0.6822778656900851,1.9652171916285732,-0.7473613928656878,1.9826779837239874,-0.8158823047480931,2.0389538742744007,-0.8257309025935341,2.0375431254082095,-0.6894088048056486,2.0061182126221873,-0.7326605488544904,2.0560578517845647,-0.6673398623501908,1.979171593595141,-0.6821228585853331,2.0441859873825945,-0.7125380240912518,2.0085665928428935,-0.7704393841849518,2.011970146636394,-0.7895325753865182,2.0148608637732877,-0.585379674929475,2.0185007570172195,-0.694315448583431,2.023984793561988,-0.6567885129917299,2.07176635747993,-0.5139793810453513,2.2164226432857417,-0.2710179083945879,2.0719967460264503,-0.5935988784264384,2.1904436496230972,-0.755928730767146,2.262389527124105,-0.6530523972837103,2.3550987972104105,-0.6325321173600156,2.3185492707053625,-0.6281616042830649,2.226056348849529,-0.6747835044088631,2.259100648739878,-0.4126099220919218,2.2818526785610724,-0.7682765304895385,2.3671117787015117,-0.7912871150272137,2.3743936429075827,-0.6450566882300084,2.3412695678665734,-0.3029888725327029,2.332938380162769,-0.6265594877295846,1.478840278878078,1.4528164019818126,0.0996926386758716,-0.1149761349270352,1.2987571114042915,0.8726970894033864,0.655046232908546,0.5048174753746687,1.0572378186645177,-0.1933014560316421,-0.20480702583626087,0.53969767035694,1.972842803344137,2.028733464407834,2.0052985651490904,2.0612566438659883,-0.5520269148727255,0,-0.041503734304729756,1.0,-1,0.96750706,0.96750706,0.9675049877076431,2.1830607721540218e-07,-2.294940926184097e-08,0,-1,-1,0.04090373430472975,-0.041503734304729756,6.718839920387069,1.8426159708225884
1740182400000,2025-02-22,1740182400000.0,2025-02-22 00:00:00,1740182400000.0,2025-02-22 00:00:00,1740182400000.0,2025-02-22 00:00:00,1740182400000.0,2025-02-22 00:00:00,1740182400000,1.9895250982596409,1.9309201688695823,2.046220890065896,1.9755665563821414,-0.7805185152168755,1.9895250982596409,1.989393775240802,2.005821877021628,2.100949003991741,-0.7020182907330729,-0.7770851598011727,0.14431793480752725,-0.08544016504513811,2.0206430040183876,1.8221805941129048,2.2342229792302173,-0.4848109281472854,0.5097268029857823,0.12614529012846132,-0.08064891410241914,-0.24876050302676236,0.04925567065635753,-0.2711356551021336,-0.2503478235215767,1.989393775240802,-0.2892856923352948,1.9305360978684543,2.0861879946456052,-0.8907293280215098,-1.1818119570329324,-1.0351441997042883,-1.1378492174044808,-1.0292702329905088,-1.272154976278554,1.4593532419393012,-0.761152861260976,-0.684816844232588,1.9749105777517806,-0.5516653777695197,2.0618102725895993,-0.6787420296003108,1.9971110771729068,-0.7454778553621119,1.9582257298301067,-0.6818253627104014,1.9667860608041872,-0.7466092506295382,1.9841522175424733,-0.8154357574567351,2.0411095473054726,-0.8255864294577311,2.039767301689475,-0.6889940633621985,2.008272751504144,-0.7322265284323252,2.0581128629769245,-0.6667908698326384,1.9816545944894202,-0.6818479454399455,2.0462864473935767,-0.7122474942183524,2.0106769381819136,-0.770272700120363,2.014131545331572,-0.7893744151759935,2.0172872696253137,-0.585033462180232,2.021379045216079,-0.6940641418990416,2.0268360715122586,-0.656562237769098,2.0747024243485477,-0.5137217244203349,2.2193831545853633,-0.27070606415567694,2.0747709306847884,-0.5934964044109535,2.1928572101005535,-0.7558548284009531,2.2648379643213192,-0.6528477539370369,2.3575660573873893,-0.632252742751814,2.3215070228136105,-0.6278184505432441,2.2283735888936773,-0.674491214711925,2.2616522518108404,-0.41239829569577524,2.284159363937446,-0.7680845153372945,2.369717389440296,-0.7911493453361483,2.3769588789525815,-0.644685423762673,2.3433929830601175,-0.30272742858097695,3.504778256504523,3.3336460946880733,1.4315630339624075,1.0181525544513415,3.911296312669641,0.21851422587724575,1.3215325597838363,1.472101598515009,1.046026511422633,-0.1789302253786822,-0.19239427571996698,-0.15697735077648842,1.9895250982596409,1.9309201688695823,2.046220890065896,1.9755665563821414,-0.7805185152168755,1,0.008455967645889517,1.0,0,0.96750706,0.96750706,0.9675051852473717,1.975397285747249e-07,-2.076634864067728e-08,0,0,0,-0.0006,0.008455967645889517,6.714208616434836,1.866653039501553
1740268800000,2025-02-23,1740268800000.0,2025-02-23 00:00:00,1740268800000.0,2025-02-23 00:00:00,1740268800000.0,2025-02-23 00:00:00,1740268800000.0,2025-02-23 00:00:00,1740268800000,1.9784549035219066,1.9198351943156808,2.025544561959786,1.9929809167092067,-0.785740763496004,1.9784549035219066,1.9899833871300976,2.0053215780112135,2.090012228348594,-0.6949829924268661,-0.7682577639594944,0.13924100088300592,-0.13316196584328863,2.0107268661004114,1.775312993385351,2.2674366470392617,-0.34350575495465485,0.44630112703730734,-0.15078114539622597,-0.5207407178282091,-0.08674278994066374,0.031444223044643616,-0.15994747288789735,-0.5555106054626597,1.9899833871300976,-0.29399107947684006,1.9305360978684543,2.0861879946456052,-0.9861784001809113,-1.179409892891463,-1.0499513789989507,-1.051990606564327,-1.0471610436639376,-0.3164793462963345,0.7238989952173265,-0.7561696024504325,-0.6858121761715155,1.9915851998151972,-0.7801105209638245,1.9764785767424118,-0.5512802028618026,2.0637579429802115,-0.67790142026669,1.9982852193378617,-0.7450107627378831,1.9597990386832265,-0.6810945485922586,1.9682708196878254,-0.7461776485120231,1.9863297571738707,-0.8152920646725954,2.043332399630157,-0.8251425937533251,2.0419084178457245,-0.6885695532564653,2.0103480859979337,-0.7316600607913238,2.0605743111930814,-0.6665182429967421,1.9837803956584474,-0.6815621552090274,2.048381544488626,-0.7120860051209894,2.0128388310423397,-0.770116158963259,2.016558155542333,-0.7889891229698855,2.0201656870765965,-0.5847970579768085,2.024230620835926,-0.6938331651246692,2.0297756536922806,-0.6562827647051811,2.0776719232332317,-0.5133600193859728,2.222137569252646,-0.2706234355642825,2.07721387062671,-0.5934291274766761,2.19532188224638,-0.7556383657005294,2.267324887704785,-0.6525652381145243,2.360521794845473,-0.6319088287762668,2.3237979812551828,-0.6275335635071094,2.230931014082679,-0.6742441717121906,2.263964377324423,-0.41224255426367806,2.286778287520132,-0.7679484470452641,2.37228342728953,-0.7907492931715956,2.379070932668157,-0.6443647042305664,0.33311203806829337,1.0294507636113408,-0.8112982819003183,-0.8872483674072676,-0.07920576384369997,-0.34330980196537425,-0.5371429582959117,-0.5931320449366138,1.0564553496413402,-0.19374102700902884,-0.20585655797177377,-0.4182304837015241,1.9784549035219066,1.9198351943156808,2.025544561959786,1.9929809167092067,-0.785740763496004,0,-0.005564239801457149,1.0,-1,0.96750706,0.96750706,0.9675053639961491,1.7874877733525807e-07,-1.8790951239466835e-08,0,-1,-1,0.004964239801457149,-0.005564239801457149,6.752503797885285,1.8507022945621903
1740355200000,2025-02-24,1740355200000.0,2025-02-24 00:00:00,1740355200000.0,2025-02-24 00:00:00,1740355200000.0,2025-02-24 00:00:00,1740355200000.0,2025-02-24 00:00:00,1740355200000,1.7964321212582726,1.912735668979531,1.8730876778290448,1.9826073174078624,-0.5961342027246049,1.7964321212582726,1.9669507302550973,1.9892570156500045,2.0732748723466177,-0.9279048111656762,-0.8099629435030291,-0.5624571560911724,-0.9778118576861339,1.9988733051061236,1.8058584968099696,2.2062972004908823,1.9043586374587598,0.5589048531371922,-1.857408874775922,-1.0899321149283878,-0.709920946663028,-0.947686704398087,-0.8145494747701492,-0.6487149644295991,1.9669507302550973,0.9028451152541906,1.9305360978684543,1.9267370717129457,-0.1847800237532116,-0.7164500164424593,-0.8319730521977247,0.3883433415053681,-0.7744518908009116,2.8224235313301085,1.7631790622547858,-0.7331095998328355,-0.644728001982456,1.9805200967010812,-0.785331707450001,1.9931424878541955,-0.779676374457147,1.9784674642951656,-0.5504841426560005,2.064880614759306,-0.6774499275843723,1.9998330898463839,-0.7442593854933974,1.9612884250032938,-0.6806770808105781,1.9704546962112115,-0.7460392053557218,1.988572945304509,-0.8148504283525317,2.0454720936578106,-0.8246884312587821,2.0439694468806606,-0.6880148432087674,2.0128225750338276,-0.7313777606475896,2.0626681297543126,-0.6662348202182533,1.9859007608129278,-0.6814034054853222,2.0505290295356193,-0.7119343553438287,2.015265803478218,-0.7697345560787093,2.0194366506538888,-0.7887249058994671,2.0230174013053017,-0.584579862991333,2.0271704068644274,-0.6935479892790287,2.0327480017340984,-0.655891772093123,2.08044534663954,-0.5132624769580483,2.2245430798597954,-0.2705693282552909,2.07970554408292,-0.5932313391091109,2.197823949619018,-0.7553399563400772,2.270285284808185,-0.6522175495699214,2.3628020108722403,-0.6316232970121881,2.326337325570878,-0.627292871020241,2.233251413072389,-0.6740617410277043,2.2665865419544633,-0.4121325791326417,2.2893585463528106,-0.7675529666398154,2.3743969694070786,-0.7904032353075664,0.9102331192324485,2.419156904212111,-0.4976086746661881,-0.6215401597612209,-0.0034686963545770932,-0.486340183497411,-0.08914180891951624,-0.1544076891545479,1.0593294079024078,-0.1937282869825242,-0.20540850551051731,4.3706543726740295,1.7964321212582726,1.912735668979531,1.8730876778290448,1.9826073174078624,-0.5961342027246049,1,-0.09200249241951874,0.0,0,0.96750706,0.96750706,0.9675055257414629,1.6174531380919177e-07,-1.7003463526066298e-08,0,0,0,-0.0006,-0.09200249241951874,6.747852295606553,1.5884305783164279
1740441600000,2025-02-25,1740441600000.0,2025-02-25 00:00:00,1740441600000.0,2025-02-25 00:00:00,1740441600000.0,2025-02-25 00:00:00,1740441600000.0,2025-02-25 00:00:00,1740441600000,1.6774415984360025,1.764615210601527,1.6515899824939844,1.8016133574621138,-0.27754623744538104,1.6774415984360025,1.9279906241499285,1.969222067076885,2.055383000965385,-1.2615303123304524,-0.91317862360534,-1.4165953936068236,-1.1145260264156405,1.9833814972096344,1.853370538822898,2.1175494279586586,2.943529854880468,0.7369022737028581,-1.288623156364931,-1.866981665991772,-1.132074403505296,-1.7360776534554205,-1.1855235166742684,-0.8040477294684463,1.9279906241499285,2.3481038554138878,1.9305360978684543,1.804274203388561,-0.016421291090112495,-0.5865915528702519,-0.77417171580575,1.1319433282161069,-0.4581646898092193,1.4335488371491842,3.2434793631824257,-0.6720164527285449,-0.572904909414075,1.7985810339671593,-0.5957636976817554,1.9820844924144734,-0.7848964416818365,1.9951233263564834,-0.7788004876044021,1.979656004645797,-0.5500620641049015,2.0663861962462216,-0.6767205374126675,2.001295962005834,-0.7438282903427456,1.9634750875963534,-0.6805436024679119,1.9727037776130445,-0.7456123648640185,1.9907344830478675,-0.8143985074340769,2.047531607039179,-0.824097061996789,2.0464347565560654,-0.6877390514493538,2.014935745223688,-0.7310843212478911,2.064756604557408,-0.6660774388124181,1.9880721212311954,-0.6812543349963038,2.052945440986239,-0.7115638984000131,2.0181444362423253,-0.7694729647001002,2.0222884481646055,-0.7884819896221862,2.0259572822551766,-0.5843114038677827,2.030142920125278,-0.6931493409416906,2.035527451106674,-0.6557854694731045,2.0828868453487885,-0.5131984726754379,2.227000353741199,-0.2704086595758228,2.082232798326295,-0.5929580412077161,2.2007879354361037,-0.7549731696854594,2.272590346757942,-0.6519288167327253,2.365333964761856,-0.6313820514332341,2.328632030874432,-0.6271152259567209,2.235878506756032,-0.6739325672328259,2.2691702629234896,-0.41180721258283426,2.291498487108471,-0.7672109327429961,4.0635617333115475,2.8204922244741475,3.2997921780131727,3.3554586077940396,-0.7823762176597299,-0.3285618634573285,-0.19282091930286555,0.19330994351020364,0.7145910949195978,-0.19151148230773907,-0.1798608903537382,4.3706543726740295,1.6774415984360025,1.764615210601527,1.6515899824939844,1.8016133574621138,-0.27754623744538104,2,-0.06623713827769107,0.0,1,0.96750706,0.96750706,0.9675056721007663,1.4635930345452408e-07,-1.538601035466769e-08,0,1,1,-0.06683713827769107,-0.06623713827769107,6.230008020369972,1.416980344178279
1740528000000,2025-02-26,1740528000000.0,2025-02-26 00:00:00,1740528000000.0,2025-02-26 00:00:00,1740528000000.0,2025-02-26 00:00:00,1740528000000.0,2025-02-26 00:00:00,1740528000000,1.5120047256426166,1.6453757670295421,1.5008158042738204,1.68079591433375,-0.36955161704689476,1.5120047256426166,1.8597890043251066,1.9318661791034326,2.0327454265236655,-1.7326229394325379,-1.0943843468257681,-2.4995694771785453,-1.8008467901911156,1.9598561399876613,1.917699634484644,1.9918905146022958,3.3533760077610757,0.9271466849822028,-1.8353848408474556,-2.7641323096405594,-1.88585763310653,-2.1274065459036358,-1.5408560813685754,-1.1349687960567012,1.8597890043251066,3.1642341614856786,1.9305360978684543,1.6340096017349028,0.10333716157576513,-0.45197878475825237,-0.6021087476568416,1.548204332398663,0.07408885889427176,-0.46279724978505515,3.432918316265759,-0.6152465187033164,-0.5874807570504865,1.6796452396271535,-0.27724050803900824,1.8002622983264294,-0.5953690694531781,1.984070672181651,-0.7840187303656583,1.9962990036319088,-0.7783257024890474,1.9812157049701442,-0.5493741311801262,2.067804990934084,-0.6763040132931121,2.0034666610519163,-0.7436900252631523,1.9657267600261201,-0.6801307550691764,1.9748716456164792,-0.7451755236087308,1.9928172766767076,-0.8138099094300321,2.0499959441676268,-0.8238009776273679,2.0485343052421534,-0.6874523514217005,2.017043515834079,-0.7309211505296165,2.0668978323103055,-0.6659296566785126,1.9905060334250926,-0.6808897554517308,2.055820060371642,-0.7113102395924282,2.0209963813701046,-0.7692324766581116,2.02522838614722,-0.7881823316687798,2.0289298724497256,-0.5839351969700978,2.032922718936045,-0.6930407484216751,2.0379803584153553,-0.6557156518379154,2.08537719423454,-0.5130099085497549,2.2294955199995194,-0.270185276685312,2.0852027527469414,-0.592621429169319,2.2031121329418544,-0.7546682404439422,2.275139393820794,-0.6516848250525306,2.3676181679571857,-0.6312039895704511,2.331243817140206,-0.6269894946534817,2.238467493015495,-0.6735556127460324,2.2713166304980055,-0.41152689144244686,2.420186339110258,3.3336460946880733,0.5707763077076068,0.28991946971056537,0.515477523352239,0.7969452989204303,-0.10293157628249083,-0.08673924152175738,1.0341484901109792,-0.187662461894487,-0.19922390923809877,-0.06989297313480985,1.5120047256426166,1.6453757670295421,1.5008158042738204,1.68079591433375,-0.36955161704689476,2,-0.0986245201905297,0.0,1,0.96750706,0.96750706,0.9675058045376524,1.3243688612440963e-07,-1.3922417330114456e-08,0,1,1,-0.0986245201905297,-0.0986245201905297,5.516951948387303,1.1786068174237547
1740614400000,2025-02-27,1740614400000.0,2025-02-27 00:00:00,1740614400000.0,2025-02-27 00:00:00,1740614400000.0,2025-02-27 00:00:00,1740614400000.0,2025-02-27 00:00:00,1740614400000,1.5286722137454831,1.5548651398038253,1.521339859862648,1.5050151639567415,-0.5491829492426651,1.5286722137454831,1.7844636978164594,1.8990871359279327,2.0116669962389997,-2.0615112991969435,-1.308208641387873,-2.952512776013123,-1.6495105691138905,1.9372134919785278,1.9490449511777879,1.9065564722026798,1.5728623537949606,1.0247615419743423,0.1492796062145434,-1.694794271062236,-2.0379497202387515,-2.118464772494646,-1.446175298894325,-1.0989582045750783,1.7844636978164594,3.1642341614856786,1.864461502272259,1.6340096017349028,-0.11485686921617684,-0.41570089922096176,-0.5913637778827391,0.32265384696788685,0.3038037166559161,-0.7580604550573091,0.8714661243738667,-0.5956487741153874,-0.6291779325955325,1.5142844578428987,-0.3692271810110429,1.6814029024520534,-0.2769141613667146,1.8023363023748455,-0.5945575997667227,1.9852548852579466,-0.7835427406249953,1.9978481354156041,-0.7775634831937887,1.98269090724155,-0.5489850811513787,2.069949151980399,-0.6761708664203246,2.0057034874796154,-0.7432636866722485,1.9678974111834506,-0.679708175342441,1.976961185809097,-0.7446055685749738,1.9952965520036439,-0.813515359083035,2.0520940496647193,-0.8234932647888747,2.050628493641098,-0.6872930758622422,2.019202975876025,-0.7307679174033331,2.0693096571391583,-0.6655680128964232,1.993387303431499,-0.6806402795918254,2.0586677015968218,-0.7110770875785493,2.023936420443042,-0.768935764050542,2.0282010225667593,-0.7877642417599583,2.0317098339752366,-0.5838333168973961,2.0353762878150343,-0.6929694111855562,2.0404811924185156,-0.6555107022927662,2.0879032129162156,-0.5127490145277447,2.2324578704401454,-0.2699086438896034,2.0875587757360434,-0.5923420899094366,2.2056743446343203,-0.7544103543713455,2.2774478871386807,-0.6515046937821344,2.3702236974267135,-0.6310779584465641,2.33381645178181,-0.626621790343847,2.240623634632526,-0.6732298849772271,2.241545742268942,3.3336460946880733,0.3646512931037819,0.11630091458230393,0.9145360662336781,2.4963388106846915,-0.01385973066544266,-0.04243996130757405,1.0257176402348211,-0.18725351906258073,-0.19995805674116543,-0.15697735077648842,1.5286722137454831,1.5548651398038253,1.521339859862648,1.5050151639567415,-0.5491829492426651,2,0.011023436514580043,0.0,1,0.96750706,0.96750706,0.9675059243764902,1.1983883774213666e-07,-1.2598048382272964e-08,0,1,1,0.011023436514580043,0.011023436514580043,5.588791154458919,1.2026225513658568
1740700800000,2025-02-28,1740700800000.0,2025-02-28 00:00:00,1740700800000.0,2025-02-28 00:00:00,1740700800000.0,2025-02-28 00:00:00,1740700800000.0,2025-02-28 00:00:00,1740700800000,1.5172770032345337,1.4743243308961616,1.347191801462882,1.5283770560534442,-0.14124555663517535,1.5172770032345337,1.7196678798030893,1.8631103182288575,1.9870671784393161,-2.3129218865198933,-1.5319061869763617,-3.0583186133106035,-1.8486865576903202,1.9140448065765638,1.9687449572547515,1.8336534151569215,2.9702137437480984,1.2679709603790135,-0.1697837780628746,-1.0749774837883037,-1.8052070523126904,-2.1258684173337623,-1.462243884945722,-1.1207905092272061,1.7196678798030893,3.1642341614856786,1.864461502272259,1.6340096017349028,-0.04411079096801681,-0.46844976456102,-0.6775600107023614,1.2819593142212926,0.5415045159491026,1.59568720811303,1.8630962051069797,-0.533893274778789,-0.5352369747782294,1.5309442799039208,-0.5488219903775094,1.516148340246805,-0.36888111523071526,1.6835343183090963,-0.27621399471716,1.8036608662091955,-0.5941253469090066,1.9868110302136126,-0.782778823491086,1.999312322190964,-0.7771252029184713,1.984869029955471,-0.5488615848021287,2.072161298228937,-0.6757589532538024,2.007858191796714,-0.7428273569459412,1.9699899175615065,-0.6791558518200854,1.9794447901926269,-0.7443213379943083,1.9974168247015238,-0.8132092347106388,2.0541867990376637,-0.8233218444428023,2.0527751200761775,-0.6871435102666441,2.0216281650461614,-0.7303938524970023,2.0721825335195607,-0.6653206264199953,1.9962420767085318,-0.6804109959608028,2.0616047932943142,-0.710789273260169,2.0269091387962095,-0.7685216281346442,2.030981081858108,-0.7876498340816332,2.0341637109122614,-0.583766434109591,2.037877729836943,-0.6927601785183499,2.043016991636509,-0.6552277747237916,2.090872874542333,-0.5124273073301701,2.2347733478749863,-0.26968017081829626,2.090142882308425,-0.592106156687568,2.208001545448019,-0.7542197525614834,2.2800678878309757,-0.6513771740492545,2.372789648462884,-0.6307094485012454,2.335942239630124,-0.6263042043884501,-0.1680692507492441,3.3336460946880733,-0.7765960148233941,-0.8567002969146172,-0.3054868740253938,-0.2804413505884714,-0.10423991260015869,-0.018287169363394112,1.0351872077391522,-0.18931760367121583,-0.20022389845883537,0.017191404506868704,1.5172770032345337,1.4743243308961616,1.347191801462882,1.5283770560534442,-0.14124555663517535,2,-0.00745431911987815,0.0,1,0.96750706,0.96750706,0.9675060328156678,1.0843917763736499e-07,-1.139966010477167e-08,0,1,1,-0.00745431911987815,-0.00745431911987815,5.539676202579352,1.1862034999673354
1740787200000,2025-03-01,1740787200000.0,2025-03-01 00:00:00,1740787200000.0,2025-03-01 00:00:00,1740787200000.0,2025-03-01 00:00:00,1740787200000.0,2025-03-01 00:00:00,1740787200000,1.5799081576381322,1.537038630315381,1.5673580402922669,1.5144029080764756,-0.6964533861868402,1.5799081576381322,1.661407438098906,1.8313117350193124,1.9632294098568548,-2.40135953432779,-1.729380510599617,-2.725476168697646,-1.5386610478588505,1.894030703095136,1.9717928934233973,1.7869495151724717,0.5716943588887493,1.392051500766208,0.6718012791957466,0.3786211942879098,-1.626677125867583,-1.0939472814864128,-1.3791305652650547,-0.9912365962735342,1.661407438098906,3.1642341614856786,1.8538211040185566,1.6340096017349028,0.17896637932797557,-0.3499554258089439,-0.6411009766328643,-0.37630829560613593,0.7074402195398868,-1.3480170402749763,1.218048606564247,-0.5212552036591077,-0.6635111152052114,1.5195543105042932,-0.1409675400249967,1.532797460862983,-0.5484374250044275,1.518359577839692,-0.36814880525097593,1.684950631153497,-0.2758552311126059,1.8053323259452103,-0.5934230739808288,1.9882825267558228,-0.7823394180428082,2.0014838127360925,-0.7769844139986829,1.987112760349327,-0.5484768711808398,2.07428949231977,-0.6753373256810629,2.009933702605335,-0.7422580343148761,1.9724754252524173,-0.6788813811153906,1.9815714868958385,-0.7440258996449406,1.9995316773321776,-0.8130387324512489,2.0563320657608855,-0.8231608437864856,2.055190902160807,-0.6867778025274388,2.024506120134789,-0.7301376259008756,2.0750283055656,-0.6650932750472376,1.99918405253944,-0.6801278738258272,2.0645751228019966,-0.7103870828930929,2.02968937137715,-0.768408403133081,2.0334351438893115,-0.7875746378473107,2.036665436056099,-0.583569756676756,2.040414096215915,-0.6924714914159562,2.0459889709838115,-0.6548795914133752,2.093227336307387,-0.5121606083173127,2.237329560447083,-0.2694878741203159,2.092501196673081,-0.5919320981120761,2.2106326914253436,-0.7540847009440638,2.2826492972486094,-0.651004664124169,2.3749030294279607,-0.6303911534420872,0.5848875452648222,1.685421958626821,-0.5744159130884191,-0.6861034930195836,-0.10957329094139286,0.09261424607207351,-0.46677513781521396,-0.5155949601689357,1.0527615296926793,-0.15730166667143325,-0.18598701848683796,-0.3311461060598455,1.5799081576381322,1.537038630315381,1.5673580402922669,1.5144029080764756,-0.6964533861868402,2,0.04127865529503261,0.0,1,0.96750706,0.96750706,0.9675061309395772,9.812390933117143e-08,-1.0315268306193559e-08,0,1,1,0.04127865529503261,0.04127865529503261,5.809625242286752,1.2764470406472808
1740873600000,2025-03-02,1740873600000.0,2025-03-02 00:00:00,1740873600000.0,2025-03-02 00:00:00,1740873600000.0,2025-03-02 00:00:00,1740873600000.0,2025-03-02 00:00:00,1740873600000,1.900768477520836,1.8583698564295024,1.6166442945756891,1.5904237996009911,-0.3836474833436305,1.900768477520836,1.650357979337815,1.8261081746178298,1.9528653467295962,-2.014342358162106,-1.8063297595769243,-1.0518582676993735,-0.2785322209003928,1.8879763394700504,1.9609020268614545,1.7865817587214798,3.515396262775825,1.8753538761212099,3.1616848924618854,2.372361987393146,-0.39220369404659006,0.9829710793970232,-0.5926111294969805,-0.4139919034486591,1.650357979337815,2.8363247588624723,1.7791508266529255,1.6340096017349028,2.0987935702026106,0.9102762639430143,0.12812276468102213,2.2234774926717993,1.4211472418131246,2.3144318736319787,3.432918316265759,-0.4608058410048734,-0.6026902194752528,1.582156658344632,-0.6960624841432631,1.5214148078157668,-0.1406704060776724,1.5350006565495522,-0.5476423583766825,1.5199034526860462,-0.36776881860170363,1.6866974735742075,-0.2752565363622893,1.8069240140586904,-0.5930245207027138,1.990458418338125,-0.782198233895814,2.0037213752531136,-0.7765509620832758,1.9892748805649805,-0.5480829649340323,2.076336749481606,-0.6747861793056006,2.0124083047768795,-0.7419741537990293,1.9746049463254414,-0.6785960490277368,1.9836927450012627,-0.7438615735925521,2.001697829057891,-0.8128785962297956,2.0587468511712483,-0.8227690790836951,2.058065282374959,-0.6865275237309071,2.0273573385309356,-0.729902099200547,2.077964117221881,-0.6648124966591197,2.002158340633423,-0.6797319825017181,2.0673503029756346,-0.7102774309184093,2.0321437614871134,-0.7683339917350874,2.0359370391446694,-0.7873545282715686,2.039202066531714,-0.5832979526542702,2.043386209964949,-0.6921163872926099,2.048355791183504,-0.6545904389834992,2.0958103688092615,-0.5119355187709134,2.2396482362568526,-0.2693466991666697,2.0951508790380227,-0.5918089467154234,2.213226006406888,-0.7536919524029878,2.284791373853452,-0.6506828483660728,2.630446028978803,3.0249337853940235,0.18304981780817836,-0.04473097130250993,0.48146984040562824,-0.03021655386722298,-0.2892390000318577,-0.2565308977709428,1.0595226405200073,-0.19374102700902884,-0.20585755188827395,-0.5053148613432027,1.900768477520836,1.8583698564295024,1.6166442945756891,1.5904237996009911,-0.3836474833436305,2,0.2030879569369215,0.0,1,0.96750706,0.96750706,0.9675062197294573,8.878988011495892e-08,-9.334029216212514e-09,0,1,1,0.2030879569369215,0.2030879569369215,7.192578120248857,1.738766019207438
1740960000000,2025-03-03,1740960000000.0,2025-03-03 00:00:00,1740960000000.0,2025-03-03 00:00:00,1740960000000.0,2025-03-03 00:00:00,1740960000000.0,2025-03-03 00:00:00,1740960000000,1.5820788314903118,1.8341070233841923,1.6189211094515297,1.9041130848819061,-0.33268615428609033,1.5820788314903118,1.619870184268408,1.7994828417787472,1.9343676597104984,-2.118044500768245,-1.8896013899003317,-1.1396512072918492,-0.8229297479852022,1.8692996236222321,1.9603352817855362,1.7469720829303184,3.515396262775825,2.3029427074982713,-3.164829759417241,0.3574847058855572,-0.9429785671112049,0.2641769915407922,-1.321246129660555,-0.9412904322420014,1.619870184268408,2.4479467167049833,1.7791508266529255,1.6340096017349028,2.7045262535811907,1.5517567658251255,0.561838480782817,2.298274143451436,1.8373109729521218,-0.08466913561837706,1.327659232535408,-0.42119994006921196,-0.5816062137085563,1.9028694017825099,-0.3833201813215815,1.5839769430073707,-0.6956463549456648,1.5236235015842805,-0.14001785792397822,1.5365316797376634,-0.5472209358481986,1.521755102408406,-0.3671402113920002,1.688367732390357,-0.2749266252752276,1.809172270134136,-0.5928976862509459,1.99270007379308,-0.781763668051176,2.0058768702409107,-0.7761073825744693,1.9913582949718676,-0.5475660904020432,2.078793222181622,-0.67451236020742,2.0145216428518222,-0.7416790779385579,1.9767290206535555,-0.6784375640973629,1.9858649491541025,-0.7437072526484121,2.0041279232591735,-0.8124888013064681,2.061620852629898,-0.8225002555344819,2.060912667115554,-0.6862974975454664,2.0302968799274224,-0.7296114044887921,2.080933409257165,-0.664419751708647,2.004941893215597,-0.6796242146304922,2.0697951276667874,-0.7102053906173964,2.034645958264524,-0.768116094286046,2.038473828300616,-0.7870512149415371,2.042174242864472,-0.5829631357016406,2.045753746814696,-0.691821365575964,2.050947325879654,-0.6543460873477719,2.098167156874271,-0.5117696317749098,2.2422743033289283,-0.26924720229553606,2.0977639948722904,-0.591448174766265,2.2153901834996756,-0.7533523230363302,1.4576350220395224,3.3336460946880733,0.7717108355976565,0.47816792049515056,3.916139972383929,3.354435949971406,3.310237103011566,3.5695912099509015,0.9704414807208678,-0.16122220951335645,-0.17630212317526156,-0.15697735077648842,1.5820788314903118,1.8341070233841923,1.6189211094515297,1.9041130848819061,-0.33268615428609033,2,-0.16766357912573848,0.0,1,0.96750706,0.96750706,0.9675063000732069,8.034374965326663e-08,-8.446130461692292e-09,0,1,1,-0.16766357912573848,-0.16766357912573848,5.818981150340719,1.2795747060391678
1741046400000,2025-03-04,1741046400000.0,2025-03-04 00:00:00,1741046400000.0,2025-03-04 00:00:00,1741046400000.0,2025-03-04 00:00:00,1741046400000.0,2025-03-04 00:00:00,1741046400000,1.6287022076511644,1.6217972266556522,1.4762445504509072,1.5869503208803848,-0.4249570697113166,1.6287022076511644,1.612937906440228,1.7766523171360624,1.9212080360369324,-2.114472942335079,-1.9554709130593844,-0.8980045777343907,-0.7029115079920724,1.8490077613789218,1.9431529537468817,1.7232347979089875,3.3531702778647077,2.5338365759000334,0.4795127299074119,0.2461071703615985,-0.2999689466901397,0.4126541724784946,-1.2241964631673241,-0.9907875687098955,1.612937906440228,2.3813533019691304,1.7791508266529255,1.6340096017349028,2.6406113606605865,1.5845546582943824,0.5410143843229543,1.4409288979689787,1.9046372799813835,-0.4864109290679755,-0.6164171365195981,-0.4433611929392655,-0.6037786143511036,1.5843263338174232,-0.33236921377447226,1.9044836764577384,-0.38297109443627564,1.5861554178326827,-0.6947998373886191,1.525163311180409,-0.139690535040135,1.5383727702997594,-0.5465339275433398,1.5235346009441102,-0.3667904770487806,1.6906632940215454,-0.2748239020155294,1.811481224129722,-0.5925035643452173,1.9948599652121188,-0.7813189532441503,2.0079532237179567,-0.7755290970456111,1.9938379686324426,-0.5473112423911377,2.0808796574385418,-0.6742277028523123,2.016629580863018,-0.7415149613940899,1.9789038858086183,-0.6782887429274901,1.9882994798088383,-0.7433307089419273,2.007007742354526,-0.8122213796501828,2.064467831197313,-0.822253079193494,2.0638495831686514,-0.6860134747236544,2.033269194914217,-0.7292053473245204,2.083706395177072,-0.6643129249475987,2.0074025688841775,-0.6795534246396979,2.0722885333090644,-0.7099941763031032,2.0371830286807815,-0.7678157556126995,2.0414460422362977,-0.7866785355429065,2.0445421134199573,-0.582685318787941,2.04834577454238,-0.691571978861346,2.0533161959225437,-0.6541656848220015,2.100815929922179,-0.5116523585274598,2.244862192946216,-0.26894999144531434,2.0999649286034203,-0.5911366905302735,-0.6156503038261362,2.1749326574998546,-1.1275048588818202,-1.154678392668516,0.04729790360286509,0.4805485496048915,-0.3658526093113128,-0.4079635368537156,0.9043805411219021,-0.19275362487619813,-0.20495627350295254,-0.15697735077648842,1.6287022076511644,1.6217972266556522,1.4762445504509072,1.5869503208803848,-0.4249570697113166,2,0.029469692175157602,0.0,1,0.96750706,0.96750706,0.9675063727742637,7.270105673029548e-08,-7.64269292297115e-09,0,1,1,0.029469692175157602,0.029469692175157602,6.0199344257894625,1.3467530709164173
1741132800000,2025-03-05,1741132800000.0,2025-03-05 00:00:00,1741132800000.0,2025-03-05 00:00:00,1741132800000.0,2025-03-05 00:00:00,1741132800000.0,2025-03-05 00:00:00,1741132800000,1.7560325741715253,1.7024790577824513,1.6684832412741286,1.6290464379704368,-0.5037289431721906,1.7560325741715253,1.6476463592250272,1.7599901499106836,1.9073566564766886,-1.9185187936326569,-1.9671393969213973,-0.14536592651007138,-0.5149011180458333,1.8373679078972407,1.9270300714786164,1.7169184572594876,1.6777525236013442,2.6966292436646198,1.3604736923315117,-0.9230288817328846,0.9374547412890883,1.1126094341891837,-0.8021584618000236,-0.6456324315721615,1.6476463592250272,2.4559740924282356,1.7791508266529255,1.6394357333392908,2.41689949631514,1.712756312709888,0.5328539824119398,0.26678494182248785,1.6254228319015522,-0.4933892873111712,-0.6468066749614819,-0.46353296463326116,-0.6242593778681248,1.6309282660300115,-0.4246213685811996,1.5861452247880612,-0.33203104920650905,1.9065073391951282,-0.3822338598740111,1.5876469349574565,-0.6943444437262465,1.5270116208179458,-0.1391361538788368,1.540141263116513,-0.5461454902685359,1.5258959332183903,-0.3666807906905954,1.693016241897652,-0.2744977363669718,1.8137134043084127,-0.5921000693307605,1.9969410042476428,-0.7807392641474051,2.0104283666031777,-0.7752402551416671,1.9959588324284896,-0.5470462294222473,2.082960770235062,-0.6740696078975041,2.018789199079214,-0.7413608377144939,1.981340366988698,-0.6779247315040716,1.9911809848423279,-0.7430727181826179,2.009860959690713,-0.8119754997773759,2.067404469097076,-0.8219482539645178,2.0668197703166893,-0.6856163742684024,2.036048574375431,-0.7290945387541439,2.086147065619634,-0.6642427594870912,2.0099105424285315,-0.6793457344291162,2.0748174033387077,-0.709702824470994,2.0401553092675098,-0.7674466506429246,2.043814113296177,-0.7863686088820365,2.0471343707261522,-0.5824506915395972,2.0507153452039453,-0.6913877819996513,2.055972166998908,-0.6540379699641078,2.103428074410086,-0.5113073815103427,2.2470162988489064,-0.26869445236568823,1.7903717166566653,1.7690680026731402,-0.2475259677247556,-0.4090351085410243,-0.9063402181880772,0.9594610295023343,-0.36583577127038547,-0.4381404658289028,1.0548334879735581,-0.18526768746265698,-0.1981534375027669,-0.15697735077648842,1.7560325741715253,1.7024790577824513,1.6684832412741286,1.6290464379704368,-0.5037289431721906,2,0.07817903476903276,0.0,1,0.96750706,0.96750706,0.967506438559638,6.578537437018639e-08,-6.915682360109088e-09,0,1,1,0.07817903476903276,0.07817903476903276,6.5687461233395865,1.5302199608419262
1741219200000,2025-03-06,1741219200000.0,2025-03-06 00:00:00,1741219200000.0,2025-03-06 00:00:00,1741219200000.0,2025-03-06 00:00:00,1741219200000.0,2025-03-06 00:00:00,1741219200000,1.7294724381516327,1.7743779127643269,1.727706527546165,1.7636062387913098,-0.5424491091186127,1.7294724381516327,1.6762064811537025,1.736725424754471,1.8973067466475813,-1.7807216677287698,-1.94762344888559,0.28766283211105936,-0.6952510288125181,1.8227498258272556,1.9042103963095376,1.7119814527270671,1.9217195411777541,2.854351879815839,-0.32236071713075953,0.8826156022373909,0.7489800182300987,0.6496895118237411,-0.334894681524175,-0.7627184955881903,1.6762064811537025,2.2782594305396784,1.7791508266529255,1.6394357333392908,2.454272397507658,1.6721246776041698,0.46599701064144233,0.43708532238285663,1.650356839835196,-0.3895339805785938,-0.17887109613284696,-0.4625206215680891,-0.6320105935556342,1.758200068241715,-0.5033772260628278,1.6327172222267141,-0.4242634279940781,1.5883226522836462,-0.33131161867737435,1.9077514532829576,-0.38185062170616396,1.589455566606759,-0.6936095553845566,1.5287876380129077,-0.13883560980620285,1.542495969108558,-0.5460222091546652,1.5283100473944908,-0.36633499987750334,1.6952956781241744,-0.2741635012441048,1.8158714861070286,-0.5915713402163181,1.9994191537075428,-0.7804496453022117,2.012542507057915,-0.7749400418094979,1.9980742744522402,-0.5468994883448709,2.085095041749758,-0.6739211539135207,2.021214504191713,-0.7409847435128397,1.9842226132595517,-0.6776756599762468,1.9940360101597856,-0.7428355599871967,2.0128018699905734,-0.8116722471090043,2.0703744308020555,-0.8215232272230893,2.0695946493997335,-0.6855082447345907,2.038501349325137,-0.7290217309244645,2.0886366532836855,-0.6640368295672499,2.0124530014233515,-0.6790591214750556,2.0777877406567686,-0.7093445183355179,2.0425237357206987,-0.7671397553236333,2.046406508542763,-0.7861064356785366,2.0495042676284974,-0.5822776171199384,2.0533717336849113,-0.6912573377217328,2.058592000530889,-0.6536649357266531,2.1056272050154923,-0.5110097996447888,0.939797122709746,1.9473231684377823,0.032062798158320825,-0.17065245060238143,2.1243480605711396,-0.10305407905530166,1.474440879924113,1.2326472995443165,1.0471533529706794,-0.1936587076082099,-0.2058106776210969,-0.3311461060598455,1.7294724381516327,1.7743779127643269,1.727706527546165,1.7636062387913098,-0.5424491091186127,4,-0.015125081624652315,0.0,0,0.96750706,0.96750706,0.9675064980871838,5.952754578153474e-08,-6.257828588651648e-09,0,0,0,-0.0006,-0.015125081624652315,6.564204875665583,1.4919501774058674
1741305600000,2025-03-07,1741305600000.0,2025-03-07 00:00:00,1741305600000.0,2025-03-07 00:00:00,1741305600000.0,2025-03-07 00:00:00,1741305600000.0,2025-03-07 00:00:00,1741305600000,1.6079195228637775,1.7114747840806688,1.6009834017736542,1.732332681818427,-0.3382965438678009,1.6079195228637775,1.6890987048560897,1.7109044455985014,1.8847607332726508,-1.8176200375163507,-1.9397361425396216,0.12618686577309088,-0.7453238989170342,1.8019573500802395,1.8800575425917176,1.6952844824361821,2.8691285824796053,2.9600944522946167,-1.339782898714129,-0.20155882108708642,0.2833356537474649,-1.4096998157225469,-0.35088180980914957,-1.0134589417358766,1.6890987048560897,1.9129043344671364,1.7791508266529255,1.7038945711762195,2.6563962010808697,1.7183532806591093,0.5237908880509038,1.1382627480614396,1.6190461247747274,0.6618210933455473,-0.6524030266091835,-0.49214460977322894,-0.5837937229607599,1.7316521482865865,-0.5420895193848351,1.759907271334057,-0.5030024026467941,1.6348721543816098,-0.4235117613662086,1.5898124956854012,-0.33094013585003196,1.9093568140183133,-0.3812174316989116,1.5911902277870251,-0.6931893875782484,1.5311468742545324,-0.1387432019766289,1.5449039208822857,-0.5456381021641372,1.5306551854314465,-0.3659807631120404,1.697504123720915,-0.27372039805424253,1.818399071471276,-0.5913099301330073,2.0015377557005736,-0.780148627454532,2.014651245134376,-0.7747729559574974,2.000240983085739,-0.5467617247321512,2.087501767627999,-0.6735579791930792,2.024092503340681,-0.7407270726663203,1.9870784334716989,-0.6774467502708404,1.9969781585916626,-0.7425428863414838,2.015775294472479,-0.8112493314587168,2.0731488330731147,-0.8214067446723802,2.0720389040541773,-0.6854372147408259,2.041002061683269,-0.7288083532665621,2.091161961896395,-0.6637525836840343,2.0154265589566895,-0.6787065097050928,2.080145805311924,-0.7090467811102141,2.045116375466127,-0.7668801826139569,2.0487766014642417,-0.785912603171569,2.052160850472542,-0.5821551736665705,2.055992013094871,-0.6908769693724148,2.060805404431298,-0.6533426584797224,2.927645142810447,2.403274675795349,0.08392335751076227,-0.12460867671067144,0.7680968854255676,0.21562227847109006,0.012641960889586717,0.12934649344893684,1.0355049338552877,-0.1851029184563457,-0.19171982873986487,0.19136015979022583,1.6079195228637775,1.7114747840806688,1.6009834017736542,1.732332681818427,-0.3382965438678009,4,-0.07028323354939636,0.0,0,0.96750706,0.96750706,0.9675065519521765,5.386499268844602e-08,-5.662553093088718e-09,0,0,0,-0.0,-0.07028323354939636,6.564204875665583,1.3168078610937912
1741392000000,2025-03-08,1741392000000.0,2025-03-08 00:00:00,1741392000000.0,2025-03-08 00:00:00,1741392000000.0,2025-03-08 00:00:00,1741392000000.0,2025-03-08 00:00:00,1741392000000,1.5920140407908148,1.5494796305082135,1.6247698009249913,1.6094821290671668,-0.7574197135706743,1.5920140407908148,1.6908205430657697,1.6827776439440292,1.8717802196895637,-1.8490995200079379,-1.9400171911791897,0.01276063338401458,-0.8034136806365727,1.7830940061136202,1.8610413169014188,1.676763542617565,-0.11697806431320544,2.9942336199884854,-0.21670033928993201,-1.076324113782847,-0.0516961405525615,-0.04003612315262353,0.1619549996547751,-0.9461733175666383,1.6908205430657697,1.8681796267923938,1.7791508266529255,1.7061285889772146,2.6362122789253153,1.7083939430729784,0.5235550279817126,-0.839796018253297,1.5180546229897285,-1.3824861480598767,-0.7670855547465673,-0.5013100840938284,-0.6773479890871793,1.6101551400273817,-0.33797846264593745,1.7333764044482882,-0.5417063972460668,1.7620007677841447,-0.5022232159940208,1.636326048293384,-0.4231189942425269,1.591619752172895,-0.33032351420750283,1.9108796077305332,-0.38086466029449434,1.5935245645535017,-0.6930549608274473,1.5335590391329499,-0.13844610988114656,1.5472424395717812,-0.545244814185352,1.5329336536574363,-0.36551293191436457,1.7000640259414994,-0.2735063859724285,1.8205910327531534,-0.5910381221985546,2.003650942445661,-0.7799810766162294,2.0168116193190033,-0.7746160364929274,2.0026714855026704,-0.5464229100585505,2.0903727063085284,-0.6733095031471389,2.026943768986646,-0.7404902103256998,1.9900211262590848,-0.6771640816916882,1.9999525865785954,-0.7421341725483133,2.018557020515434,-0.811133480355378,2.075592185008111,-0.8213301715316388,2.0745317858020136,-0.6852288480618391,2.0435377474305625,-0.7285140923766097,2.0941314552554733,-0.6634028162511586,2.0178017942794324,-0.6784136016616363,2.082731316483023,-0.7087950648450296,2.047486815830808,-0.766688309787731,2.05143330108977,-0.7857752275824321,2.0547813375041146,-0.5817963040025854,2.058206244685674,-0.6905482367928694,-0.359134705694549,3.3336460946880733,-1.1068954350343434,-1.1379069838257092,-0.6812403863899642,-0.3290415633160626,-1.0595061868274953,-1.0597272605169525,1.0604593264029636,-0.19244177466766926,-0.20467288351593946,-0.15697735077648842,1.5920140407908148,1.5494796305082135,1.6247698009249913,1.6094821290671668,-0.7574197135706743,4,-0.009891964023568955,0.0,0,0.96750706,0.96750706,0.9675066006932659,4.8741089386794556e-08,-5.123903301651467e-09,0,0,0,-0.0,-0.009891964023568955,6.564204875665583,1.2938900810823295
1741478400000,2025-03-09,1741478400000.0,2025-03-09 00:00:00,1741478400000.0,2025-03-09 00:00:00,1741478400000.0,2025-03-09 00:00:00,1741478400000.0,2025-03-09 00:00:00,1741478400000,1.373014226951072,1.5369987480538678,1.4196871039682748,1.5907110553223414,-0.639968157134148,1.373014226951072,1.6157572517311833,1.639938307770864,1.8516749896671874,-2.14869881825778,-2.0029694631985286,-0.8574954658879594,-1.0447405216820418,1.7542111980812103,1.8584521730987,1.617503790015833,2.8594611583918343,3.0143942981119487,-2.4765604021881824,-2.274516961116986,-2.113628514923746,-1.3339948050870911,-0.6619090375046456,-1.3650110140830654,1.6157572517311833,2.0746378113083312,1.6400342447199467,1.4909631242853771,1.5553385461872962,1.9543289301794295,0.7409068393444393,1.3340080587632182,1.324243979184038,1.2094747599960893,-1.0657670447170908,-0.5398444792965263,-0.6472816160170264,1.5942569735193304,-0.75701641579,1.6119574398517258,-0.33763909562787026,1.7354827159143125,-0.5409136831769163,1.763356482153544,-0.5018122784220431,1.6381037680145774,-0.4224723738105552,1.593352980034223,-0.3299817228075638,1.9130863841217136,-0.38075390714102264,1.5959135730707372,-0.6926394403851339,1.5359020833308656,-0.1381415060419606,1.5495138531350454,-0.54472870401741,1.535538487184516,-0.3652852317099743,1.702303943089259,-0.2732836582321586,1.8227773671763035,-0.590887453830944,2.005815520103666,-0.7798237193385659,2.0192374785594063,-0.7742335715627701,2.0055514597278665,-0.5461917710688828,2.0932164003868166,-0.6730811441423603,2.0298833427404994,-0.7401978955392408,1.9929959954457301,-0.6767687992456587,2.0027364350343064,-0.7420225693550517,2.021014238107189,-0.8110573262495345,2.078084237108149,-0.8211061810302288,2.0770601671419833,-0.684941325457684,2.0465096998883943,-0.7281522906376409,2.0964850197956078,-0.6631123203853184,2.0203991183019103,-0.6781660282016224,2.085091626841898,-0.7086091124800757,2.050143722451091,-0.7665523438765892,2.054053912869109,-0.7853762343929008,2.0569959545062257,-0.5814864941184106,-0.6683787836347376,-0.1829472520150232,-1.1587740893008116,-1.1818650695435153,-0.7535657383688377,-1.1104097917892415,-1.261291984182295,-1.241203876718616,1.0607406214013861,-0.19374649560531151,-0.20585854580477406,-0.5923992389848812,1.373014226951072,1.5369987480538678,1.4196871039682748,1.5907110553223414,-0.639968157134148,4,-0.13756148389932366,0.0,0,0.96750706,0.96750706,0.967506644797863,4.4104597085592445e-08,-4.636492301202111e-09,0,0,0,-0.0,-0.13756148389932366,6.564204875665583,0.9783391576267044
1741564800000,2025-03-10,1741564800000.0,2025-03-10 00:00:00,1741564800000.0,2025-03-10 00:00:00,1741564800000.0,2025-03-10 00:00:00,1741564800000.0,2025-03-10 00:00:00,1741564800000,1.2891802256257596,1.4353035357196435,1.316000454459435,1.3736498035906115,-0.42215331088482,1.2891802256257596,1.5740978366534857,1.6040465427765547,1.8288511066544137,-2.4734425830531883,-2.1213232384131606,-1.6268038256813937,-0.938335197394606,1.721537615244662,1.857886478067959,1.547713504473951,2.8230836713570917,3.0143942981119487,-1.0377526639432177,-2.1117889058130195,-1.3241712038301972,-2.2804121695579864,-0.917458639016847,-1.5247608153180827,1.5740978366534857,3.1642341614856786,1.6400342447199467,1.40468270445108,0.7090392028636122,1.8618252094728456,0.7637960331620688,1.3869924970973844,1.125680570667471,1.1163784286897267,-0.48251413631607026,-0.5532946732237422,-0.5919983928524016,1.3753578864193594,-0.6395887397260945,1.5960694855387019,-0.7565872199478063,1.6141223994566525,-0.3369177050328614,1.7368589097818166,-0.5404938139553228,1.7650535357456714,-0.5011400479607891,1.6398062099667514,-0.4221107019427532,1.5956864538333768,-0.32987482648023425,1.9153567622619923,-0.3804051096157522,1.598231743852199,-0.692214136336664,1.538178320018427,-0.1377350359741469,1.5521141599081807,-0.5444742791181783,1.5378450791253215,-0.3650483300447956,1.7045380950457294,-0.27316135677318615,1.8250110608650183,-0.5907459924338403,2.0082444605069805,-0.7794402567678965,2.022115688287698,-0.7739713666659148,2.008404843423569,-0.5459794453440792,2.0961507890203905,-0.6727991435395803,2.0328556839529144,-0.7397896634983088,1.9957807770386673,-0.6766612134956375,2.005197670862455,-0.7419492342055437,2.0235190334926694,-0.8108345168329597,2.080611844551166,-0.8207976490020648,2.0800303886538782,-0.6845876206272805,2.0488763767094222,-0.7278515889196481,2.0990674350364134,-0.6628668162575884,2.022776215222518,-0.677983197772755,2.087742498351807,-0.7084774053973227,2.052764555345394,-0.7661571385745995,2.0562687614424866,-0.7850311086166448,4.0635617333115475,2.954697461584665,1.1050985916046483,0.8585489899630439,-0.2487433055507723,-0.5524446085314293,-0.6909314139252115,-0.611081366194229,0.6919998018992545,-0.19323360938105838,-0.20259594571938105,2.4555539784738687,1.2891802256257596,1.4353035357196435,1.316000454459435,1.3736498035906115,-0.42215331088482,4,-0.06105836318351543,0.0,0,0.96750706,0.96750706,0.9675066847070137,3.99091507619076e-08,-4.195446323684848e-09,0,0,0,-0.0,-0.06105836318351543,6.564204875665583,0.8575450068401631
1741651200000,2025-03-11,1741651200000.0,2025-03-11 00:00:00,1741651200000.0,2025-03-11 00:00:00,1741651200000.0,2025-03-11 00:00:00,1741651200000.0,2025-03-11 00:00:00,1741651200000,1.4582977983557028,1.4173689203391804,1.2836923411594698,1.2890679766226802,-0.4305689564881692,1.4582977983557028,1.5498609578299904,1.5885405233014875,1.8116025715201924,-2.4745109938269296,-2.216229952918374,-1.3012166344321767,-0.450831096571411,1.6952273908712079,1.825307393765399,1.5289348361808954,3.033967468285976,3.0143942981119487,2.025752555290745,-0.9301257457100801,-0.8034327890281289,-1.3715484580991035,-0.5366258122462324,-1.2487475804651784,1.5498609578299904,3.1642341614856786,1.6400342447199467,1.40468270445108,1.3700799819252023,2.1040075281661266,0.9658338128175923,1.3783695944392267,1.1120492322190467,-0.2640270275165253,-0.2329884710071951,-0.5541383455646972,-0.5998156278065936,1.2915624436913697,-0.42181817981786385,1.3773110083743265,-0.6391847167590106,1.5982421193892007,-0.7557194029754467,1.615592318096365,-0.33654492804696556,1.7385727897086098,-0.5398089949324396,1.7666719001080398,-0.5007614040959972,1.6421211483004952,-0.4219968224208063,1.5980746597962254,-0.32953689923746227,1.9175475061672285,-0.38004780845904423,1.6004814713460709,-0.6916584447384706,1.5407817216378767,-0.1375413020590469,1.554414034475156,-0.5442097042775305,1.5401457135460215,-0.3649178364741246,1.7068169707304957,-0.27304660455863033,1.8274906635971366,-0.5903987516543003,2.0111238411367847,-0.7791773418498409,2.0249671797565822,-0.7737303112433022,2.0113458676488594,-0.5457168924260326,2.099118927696888,-0.6724047578214716,2.0356351188813053,-0.7396782044017085,1.998243779519392,-0.6765905443623274,2.0077061592236247,-0.7417343702526897,2.0260585278951937,-0.8105275730148649,2.0835818826705244,-0.8204186986729813,2.0823878358133063,-0.6842937855994874,2.0514678127657935,-0.7275973295082272,2.1014233459473215,-0.6626855452366257,2.0254370875907495,-0.6778537364254983,2.090356884448914,-0.7080936438172694,2.054979814378,-0.765815346818119,4.0635617333115475,3.3336460946880733,1.5525306911846415,1.1248735312264777,0.15151335343402222,1.1586613975420825,-0.6417819261578758,-0.6614001575881557,1.0354315793074607,-0.19300990773641896,-0.20331492780420105,1.0622039362070115,1.4582977983557028,1.4173689203391804,1.2836923411594698,1.2890679766226802,-0.4305689564881692,4,0.13118225781647763,0.0,0,0.96750706,0.96750706,0.9675067208198096,3.6112795864795544e-08,-3.796354897112053e-09,0,0,0,0.0,0.13118225781647763,6.564204875665583,1.1012219548331803
1741737600000,2025-03-12,1741737600000.0,2025-03-12 00:00:00,1741737600000.0,2025-03-12 00:00:00,1741737600000.0,2025-03-12 00:00:00,1741737600000.0,2025-03-12 00:00:00,1741737600000,1.4848589837632586,1.4508579778415867,1.4407688842756003,1.4583988762183662,-0.5236314557927219,1.4848589837632586,1.511291524808682,1.5866197644112416,1.793981636071388,-2.4134064998961056,-2.279361809724562,-0.8599891902428268,-0.14626200427477867,1.6669340270811144,1.7702265225671232,1.5320917361323945,1.1409121830779099,3.0143942981119487,0.26700759823436376,0.7008588946970203,-1.177973604570299,-0.6919161759632819,-1.4236547556835817,-1.3100725133832287,1.511291524808682,2.7485129871353338,1.6145052967999207,1.40468270445108,1.0538915316916848,1.9470187031931165,0.9630653716477168,0.050806249627516724,1.064988627563215,-0.5437534009118881,-0.30015849435668934,-0.5571304229321008,-0.62224685998304,1.4606022325116348,-0.43023211434339553,1.2935693916899318,-0.4214608401480305,1.3795893075761767,-0.6383579330846558,1.5997243021336498,-0.7552499461017925,1.6173832040306086,-0.33592648237467604,1.7402086920101398,-0.5394220085145126,1.7689362173199636,-0.5006415630062019,1.6444921163926998,-0.42163921337350496,1.600391968513508,-0.32919067689260684,1.9196614266741783,-0.3795761887579848,1.60306786285437,-0.6913821096444057,1.5430861887318368,-0.13733957217371975,1.556707970898832,-0.5440632164253916,1.542487407411228,-0.3647953708844669,1.7093296920476435,-0.27276022573812647,1.830389296891965,-0.5901616158012527,2.0139765882674032,-0.7789356298008371,2.027906908157274,-0.7734329104272364,2.0143193844672354,-0.5453486143408076,2.1018894742633947,-0.6722974402912714,2.0380879988436806,-0.7396049648762101,2.0007538915294414,-0.6763831947986518,2.010249098440494,-0.7414381107352568,2.029031382900762,-0.810150531122452,2.085938351953627,-0.8201034538667554,2.084972922167768,-0.6840454169083919,2.0538365426373835,-0.7274094606785395,2.10407159641687,-0.6625572056348463,2.0280621567576564,-0.6774760092685809,2.0925601761891883,-0.7077619245866551,1.3062503318017538,1.3990777580121483,-0.5681880181916493,-0.6813048375516643,-0.9215547474766721,1.0090682034214824,-1.1355827546610557,-1.111900223721731,1.0587155558767527,-0.19372555268438288,-0.20583570756958947,-0.06989297313480985,1.4848589837632586,1.4508579778415867,1.4407688842756003,1.4583988762183662,-0.5236314557927219,4,0.018213828092934703,0.0,0,0.96750706,0.96750706,0.9675067534973786,3.2677568984063043e-08,-3.4352268807325004e-09,0,0,0,0.0,0.018213828092934703,6.564204875665583,1.139493250303612
1741824000000,2025-03-13,1741824000000.0,2025-03-13 00:00:00,1741824000000.0,2025-03-13 00:00:00,1741824000000.0,2025-03-13 00:00:00,1741824000000.0,2025-03-13 00:00:00,1741824000000,1.3859164499352232,1.4447384944448751,1.4112484921634174,1.4877181714297032,-0.6425169147489431,1.3859164499352232,1.4624270330392857,1.5765187546952073,1.775180822572604,-2.4728193777832277,-2.3423066344642645,-0.8573920525480367,-0.33598936566386706,1.6379737179694953,1.7301828093188047,1.516294356823109,1.4995028485589423,3.0143942981119487,-1.177212757016986,0.6149956433030268,-1.475410755011381,-1.1034441087620426,-0.79240888572317,-1.3636004276022764,1.4624270330392857,1.8703648211813784,1.4976716314306306,1.40468270445108,1.1076230935409144,2.011604466676759,0.9908957543461667,0.3565006952757327,1.0474296672829915,-0.7322045289122131,-0.703774346092919,-0.5721742830788533,-0.6481227348491876,1.4871512013717711,-0.5232756920837915,1.4625005977192225,-0.42987297098528277,1.2958881400092945,-0.4207101530514244,1.3812403526438137,-0.6379155689706346,1.6015252644833222,-0.7544952366061687,1.619099369009696,-0.33558348217379186,1.742483568399091,-0.5392992370272766,1.7712601080752637,-0.5002671515612142,1.6467909090429738,-0.4212729316595091,1.6026407772503468,-0.3287327539139411,1.9221606751343085,-0.37934639143768106,1.6053470881797471,-0.6910948469987236,1.5453847044349829,-0.1372294068572927,1.5590433359374751,-0.5439256912397485,1.545046174707574,-0.364491415669828,1.712240911045473,-0.27256640536864823,1.833262690366016,-0.5899437441874569,2.0169171765636142,-0.7786374325249662,2.03087937471083,-0.7730178506227107,2.0171013058017926,-0.5452491058510667,2.104325526424907,-0.6722269491513625,2.0405888077141126,-0.7393903704476095,2.003298345288896,-0.6760970399140123,2.0132227697734013,-0.7410739073908281,2.0314028722407773,-0.8098369047911387,2.0885227655615206,-0.8198367183914722,2.0873326288442238,-0.6838619872091007,2.0564924302044902,-0.727276375004822,2.1066831826785815,-0.6621824926738893,2.0302852796505837,-0.6771496014116144,1.6681325996723544,1.5311509163927777,-0.2648630106029098,-0.4237507714975181,-0.4700155814171655,-0.710810945126382,-0.6577734882051444,-0.6331888891697921,1.0549317042976631,-0.1928072792173816,-0.2041515197008181,0.2784445374319044,1.3859164499352232,1.4447384944448751,1.4112484921634174,1.4877181714297032,-0.6425169147489431,4,-0.06663429652913799,0.0,0,0.96750706,0.96750706,0.9675067830664964,2.956911782092675e-08,-3.1084511631362943e-09,0,0,0,-0.0,-0.06663429652913799,6.564204875665583,0.9969296226407918
1741910400000,2025-03-14,1741910400000.0,2025-03-14 00:00:00,1741910400000.0,2025-03-14 00:00:00,1741910400000.0,2025-03-14 00:00:00,1741910400000.0,2025-03-14 00:00:00,1741910400000,1.4994240833475605,1.4840351602386967,1.4479783839574514,1.3872619480964505,-0.6032257865568983,1.4994240833475605,1.4469955613342496,1.5752555306233746,1.7574972695383944,-2.340690071889125,-2.364998436811788,-0.2984363411101123,-0.12672274237068712,1.613790995886332,1.672383266817487,1.5314813113525385,1.5652612716071752,3.0143942981119487,1.303981879113381,0.2065222911750002,-0.5514166236768171,0.5762156826208469,-0.5566289133975993,-1.1618154986224045,1.4469955613342496,1.402618430321923,1.4823836742010648,1.40468270445108,1.3392169968722454,2.1129326407947993,1.0429247571213616,0.33444149706553633,0.872281305550503,0.009965363780197797,-1.020186227828938,-0.6120028618179858,-0.6409882590281489,1.3882541751571102,-0.6421369791248402,1.4890325128362345,-0.522896603049832,1.4647377483996242,-0.4291193437684737,1.2976038262470666,-0.42031803267578294,1.3831800554034244,-0.6371990449042437,1.6032519320207068,-0.754061933142685,1.6214225696523226,-0.3354761612441686,1.744817279125116,-0.5389165663953719,1.7735083325815546,-0.49988374512183364,1.6490199840207778,-0.42079020930576894,1.6052265792213165,-0.3285105383776787,1.9243105865101187,-0.379107318228281,1.6076204349262273,-0.6909352462625928,1.5477243963590288,-0.13712608156453518,1.5615974641784673,-0.5435874198676486,1.5479748920682734,-0.3642850861727532,1.715127801287175,-0.2723885918399385,1.8362174175801635,-0.5896744643426145,2.019890340061814,-0.7782213035093504,2.0336590747356866,-0.7729043492773017,2.0195588931273885,-0.545183796869837,2.1068108696399066,-0.6720201012769453,2.043124583488252,-0.7390944733606477,2.0062723755272174,-0.6757449785727979,2.0155986118923988,-0.7407711689596203,2.033997619151037,-0.8095715577552326,2.0908815162366317,-0.8196394478466703,2.089983140700831,-0.683732094782275,2.059112174530605,-0.726888909069904,2.108881277039808,-0.6618587378494716,3.477536017753274,3.199982558807407,0.3785685391483946,0.12109352372981248,4.255430749946366,-0.08829465878746022,2.539860333573501,2.146475857385137,1.0589023268940827,-0.19293602159213846,-0.20512203183384994,-0.15697735077648842,1.4994240833475605,1.4840351602386967,1.4479783839574514,1.3872619480964505,-0.6032257865568983,4,0.08190077649893146,0.0,0,0.96750706,0.96750706,0.9675068098228542,2.6756357796031693e-08,-2.8127600248950557e-09,0,0,0,0.0,0.08190077649893146,6.564204875665583,1.1604797093487909
1741996800000,2025-03-15,1741996800000.0,2025-03-15 00:00:00,1741996800000.0,2025-03-15 00:00:00,1741996800000.0,2025-03-15 00:00:00,1741996800000.0,2025-03-15 00:00:00,1741996800000,1.5133884709083594,1.4651060772202933,1.5602906968639763,1.5050284762827892,-0.7872006178121325,1.5133884709083594,1.4358125267076918,1.5705487784472731,1.741841445629609,-2.193668959039014,-2.3523699073180584,0.19202375453695308,-0.2058467086153728,1.5908435382237127,1.605966290458466,1.5593698229427517,-0.48106179912390595,2.944913297063261,0.11909263761502716,0.12052079048151779,-0.4292847469420799,1.1230996379307772,-0.9111218893683752,-1.113785727696818,1.4358125267076918,0.9514826712317007,1.4068107148906073,1.40468270445108,1.348287252434158,2.087394627911005,1.0429695845714289,-1.0705238530177656,0.8220069414241349,-1.2263297199781285,-0.6215340903565776,-0.6164800236347184,-0.6835551372085513,1.5017096018864717,-0.6028538396458477,1.390199013174703,-0.6417324098937555,1.49125684799438,-0.5221104631836982,1.4663230345894585,-0.42872528214087785,1.2995966393884015,-0.4196723237918359,1.385051330837721,-0.6367910472685222,1.6055814560044785,-0.7539228923731841,1.6238012216417799,-0.33513703727986666,1.7470760517576644,-0.5385247423295019,1.7756835138481413,-0.4993798514897306,1.651593123462719,-0.420554266141774,1.6075049297161472,-0.32827931603585225,1.9264549923235463,-0.37897556956892176,1.609936345119562,-0.6907853744932336,1.550281696224444,-0.13686574116153657,1.564524418608388,-0.543356667545903,1.5508805473593257,-0.364095704224247,1.7180917712852009,-0.272167900743687,1.839202040660255,-0.589297155663896,2.0226715141243305,-0.7781074823527695,2.0361124565892537,-0.772829754494721,2.022064028318185,-0.5449915553421961,2.1093322190229316,-0.6717346210160992,2.046096557279999,-0.7387307055225885,2.00865013138335,-0.675452537327708,2.0181963533706297,-0.7405151623151677,2.0363710538861186,-0.8093753335109004,2.0935314585403932,-0.8194995991372043,2.0925971426107814,-0.683353209289245,2.0613254128367435,-0.7265539293432376,2.4206926808223725,1.8814672933241767,0.17044131047532007,-0.05437366500240967,-0.952584539591617,-0.04438863035470473,-1.1198196623526728,-1.1057302661320974,1.0538344630327583,-0.19062811370895216,-0.20472501680283975,-0.4182304837015241,1.5133884709083594,1.4651060772202933,1.5602906968639763,1.5050284762827892,-0.7872006178121325,2,0.009313167446012072,0.0,1,0.96750706,0.96750706,0.9675068340340155,2.4211161298026695e-08,-2.545196498004998e-09,0,1,1,0.008713167446012072,0.009313167446012072,6.6301130593431985,1.1806006186456677
1742083200000,2025-03-16,1742083200000.0,2025-03-16 00:00:00,1742083200000.0,2025-03-16 00:00:00,1742083200000.0,2025-03-16 00:00:00,1742083200000.0,2025-03-16 00:00:00,1742083200000,1.4418190027055657,1.4807575274329552,1.4949295360854005,1.5143209201251278,-0.7490817411699767,1.4418190027055657,1.445598734818938,1.5380747614230659,1.72273845718765,-2.1515146052270877,-2.33344118051041,0.27950864542268217,-0.9641474653266245,1.5733461035478384,1.576373736490283,1.5561139759919578,0.7847141119852369,2.553690611145667,-0.8556554894039952,0.3141342046057145,0.203810478927392,-0.17352706730581893,-1.0652142332965544,-0.9256469714502958,1.445598734818938,0.8506980789530434,1.4068107148906073,1.40468270445108,0.6490733875706545,1.2786557149434474,1.0493925060681313,-0.17589344570241988,0.49300745981435595,0.38824446541635055,-0.9685068553726174,-0.6328837959369702,-0.6741386572776713,1.5156675666690624,-0.7867912649470316,1.5035815617552484,-0.6024576915093222,1.3924710871752577,-0.6409047357762775,1.4928216538769667,-0.5216949346637002,1.4682087086380384,-0.42807683719238304,1.301523271301815,-0.41931125601511704,1.3874679198049515,-0.6366608954005015,1.607965988662928,-0.7534943675368762,1.6261082679539685,-0.33478959525625196,1.749262474838279,-0.5380104419954187,1.7782220714001589,-0.49913218902123235,1.6538526836848362,-0.4203088289678131,1.6097774041556,-0.32815210494703245,1.9286490683626798,-0.37885192223636377,1.612476212880609,-0.6904189690788052,1.5532098559330012,-0.13669045234548638,1.5674281833521184,-0.543144699410932,1.5538573679375864,-0.3638609811282163,1.7210838856343722,-0.27185582025165805,1.842007451734161,-0.5891949460380437,2.0251276866847254,-0.7780326753402425,2.0386137267247255,-0.7726113401609148,2.0246038396917174,-0.544725716301298,2.1123007741522217,-0.6713833703212916,2.048463347856639,-0.7384283364283065,2.011249189449433,-0.6752053643195196,2.0205740435135304,-0.7403259768052047,2.0390297444496914,-0.8092362374478816,2.0961448520452843,-0.81909396052814,2.0947997211783163,-0.6830257818889411,-0.6317742066391434,-0.02533007612386214,-1.14761881637196,-1.1723952668399562,-1.1648489186407422,-1.3432429971059987,-1.272222472400631,-1.247528721184995,1.0490762021329452,-0.18286128475191823,-0.20190177331950693,-0.4182304837015241,1.4418190027055657,1.4807575274329552,1.4949295360854005,1.5143209201251278,-0.7490817411699767,2,-0.047290877113552066,0.0,1,0.96750706,0.96750706,0.967506855942092,2.1908076464072224e-08,-2.303084833954472e-09,0,1,1,-0.047290877113552066,-0.047290877113552066,6.26927832029129,1.0774781027555598
1742169600000,2025-03-17,1742169600000.0,2025-03-17 00:00:00,1742169600000.0,2025-03-17 00:00:00,1742169600000.0,2025-03-17 00:00:00,1742169600000.0,2025-03-17 00:00:00,1742169600000,1.5055099636693778,1.4633450145514804,1.5159906459151475,1.4446980001872451,-0.7019130713604926,1.5055099636693778,1.4763676431386183,1.5326569565151462,1.7056020008186163,-2.010367474496815,-2.2887460697604323,0.6373020882938395,-0.27388668400090044,1.5648625974657069,1.5634930437791548,1.5528264935076201,0.17698748824162208,2.145723974200025,0.7007936969142671,-0.0288974444836937,0.8862351172264762,0.015890176555685677,-0.4677321816613248,-0.5475620528719968,1.4763676431386183,-0.031851053179392824,1.4068107148906073,1.5042418560442081,0.4424674594640334,0.6690892607622274,1.0791694539287853,-0.6190242849696787,0.055907106282255696,0.30618155539512054,-1.22261281924754,-0.6749419452565687,-0.6638495440699631,1.444131016116165,-0.7486801386745237,1.5175305606323384,-0.7863556862947171,1.5057988693897715,-0.6016437442816445,1.3941121838355917,-0.6404617837357994,1.494690500926075,-0.5210162335688481,1.47002367042674,-0.4277139562010538,1.3039731890916173,-0.41919758868564116,1.3899334223710507,-0.6362574235135958,1.6102793516985312,-0.753055809625469,1.628346139388131,-0.33433016439013424,1.7518082459067994,-0.5377570189248783,1.7804303146111835,-0.4988746166153514,1.6561064220536321,-0.4201734021241215,1.6120924901204576,-0.3280327300151581,1.9310996311981354,-0.3785452741954708,1.6153977480522768,-0.6901681937465037,1.5561149132041106,-0.13652977676567699,1.570403709255924,-0.5428825802341001,1.5568598976719534,-0.3635300633142193,1.723905140739564,-0.2717731209947166,1.8445095107702076,-0.5891278445554158,2.027631521630095,-0.7778136628186177,2.0411499327677216,-0.7723103064303094,2.0275767698107963,-0.5443980670337383,2.1146493359113543,-0.6710916165555887,2.0510548621731086,-0.7381726466265358,2.013628750519389,-0.6750228356632322,2.023235269303278,-0.7401919439898582,2.041652482979496,-0.8088326212440128,2.0983463012208143,-0.8187429855919244,0.16938680063659153,0.9111285516414483,-0.8177470600543583,-0.8928624301715553,0.26010466418354106,-1.0147268470489426,-0.02376927283988526,-0.13448064462820858,1.059567440948546,-0.19114000837453868,-0.2039636348954533,-0.24406172841816698,1.5055099636693778,1.4633450145514804,1.5159906459151475,1.4446980001872451,-0.7019130713604926,2,0.04417403352591154,0.0,1,0.96750706,0.96750706,0.9675068757661643,1.9824072383656244e-08,-2.08400408041598e-09,0,1,1,0.04417403352591154,0.04417403352591154,6.59039166452102,1.169248690116031
1742256000000,2025-03-18,1742256000000.0,2025-03-18 00:00:00,1742256000000.0,2025-03-18 00:00:00,1742256000000.0,2025-03-18 00:00:00,1742256000000.0,2025-03-18 00:00:00,1742256000000,1.450234425977868,1.438645041499685,1.4629958986622318,1.5061879396430513,-0.6682824992208939,1.450234425977868,1.4752207773970674,1.52002906151066,1.6884566079868302,-1.9530239329107666,-2.240983901072783,0.6798914256824754,-0.5039839413154353,1.561814707450514,1.5632832003340127,1.5464992154050448,0.62489213464966,1.8925080323837198,-0.671604643419975,-0.4854976152258752,-0.13715600150855012,0.24804919596378225,-0.6041964152259378,-0.3107088952365071,1.4752207773970674,-0.020042358417759094,1.4068107148906073,1.5042418560442081,-0.06981137939530835,0.6639100700801263,1.0820008416532991,-0.30871404309557726,-0.31169941675232143,0.04605882620992907,-1.0869919436955477,-0.7106790064355766,-0.6552770125539302,1.5077926830694555,-0.7015210592480472,1.4460399616176554,-0.7482527298732538,1.5197411305811432,-0.7854774649585867,1.507352444684943,-0.60120985559566,1.3960437127996426,-0.6397444310264644,1.496487924082693,-0.5206333015569111,1.472406354284174,-0.4275996519635034,1.306469687260983,-0.4188405776928071,1.3923337592717355,-0.6358443991532088,1.6125239552695834,-0.7524837322917193,1.630924923237901,-0.33410711416680655,1.7540271934520062,-0.5374934814686169,1.7826328839969434,-0.4987321759645445,1.6584038046153309,-0.42004629155564904,1.614631753718712,-0.32773581745287567,1.933987228770446,-0.37833702821274207,1.618295701243846,-0.6899377083656331,1.5590913242495685,-0.13632987327044752,1.5734051896576609,-0.5425148844267424,1.559703181312916,-0.3634417296357258,1.7264371963269232,-0.2717189667913493,1.8470555178584003,-0.5889305507129691,2.030170120132362,-0.7775118247021727,2.044122008521488,-0.7719403662607162,2.029948659667241,-0.5441263287699862,2.1172283094042976,-0.6708450333146216,2.053423703255611,-0.7379836998829548,2.016291090943373,-0.6748935913932559,2.0258607160004534,-0.739801933029771,2.0438712794736427,-0.8084834263867572,-0.04279109656084551,1.1784167058223525,-0.8741957931613173,-0.9405765357139981,-0.20408252949175584,0.20900005233183708,-0.22620739251335528,-0.29553523823669836,1.0564255647410479,-0.19295703462327585,-0.2055715769902165,-0.4182304837015241,1.450234425977868,1.438645041499685,1.4629958986622318,1.5061879396430513,-0.6682824992208939,2,-0.036715491112916276,0.0,1,0.96750706,0.96750706,0.9675068937044734,1.7938309060383517e-08,-1.8857633232727267e-09,0,1,1,-0.036715491112916276,-0.036715491112916276,6.311706706818745,1.0896036591123708
1742342400000,2025-03-19,1742342400000.0,2025-03-19 00:00:00,1742342400000.0,2025-03-19 00:00:00,1742342400000.0,2025-03-19 00:00:00,1742342400000.0,2025-03-19 00:00:00,1742342400000,1.6119775576520659,1.5518583687043714,1.517868444650702,1.449868175740141,-0.623137749612896,1.6119775576520659,1.493301045884818,1.5098361202053927,1.677124198870892,-1.670569617053884,-2.1436363967507392,1.3684361587059555,-0.41678494434415175,1.5659251865526578,1.5686182360222627,1.5491474464944623,1.5780748037734356,1.883256780722633,1.8372904581672385,1.0773718003665667,0.4438545091656475,0.48049600110308144,0.7563712037314237,0.02536769349599454,1.493301045884818,0.6586442001920774,1.5015721144210143,1.5042418560442081,0.48043823445150724,0.792454468971096,1.2299872826719351,0.2792975412826882,-0.2619123834361952,0.08172189031810806,-0.6750099152291051,-0.7256384507695756,-0.6475276559135004,1.452542568800017,-0.6678973249113564,1.509660735468061,-0.7011037599001573,1.4482850631620405,-0.7473878258849077,1.5212839384748085,-0.7850011384707296,1.5092120644755813,-0.6005052770771537,1.3979064687594314,-0.6393358842416028,1.498860048345908,-0.5205119542165453,1.4748403253033755,-0.4272408458753136,1.3089033181037615,-0.4184749055060173,1.3946710564636908,-0.6353038889193161,1.6151070589186696,-0.7521983269175702,1.6331928593509775,-0.33387502751420844,1.756240436294433,-0.5373475931941406,1.7848819178332067,-0.498598461466931,1.6609300915477878,-0.4197317518721728,1.617553059296831,-0.3275345002146446,1.9368487876586442,-0.3781458739015825,1.6212672473117369,-0.6896531285593505,1.5620935220579202,-0.13604569918802195,1.5762462539605056,-0.542415550101831,1.5622769422018912,-0.3633838363729055,1.7290107718615526,-0.2715581659361691,1.8496334546111028,-0.5886579178017165,2.033142762833928,-0.777140917960548,2.046489342774811,-0.7716327626391932,2.0325436821195573,-0.5438969162067026,2.1195793294458385,-0.6706629490952544,2.0560796570783686,-0.7378498388219696,2.018917728309886,-0.6745164475357363,2.028084539708832,-0.7394647132249217,0.6486826245757906,2.3613304883115602,-0.4025244526662772,-0.5406417612445472,-0.5528945879994894,-0.4931724413078783,-0.71921772338307,-0.733142943072812,1.056294301946991,-0.1787372620527085,-0.1922189204517276,-0.15697735077648842,1.6119775576520659,1.5518583687043714,1.517868444650702,1.449868175740141,-0.623137749612896,2,0.1115289561307562,0.0,1,0.96750706,0.96750706,0.9675069099364022,1.6231928801069273e-08,-1.706380259314244e-09,0,1,1,0.1115289561307562,0.1115289561307562,7.127173723364489,1.3226549739401818
1742428800000,2025-03-20,1742428800000.0,2025-03-20 00:00:00,1742428800000.0,2025-03-20 00:00:00,1742428800000.0,2025-03-20 00:00:00,1742428800000.0,2025-03-20 00:00:00,1742428800000,1.5045404863578116,1.5683732692488,1.559440322325278,1.6155315044317808,-0.6732136301849481,1.5045404863578116,1.5101731233634168,1.4939205468521808,1.6625061984329654,-1.5764324909898875,-2.0460488001377666,1.3717700936333592,-0.5649438252883613,1.5652967372359539,1.5683315026724165,1.5481264189626782,1.200693728169325,1.8163371996788737,-1.2286196604866748,-0.07559219576362039,0.4232600403133689,-0.13366476429131194,0.6914405565364378,-0.1967429583728962,1.5101731233634168,0.2442488112489,1.5015721144210143,1.5617757402270425,0.5027956840128602,0.8751568612992985,1.2712130998582691,0.0819287811478892,-0.3217401385218716,-0.5272503756006998,-0.4275709028878622,-0.7302532925868318,-0.6572213638014273,1.6142113083637908,-0.6227617541808057,1.4544461111365294,-0.667487233455963,1.5118751067225424,-0.7002553349278713,1.4498830555166335,-0.7469202923461922,1.5231347115690923,-0.7842367467142153,1.510999870142658,-0.6001051958635691,1.4003179283532117,-0.6392055394799668,1.5012841990063988,-0.5201332974753964,1.4772067925778585,-0.4268733441570735,1.311276098783129,-0.4179929367100633,1.3973136386775726,-0.635035957428849,1.6173814052999504,-0.7519016720803655,1.6354549494497999,-0.3337473168791847,1.7584995553032992,-0.5372106325476037,1.7873727649552447,-0.4982688734732288,1.663846465741866,-0.4195178894038747,1.6204507662748366,-0.3273497535945405,1.939795410375318,-0.37790900100525077,1.6242655020595884,-0.6892552803777613,1.5649361036754852,-0.1359713470027067,1.5788158131101298,-0.5423503566981536,1.564888847155184,-0.363212496666569,1.7316144245105185,-0.27133460530838605,1.852615419408458,-0.5883221048336678,2.035513120137374,-0.7768324946248533,2.0490812311228557,-0.7713725822990234,2.0349175084115623,-0.5437277714706275,2.1222246661029938,-0.6705340245268158,2.058699472179783,-0.7374602893759366,2.021143762276722,-0.6741905530867593,1.737768689026374,2.6788677780323615,-0.15278313059013257,-0.3279666237701901,1.219032591308102,1.6036418552051328,0.3829759294171298,0.23869305282960465,1.0496712847482919,-0.1856738859806778,-0.20145695927849544,-0.3311461060598455,1.5045404863578116,1.5683732692488,1.559440322325278,1.6155315044317808,-0.6732136301849481,4,-0.0666492351486222,0.0,0,0.96750706,0.96750706,0.9675069246242701,1.4687867921914233e-08,-1.5440608791550403e-09,0,0,0,-0.0006,-0.0666492351486222,7.12229741913047,1.1678517964129256
1742515200000,2025-03-21,1742515200000.0,2025-03-21 00:00:00,1742515200000.0,2025-03-21 00:00:00,1742515200000.0,2025-03-21 00:00:00,1742515200000.0,2025-03-21 00:00:00,1742515200000,1.4998083410578058,1.4632775413885883,1.5412677984906225,1.5083366797791957,-0.731404779831138,1.4998083410578058,1.5102277769231383,1.4862708935654276,1.6464197215189418,-1.4929933569742129,-1.950508980000506,1.3433345554097862,-0.3445572102822214,1.5613444262952758,1.5648305256691035,1.5436827937945183,-0.21581501547925175,1.5300185556102732,-0.09464713174613129,0.2639828638082567,-0.10058960863299309,0.20961248722550502,0.029329947145047813,-0.3495388216440332,1.5102277769231383,0.24411891657633464,1.5015721144210143,1.5617757402270425,0.25703495124101533,0.7697421252492902,1.2608793991513187,-0.886583090771303,-0.5877948813266238,-0.6572620557262786,-0.9814179116422231,-0.749523294925973,-0.67058824331146,1.506823651659131,-0.6728274532727339,1.6160110027064214,-0.6223613384008841,1.4566871523182994,-0.6666505577812645,1.5134239894297532,-0.6997986818701993,1.4517791691853381,-0.7461682936622825,1.5249132964031398,-0.7837970267292637,1.5133662039436249,-0.5999778247106118,1.4027786606330481,-0.6388015239315084,1.503640117737869,-0.5197455643004932,1.4795079927389605,-0.4263891135134848,1.313941449628602,-0.4177574106759651,1.3996762469258628,-0.6347573966373248,1.6196498871760419,-0.7517366429337881,1.637760223423014,-0.3336274715939516,1.7609977948974627,-0.5368736475853698,1.790275671335769,-0.4980443011157871,1.6667388843585784,-0.4193215409764712,1.6234221437320788,-0.3271206529541483,1.9427734647665673,-0.3775751971820551,1.6270997441056791,-0.6891469271919145,1.567508535465793,-0.13592273200097346,1.5814238564386303,-0.5421584409354907,1.5675282535545998,-0.3629747643984211,1.734602483276101,-0.27105775893870837,1.855035483515397,-0.5880434432359432,2.0381070882439167,-0.7765716110773461,2.0514506037200557,-0.7711802515744688,2.0375764322513334,-0.5436081547983558,2.1248331397857463,-0.670157739726099,2.0609128418672378,-0.7371234757861516,1.5370175667816492,3.3336460946880733,-0.26155943265985193,-0.42154883285244615,-0.8892035913118409,-0.4275233566543645,-1.069568130839975,-1.0577356931603101,1.0597812276089096,-0.1102769768747648,-0.160346828927834,-0.3311461060598455,1.4998083410578058,1.4632775413885883,1.5412677984906225,1.5083366797791957,-0.731404779831138,4,-0.003145242911648971,0.0,0,0.96750706,0.96750706,0.9675069379149557,1.3290685552114212e-08,-1.3971823698000208e-09,0,0,0,-0.0,-0.003145242911648971,7.12229741913047,1.1610333759167522
1742601600000,2025-03-22,1742601600000.0,2025-03-22 00:00:00,1742601600000.0,2025-03-22 00:00:00,1742601600000.0,2025-03-22 00:00:00,1742601600000.0,2025-03-22 00:00:00,1742601600000,1.491569249036347,1.4563174069990825,1.561224707058799,1.5027451399433154,-0.828498851928598,1.491569249036347,1.5071243957446743,1.4791636931949714,1.6278798505103516,-1.4235959983904243,-1.8595473229404142,1.2797619278702614,-0.3285909257165817,1.541153586207217,1.495269063861844,1.5811778923272863,-0.6375420314716456,1.481704165251113,-0.13482765566015745,-0.8398868269522092,-0.1951554596695141,-0.15949552209337214,-0.09494810434960964,-1.0176260424690258,1.5071243957446743,0.2438752655318228,1.5015721144210143,1.5617757402270425,0.2536863741736205,0.7688544824937869,1.2366011247210125,-1.1746135232146169,-0.6104754650828579,-1.2187541731512668,-0.9677219852204236,-0.7557319337028748,-0.6929761240732111,1.5020936828612865,-0.7310067714338508,1.5086923265155363,-0.672416304949746,1.6181740043477126,-0.6215404346582077,1.458278655864069,-0.6662016623475434,1.5152797537032754,-0.6990620184952263,1.453605012097365,-0.7457367866781293,1.5272740785593328,-0.7836557320984106,1.515784969509272,-0.5995821901379056,1.4051738735284591,-0.6383879454802724,1.5059300756407803,-0.5192363215302233,1.48212741262983,-0.42615233543967895,1.3163378448712557,-0.41751240543617196,1.4020327360704912,-0.6346028253169491,1.6219612006338398,-0.7515816599833901,1.6402922947918859,-0.33332948724196554,1.7639035105604046,-0.5366438108021035,1.7931536472193035,-0.4978380482012297,1.6697066402686642,-0.4190783678386829,1.6264202618211316,-0.32679728303131306,1.9455649830660435,-0.37748600027085505,1.6296563870869938,-0.6890757487803847,1.570119218905818,-0.13577754384793925,1.5840596607075161,-0.541893039952218,1.5705247849869337,-0.3626808889979632,1.7370550413294672,-0.27082910474317734,1.857663648258687,-0.5878080913593996,2.040479416265957,-0.7763787504296421,2.0541068742010586,-0.771043956278451,2.0401994199703415,-0.5432568808611498,2.1270254562170683,-0.6698326014010403,0.9631705989789726,1.341390525203285,-0.7292345863578136,-0.8178843915742212,0.12077125740514683,-0.6602038770562808,-0.2829510830221698,-0.3575524859151549,1.0601026460680567,-0.19304871874483526,-0.20560490413908938,-0.4182304837015241,1.491569249036347,1.4563174069990825,1.561224707058799,1.5027451399433154,-0.828498851928598,4,-0.0054934299242846985,0.0,0,0.96750706,0.96750706,0.9675069499413659,1.2026410201038118e-08,-1.264275351076094e-09,0,0,0,-0.0,-0.0054934299242846985,7.12229741913047,1.1491618905021133
1742688000000,2025-03-23,1742688000000.0,2025-03-23 00:00:00,1742688000000.0,2025-03-23 00:00:00,1742688000000.0,2025-03-23 00:00:00,1742688000000.0,2025-03-23 00:00:00,1742688000000,1.5814336262875806,1.5154437870634925,1.5675255995473734,1.4981591606833768,-0.8027291917680079,1.5814336262875806,1.5269819964237616,1.4939108832314199,1.6150746917344372,-1.2342531716086396,-1.747135082336413,1.5776259259752716,0.43567331271021864,1.541121750284357,1.4952061913663548,1.581182487110112,0.22017114361553286,1.236747356694049,0.9895902311780725,0.43905658710336504,0.5055341168440596,0.584944677161666,0.5943648460700052,-0.16866762217852707,1.5269819964237616,0.2535435495900478,1.5015721144210143,1.570436739839837,0.2530820934710515,0.3351940139541325,1.268767252483978,-0.6119597459163083,-0.7054919852290756,0.5454530178811845,-0.9012419818424369,-0.7637971124978217,-0.6874705891976274,1.4938583803265102,-0.8280811022635804,1.5039653960154613,-0.7305831512578967,1.5109071655337065,-0.6715779065174061,1.6196407939930668,-0.6211019528442542,1.4601694382073531,-0.6654759328236957,1.5170635407991087,-0.6986406743583794,1.4559942472209646,-0.745598376938284,1.529687681128942,-0.7832208548602295,1.518135103838537,-0.5991771534383227,1.4075057097396715,-0.6378467502244987,1.508542281730142,-0.518985698060602,1.484455649674303,-0.4259060337242954,1.3187280235489383,-0.4173772282377249,1.404427206140173,-0.63445768905068,1.6244976989692297,-0.7512036077695711,1.6432108671837036,-0.3331274072105212,1.7667844990870987,-0.5364326893555517,1.7961115125344833,-0.49758286134298507,1.672701823096589,-0.4187361062276694,1.6292542148339142,-0.3267112069986095,1.948040739748002,-0.3774275341580302,1.6322525597610813,-0.6888669637735386,1.5727574858754672,-0.1355749776906784,1.5870553385328525,-0.5415659170666858,1.5730225205616197,-0.36243779310807095,1.7397055608331602,-0.27063665266434883,1.8600845711487564,-0.5876344708742534,2.043137447487819,-0.7762420739383682,2.056727027561654,-0.7706478658999599,2.0424186790383754,-0.5429537565775934,0.11582269117557392,0.22115248691586276,-0.8395754186080724,-0.9113217206159296,-0.6820329346610139,-1.0641080230199567,-0.924912072515732,-0.8966992523915281,1.0586783862904379,-0.19371379420080076,-0.20579316029787184,0.3655289150735829,1.5814336262875806,1.5154437870634925,1.5675255995473734,1.4981591606833768,-0.8027291917680079,4,0.060248209936811126,0.0,0,0.96750706,0.96750706,0.9675069608237648,1.0882398870926124e-08,-1.1440113301119936e-09,0,0,0,0.0,0.060248209936811126,7.12229741913047,1.2786450472692783
1742774400000,2025-03-24,1742774400000.0,2025-03-24 00:00:00,1742774400000.0,2025-03-24 00:00:00,1742774400000.0,2025-03-24 00:00:00,1742774400000.0,2025-03-24 00:00:00,1742774400000,1.634984236608886,1.6160777499745926,1.6368761606956503,1.58394612653177,-0.59016852957461,1.634984236608886,1.545397319577483,1.5183790348601476,1.603475699446804,-1.0018574733812746,-1.6085483480638685,1.9410864032404678,0.8138427339397691,1.5414317201799106,1.4960818023168536,1.5808308620018412,0.7714969347923856,1.0463362473982458,0.5569065627326287,0.8255765646312568,0.45048443709245073,0.023489084483966246,0.3586219612265929,-0.15310379046636238,1.545397319577483,0.6200400883840341,1.5236855670201093,1.570436739839837,0.23094770144903073,0.20762012810945657,1.283714143979515,-0.2642563924014665,-0.6281899543339922,3.4650573164254617,0.8353930784794564,-0.7469978107823433,-0.640598045711376,1.583681425370271,-0.8023166816170983,1.4957353834312936,-0.8276366723425284,1.5061825182492516,-0.7297244229563143,1.5124567957675397,-0.6711278736109263,1.6214291090876363,-0.6203909006196581,1.4619897243262499,-0.6650618346484344,1.519427455113683,-0.6985058344108095,1.4584343108780482,-0.7451716306292857,1.5320322696235398,-0.7827758226860629,1.52041889693338,-0.5986465183403259,1.4101447878149318,-0.6375784395420018,1.510859814017506,-0.5187250595653184,1.4867778667616234,-0.4257701072010904,1.32115432630098,-0.41725035272554606,1.4070246586069013,-0.6341020743818898,1.6274179536939652,-0.7509445434049149,1.6461056431231766,-0.3329419551605587,1.7697444275043743,-0.5361715971756577,1.7990986790429986,-0.49722447185826646,1.6755295680331905,-0.418644379511965,1.6318103106058541,-0.32665481193249923,1.9505625735559973,-0.37725457982614174,1.634877291062248,-0.6885788786420367,1.5757537472939263,-0.1353233588511619,1.5895485225478625,-0.5412946252081612,1.5757041207057314,-0.3622329519480349,1.7421582507838207,-0.27049536061876683,1.862771553527984,-0.5875116346137893,2.0457594816987257,-0.7758449592658415,2.0589410251650135,-0.7703052951175642,0.5492228999305281,0.22797794413145203,-0.7799036837666173,-0.8607813606805368,0.3644394521725561,-0.7260815111601056,-0.18969181267243818,-0.25857923861747756,1.0593609158961053,-0.1937224578194537,-0.20583670148608965,-0.15697735077648842,1.634984236608886,1.6160777499745926,1.6368761606956503,1.58394612653177,-0.59016852957461,4,0.033862066311954875,0.0,0,0.96750706,0.96750706,0.9675069706709762,9.847211490665586e-09,-1.0351873802605382e-09,0,0,0,0.0,0.033862066311954875,7.12229741913047,1.3558046769613181
1742860800000,2025-03-25,1742860800000.0,2025-03-25 00:00:00,1742860800000.0,2025-03-25 00:00:00,1742860800000.0,2025-03-25 00:00:00,1742860800000.0,2025-03-25 00:00:00,1742860800000,1.6315556849972435,1.6076864665092614,1.6680624525409544,1.6381674966519346,-0.6761767570409917,1.6315556849972435,1.5711869185740448,1.530638291857098,1.5921267075660972,-0.8148934359432228,-1.458534095419353,2.099769559981912,0.4452990877039665,1.5352897414345321,1.471069507233498,1.5967237368662643,0.15262729389449178,0.7789143689632555,-0.07826879050739058,0.8597481670850315,0.6850377894022142,0.5526798588798273,0.29562104929075456,-0.4364679772810129,1.5711869185740448,0.48568335331499835,1.5236855670201093,1.6129777832217798,0.10281432850551554,-0.11964083674327483,1.283829631928645,-0.6707666631609469,-0.7070792884823975,-0.678336662375286,-0.2747098580325824,-0.748184607173649,-0.6596253578306557,1.637207405632327,-0.5897992374786305,1.5855007305981652,-0.8018777747938793,1.4979564809495283,-0.8267440229068566,1.5077357972580998,-0.7292609669937427,1.5143131742227696,-0.6704005408954462,1.6231425945033666,-0.6199865292227607,1.4643756138365582,-0.6649295399105792,1.5218439705716293,-0.6980891493928996,1.4608073225624303,-0.7447348853634504,1.5343101521670266,-0.7821957412286851,1.5230271472603865,-0.5983840532049175,1.412502196176203,-0.6372994861006216,1.5131713572264525,-0.5185808468050199,1.4891399537314154,-0.4256425261537402,1.3237751122520518,-0.41693634866259993,1.4099680770807228,-0.6338589788281036,1.6303145337485123,-0.750706392341106,1.649075013362365,-0.3327119988638374,1.772733266155519,-0.5358052800650138,1.8019094694670645,-0.49712792114266713,1.678073910427952,-0.41858423459513894,1.6344059803650506,-0.32648769501863995,1.9531179614295917,-0.37701467636378044,1.6378703448952967,-0.6882244978633836,1.5782500431144069,-0.1351160991956241,1.5922269913694602,-0.5410655956020622,1.5782009775617674,-0.36208232373574795,1.7448641588893143,-0.2703957795186454,1.8654245138079295,-0.5871517094540731,2.047976970754481,-0.7755014869211548,0.8333205797554722,1.3897254327057886,-0.7094515013678577,-0.8011440197263089,4.255430749946366,2.975435824681063,3.080709862905032,2.603185938353426,1.0604792035161752,-0.19374649560531151,-0.20585854580477406,-0.5923992389848812,1.6315556849972435,1.6076864665092614,1.6680624525409544,1.6381674966519346,-0.6761767570409917,4,-0.0020969936803511002,0.0,0,0.96750706,0.96750706,0.9675069795814725,8.910496229752596e-09,-9.367152609129903e-10,0,0,0,-0.0,-0.0020969936803511002,7.12229741913047,1.3508645694415886
1742947200000,2025-03-26,1742947200000.0,2025-03-26 00:00:00,1742947200000.0,2025-03-26 00:00:00,1742947200000.0,2025-03-26 00:00:00,1742947200000.0,2025-03-26 00:00:00,1742947200000,1.614004337680796,1.600697691139151,1.650141501892868,1.6370921294082745,-0.7159577409248806,1.614004337680796,1.5714751905862616,1.5397762659737555,1.5861584858922595,-0.6846193685482627,-1.3112470691753801,2.0618991422499104,0.31100270311709743,1.5295922772420574,1.4478185845343177,1.6115232939306265,0.3174190684608535,0.7024846306260657,-0.23357764253279323,0.14118122304354302,-0.09385193844863786,0.48874037540996884,0.49839807278366544,-0.41886745160679034,1.5714751905862616,0.49227482625226787,1.5236855670201093,1.6129777832217798,-0.5168635111033736,-0.11173029285912743,1.174143750329234,-0.5568796714922957,-0.8892778416484459,-0.5284738835040786,-0.8130009976099025,-0.7621388550890948,-0.6682709331375266,1.633780430948171,-0.6757899776627431,1.6389923284206367,-0.5894058878465204,1.587678469399195,-0.8009941283393253,1.4995161128049626,-0.8262581700818088,1.5095951736144113,-0.728514715380172,1.5160976014747412,-0.6699853802706557,1.6254641818444773,-0.6198576511040104,1.4668125660935303,-0.664520028446156,1.5241916879466297,-0.6976626584282731,1.4631154975204972,-0.7441650490013435,1.5369146098801683,-0.7819059051933132,1.5253388094839366,-0.5981111527737306,1.4148535004333058,-0.6371446878401782,1.5155233586251777,-0.5184454637577415,1.4917136692555353,-0.42532691439454123,1.3267273979013174,-0.41672286739567355,1.4128894976816673,-0.6336355956932626,1.6332851394720889,-0.750412514388388,1.6520715046027603,-0.33238748026126863,1.7755475931606175,-0.5357063581213575,1.8044217129031663,-0.4970645749704431,1.6806587782004196,-0.4184065484140484,1.6370302425463052,-0.32625564115845457,1.9560945827556775,-0.3767181919969547,1.6403495373925245,-0.6879300895887537,1.5809306527552454,-0.13494200082839936,1.5947193984836856,-0.5408967394549515,1.5809331987961937,-0.36197602675151225,1.7475373359194823,-0.27009834234018804,1.867699411418301,-0.5868409705445243,4.0635617333115475,3.075766203996544,2.271899624948074,1.7553993819187446,-0.14721651468326372,0.9908793819777748,-0.4180251126943724,-0.4720176547648609,0.9968379178316673,-0.19083559986388166,-0.20215516195516683,0.017191404506868704,1.614004337680796,1.600697691139151,1.650141501892868,1.6370921294082745,-0.7159577409248806,4,-0.010757430762454834,0.0,0,0.96750706,0.96750706,0.9675069876443585,8.062886025506089e-09,-8.476102042465072e-10,0,0,0,-0.0,-0.010757430762454834,7.12229741913047,1.3255753066039127
1743033600000,2025-03-27,1743033600000.0,2025-03-27 00:00:00,1743033600000.0,2025-03-27 00:00:00,1743033600000.0,2025-03-27 00:00:00,1743033600000.0,2025-03-27 00:00:00,1743033600000,1.6255216570938378,1.5790504576878068,1.646552313943653,1.6148430311208317,-0.7012312140818893,1.6255216570938378,1.5886825268704388,1.5567300789822336,1.5844598974801984,-0.5612104229493196,-1.167579182118937,2.011643573869242,0.7471503630879458,1.5304608074168675,1.45054964092554,1.6102146687443726,0.02326649861095302,0.5654727285862521,0.08666738994688629,-0.12934613858759758,0.4143800959513925,0.5904096337515847,0.30309511241188203,-0.12746110853210624,1.5886825268704388,0.4163402627197451,1.5236855670201093,1.6129777832217798,-1.0474895651303664,-0.2957267609008294,1.119261687112483,-0.7545466230060754,-1.0715413691249476,-0.10212749863207607,-0.4383621651612945,-0.7663509252063567,-0.6651176446578233,1.6162371561956348,-0.715562873235611,1.6355675550553441,-0.6753781942658188,1.6411442295556178,-0.588596502349084,1.589168810293836,-0.8005142198476668,1.501380708777604,-0.8254803515913783,1.5113827255520513,-0.7280870170312772,1.5184619012121368,-0.6698527123377689,1.627841333473289,-0.619457769219322,1.4691822356659923,-0.6641008486484107,1.5264729051384456,-0.6971054994469961,1.4657393929179785,-0.7438808841110526,1.539220644140406,-0.781604662447203,1.5276444995617413,-0.5979598529751414,1.4172430713885529,-0.6369993378959307,1.5180896813850961,-0.5181120736558624,1.4946480672319666,-0.42511228892946995,1.3296583275623979,-0.41652687150264633,1.4158771145747109,-0.6333596306084782,1.6362826320716113,-0.7500021838677973,1.654902016831245,-0.3323010606475689,1.77806653219284,-0.5356414383780755,1.806977080003598,-0.4968778657838142,1.683272964269087,-0.4181602820128659,1.6400231852106897,-0.32596858908835846,1.9584861546777736,-0.3764728835386921,1.6430183805126581,-0.6876812291269951,1.5834261020642117,-0.13481453977708696,1.5974489687144027,-0.5407773303764497,1.5836344839130858,-0.3616605435981192,1.7498497622053484,-0.26984260405115945,2.97222654694478,1.66983778612967,0.10433627819401971,-0.11150437373041519,-0.6868200787557934,-0.755083333209471,-0.8982308913744886,-0.9116516958924141,1.059909413450457,-0.19324570839994015,-0.20576752781025553,-0.5053148613432027,1.6255216570938378,1.5790504576878068,1.646552313943653,1.6148430311208317,-0.7012312140818893,0,0.007135866455967088,1.0,-1,0.96750706,0.96750706,0.9675069949402632,7.295904658199959e-09,-7.669813673061299e-10,0,-1,-1,-0.007735866455967088,0.007135866455967088,7.05946441098043,1.3421703014251327
1743120000000,2025-03-28,1743120000000.0,2025-03-28 00:00:00,1743120000000.0,2025-03-28 00:00:00,1743120000000.0,2025-03-28 00:00:00,1743120000000.0,2025-03-28 00:00:00,1743120000000,1.5123478026988049,1.5665491162861245,1.556706689591155,1.6259194438734303,-0.6148999724557664,1.5123478026988049,1.5904660336092689,1.557644526225903,1.5844711214280112,-0.6120273710858797,-1.0632844725449235,1.4649054378643502,-0.053140877981354986,1.5265298902455664,1.4432719854413372,1.6102164884055366,1.2135815756879735,0.5328327627377138,-1.2870866362220736,-0.8278318386982203,-0.048609959569130855,-0.43017214093507433,0.10334319354396777,-0.347901864033278,1.5904660336092689,0.34565591011544305,1.5236855670201093,1.6129777832217798,-0.47760371212708863,-0.2586657780172633,1.0564217674051894,0.08677910495796178,-0.8594509401357951,0.48646573881320576,1.1013430038324077,-0.7488359810388572,-0.643920936684931,1.6277491783346056,-0.7008393406053749,1.6180355492339202,-0.7151425637555131,1.637721110434246,-0.6745387606248278,1.6425932796367717,-0.5881656256038147,1.5909764755306925,-0.7997447794968224,1.5031737010749813,-0.8250317335889704,1.5137489065885452,-0.7279499451091039,1.5208787751109738,-0.6694421490407579,1.6301467681723716,-0.6190484037297255,1.4714868487212391,-0.6635527284543681,1.5290795025899508,-0.6968283520869507,1.4680742712889654,-0.7435855137834626,1.541520722489212,-0.7814369816242226,1.5299909704336963,-0.5978177970470834,1.4198369327846747,-0.6366432363211727,1.5210212699681158,-0.5178847953363244,1.4975598143520288,-0.4249152348839562,1.3326524563988933,-0.4162841259740196,1.4188883947137365,-0.6329733472989725,1.6391152621742726,-0.7498900970960403,1.6574515983732583,-0.33224443757761485,1.7806280529067682,-0.535450293950079,1.8095637477924984,-0.4966194661066604,1.6862635191687465,-0.41785615176467084,1.642501784940038,-0.32573127981385747,1.9610947177402722,-0.3762661442849468,1.6454971090977413,-0.687497428839053,1.5861574847303206,-0.13472490787320798,1.6001474219885914,-0.5404266142558921,1.5859990876881054,-0.36138892161754926,0.9872262456748362,1.0640191708264157,-0.6039979041891076,-0.7117692111062416,1.152068436363457,-0.6267328701620216,0.32095146235162286,0.1970553952072702,1.060196185424347,-0.19251566081194973,-0.2054111377509188,-0.4182304837015241,1.5123478026988049,1.5665491162861245,1.556706689591155,1.6259194438734303,-0.6148999724557664,1,-0.06962309846881332,0.0,0,0.96750706,0.96750706,0.9675070015421454,6.601882263090886e-09,-6.940223951090729e-10,0,0,0,-0.0006,-0.06962309846881332,7.054628732333843,1.1791011478982805
1743206400000,2025-03-29,1743206400000.0,2025-03-29 00:00:00,1743206400000.0,2025-03-29 00:00:00,1743206400000.0,2025-03-29 00:00:00,1743206400000.0,2025-03-29 00:00:00,1743206400000,1.444442601864475,1.4615486218562297,1.4815033721802078,1.5177160204088609,-0.7738436423015685,1.444442601864475,1.5837631387629165,1.552766103985675,1.5817155050117564,-0.7379782110807961,-1.0062191701597978,0.8090752584841865,-0.32647777178330517,1.530054332119437,1.4391050969074728,1.6226695824963169,0.6824003186924195,0.640815578442598,-0.8141702801619111,-1.1538574863219682,-0.30426944219014534,-1.0151009587938644,-0.6890233003921397,0.006049456580150199,1.5837631387629165,0.701741549494128,1.5236855670201093,1.5644759004642854,-0.3404098752940674,-0.1980152535774722,1.0780434877994507,-0.24837000766015216,-0.6576274201508379,-1.129771026245789,1.6374594150993336,-0.7406192991126248,-0.6799778242768034,1.51462737710428,-0.6145256519370961,1.6295401766198434,-0.7004221873969542,1.6201975729729015,-0.7142892320869763,1.6391728041395206,-0.6740880442086005,1.6443670195770805,-0.587465292213918,1.5927101294278503,-0.7993017137629522,1.5055431576229836,-0.8248873134487968,1.516167530084157,-0.7275269693760897,1.523226877505429,-0.6690218972326633,1.6323829220071826,-0.6185124169535969,1.4741084585583377,-0.6632805844908171,1.5313887120663952,-0.6965402483473235,1.4704031105453574,-0.743421227045661,1.543861890931287,-0.7812795019580209,1.5325532392952235,-0.5974692015155383,1.4227789865821954,-0.6363997942361906,1.5239300043259891,-0.5176760399526505,1.500540806703889,-0.4246712058614973,1.3356690144629761,-0.4159424384088713,1.4217501854572605,-0.632868453275985,1.6416688533600614,-0.7498164410389236,1.6600412812042598,-0.332076678015891,1.783220460797371,-0.535185930183988,1.812547781608045,-0.49630075618210734,1.688729386980869,-0.4176043591157762,1.6451702202554768,-0.325531402811503,1.9634877858123891,-0.37611408570675986,1.6482185301294623,-0.6873672698327509,1.5888578740757122,-0.13445420476921746,1.6025067689688892,-0.5401239809509395,1.3861510528258385,3.3336460946880733,-0.3968772446938131,-0.5360464180040926,-0.33772779688770416,0.15542619990077425,-0.6550130403231551,-0.6911849968436808,1.0581310579780394,-0.15768981681857247,-0.19930525019944006,-0.5053148613432027,1.444442601864475,1.4615486218562297,1.4815033721802078,1.5177160204088609,-0.7738436423015685,0,-0.04490051872535683,1.0,-1,0.96750706,0.96750706,0.9675070075160241,5.9738787250296355e-09,-6.280035380612503e-10,0,-1,-1,0.04430051872535683,-0.04490051872535683,7.411452963316396,1.0812583760026273
1743292800000,2025-03-30,1743292800000.0,2025-03-30 00:00:00,1743292800000.0,2025-03-30 00:00:00,1743292800000.0,2025-03-30 00:00:00,1743292800000.0,2025-03-30 00:00:00,1743292800000,1.4344899883314117,1.4193013671354613,1.4784506216042044,1.4463753479258339,-0.7669971454727033,1.4344899883314117,1.5628631212002724,1.5522475228550336,1.5790070839205834,-0.8435379807235663,-0.9826680927998455,0.3436948627036143,-0.1249336936104182,1.5372242532184817,1.420046474254594,1.6603297316491135,0.047082343587210175,0.5723547716098941,-0.15637285236378295,-1.2870729403204424,-0.7153818843094768,-1.0477684125415194,-0.3649413551800681,0.19485750415070585,1.5628631212002724,1.172642107659176,1.5236855670201093,1.5542328527687688,-0.709765946241374,-0.26685551203197394,1.0779292948329748,-0.6885316338741596,-0.6743120259807595,-0.1390548644858956,0.5773208458746301,-0.7352474624480971,-0.6782902416059884,1.4467534085772915,-0.7734370051906215,1.5164910392338313,-0.6141270017236928,1.6316966433604825,-0.6995740006407785,1.621662799846223,-0.7138293393203708,1.6409487161303338,-0.6733597481319331,1.6460653134389893,-0.5870680242852847,1.5950438597330683,-0.7991592439074517,1.5079648273244728,-0.8244436271100715,1.5185175118088252,-0.7270940670188368,1.525508505037148,-0.6684724517134544,1.6349606037277733,-0.6182469894110745,1.4764399453238402,-0.6629976617221962,1.5336919564722407,-0.6963801614836318,1.472771454693136,-0.7432669431186136,1.5464202730903622,-0.7808957605017585,1.5354832873184303,-0.5972311014848807,1.4256989437194818,-0.6361760906298927,1.5269089334942407,-0.5174178177061068,1.5035467176574844,-0.4243277952642124,1.3385419680160102,-0.4158508833957263,1.4243589847301934,-0.6327995704001134,1.644262221269674,-0.7496006725811899,1.6626599587681603,-0.33184375998424304,1.7862058548609543,-0.5348600536469978,1.8149788780282103,-0.4960365990462044,1.6913890631583652,-0.41739205727620843,1.6476483693328297,-0.32538451549031916,1.96615817324547,-0.37600675980220505,1.650908278304661,-0.686987668025015,1.5912208150158254,-0.13422199725610928,0.8699615297635442,0.8783221220857891,-0.6985598212533892,-0.7918592972337725,-0.7114169620295352,-1.4077021801884722,-0.9619495713854673,-0.9726795284688137,1.059596425841186,-0.15722107999434487,-0.15938912666735072,0.017191404506868704,1.4344899883314117,1.4193013671354613,1.4784506216042044,1.4463753479258339,-0.7669971454727033,1,-0.006890279696968538,1.0,0,0.96750706,0.96750706,0.9675070129216381,5.405613956455113e-09,-5.682647685745223e-10,0,0,0,-0.0006,-0.006890279696968538,7.406406091538406,1.0669179236703106
1743379200000,2025-03-31,1743379200000.0,2025-03-31 00:00:00,1743379200000.0,2025-03-31 00:00:00,1743379200000.0,2025-03-31 00:00:00,1743379200000.0,2025-03-31 00:00:00,1743379200000,1.4404235373619685,1.4293188827172318,1.4673668773122688,1.436986827294125,-0.6746728341664563,1.4404235373619685,1.5351904564437773,1.547642184289601,1.574443770605177,-0.9105862328638075,-0.9778651968740296,0.08335657084602535,-0.34985581847469305,1.5363422956772776,1.4207459344208964,1.6576133203328733,0.3807054121249065,0.5912621642044703,0.02861584485915974,-0.5434605174262538,-0.9013636239116133,-0.9378780330106148,-0.327746950748736,-0.20941404876745826,1.5351904564437773,1.221113008775939,1.5203901277396332,1.5542328527687688,-0.9190833932462535,-0.3325238784864781,1.058133481572946,-0.4572994766977261,-0.7163750840504308,0.9990358653219028,-0.6963855380382507,-0.7479515577569782,-0.6566307118340364,1.4368053726477243,-0.7665919003986128,1.4486606695837028,-0.7730042892800755,1.518702111295264,-0.6133089759604596,1.6331529896723145,-0.6991175048683389,1.6234498309383676,-0.7130881097927471,1.6426492739011898,-0.6729439490790099,1.6483777543060105,-0.5869416413241781,1.597432304245004,-0.7987210543540539,1.5103180811326435,-0.823989616846556,1.5208011422631715,-0.726528981640205,1.5281153657907907,-0.668199574119703,1.6372269043612548,-0.6179710214345947,1.4787654027581072,-0.6628405693073579,1.536036116469227,-0.6962298319953887,1.4753497567539142,-0.7428904837626236,1.5493488440914478,-0.7806326471007012,1.5383903695971277,-0.597012338201281,1.428685558411209,-0.6358997368269003,1.5299131722391404,-0.517055353350551,1.5063971525758428,-0.42423572487582334,1.3411719011646743,-0.41579085242246516,1.4270030918457046,-0.6325972555521221,1.64688433628151,-0.7493031967719931,1.6656515780300714,-0.3315556695020748,1.7886442043262902,-0.534589818770808,1.8176146326381057,-0.49581369009712406,1.693854765130013,-0.4172358068433005,1.6503694451137008,-0.32528090948107635,1.9687934065501604,-0.37568851187950186,1.6532514658710287,-0.6866596101394161,0.07318900476659528,0.45447989060491834,-0.9634495843134503,-1.0163411509518288,-0.1718788584947103,-1.042312232522824,-0.4674240627886547,-0.49052517740316937,1.0596948883214916,-0.19324570839994015,-0.20576752781025553,-0.5053148613432027,1.4404235373619685,1.4293188827172318,1.4673668773122688,1.436986827294125,-0.6746728341664563,0,0.004136347467617041,1.0,-1,0.96750706,0.96750706,0.9675070178130435,4.891405391838077e-09,-5.142085646170358e-10,0,-1,-1,-0.004736347467617041,0.004136347467617041,7.366590431334988,1.0754674143896565
1743465600000,2025-04-01,1743465600000.0,2025-04-01 00:00:00,1743465600000.0,2025-04-01 00:00:00,1743465600000.0,2025-04-01 00:00:00,1743465600000.0,2025-04-01 00:00:00,1743465600000,1.5431459752771346,1.4921608353926572,1.5116515619339446,1.443367856218993,-0.6828380630918653,1.5431459752771346,1.5226158086974788,1.5542163529056663,1.562743960811476,-0.8167251258684765,-0.954371077392661,0.34290394242847166,0.23717155238610563,1.5392183111801157,1.4231955666477512,1.6609609614985015,0.7098311369231806,0.5991454914638684,1.1556635085944462,0.5953541912507824,-0.4657277439487642,-0.49053093790344143,0.06335492874722853,-0.03065948346466325,1.5226158086974788,0.9306016806473831,1.5145903688837805,1.5542328527687688,-0.3547215561185728,-0.22374229450026054,0.58860992593707,-0.2694923128408306,-0.6289395441505345,-0.29620738079599634,-0.2670696758360901,-0.7489529962915081,-0.6599592877194751,1.4427361926026774,-0.6742863605673709,1.4387190237798773,-0.7661606518675961,1.4509045052661582,-0.772130734384929,1.5202457216081113,-0.6128723943692292,1.634932724330783,-0.6983810631763613,1.6251619780497755,-0.7126637396254265,1.64496307781407,-0.672811056892452,1.6507463997692793,-0.5865487919235755,1.5997498691999028,-0.7982726463230881,1.5126051988560383,-0.8233984357876076,1.5234092882289152,-0.7262474466441075,1.530424965988469,-0.6679158916837638,1.6394873636981553,-0.6178179486850519,1.4811305514781152,-0.6626930592761827,1.5385966914500977,-0.6958623835813129,1.4782858977030038,-0.7426325530355993,1.5522543424280812,-0.7803907514949572,1.5413681673973978,-0.5967419767989992,1.4316960262668545,-0.635512931680867,1.5327600704367366,-0.5169575838024602,1.5089844525481164,-0.4241753518943081,1.34383543145037,-0.41561348740082293,1.4296725364797727,-0.6323178708722192,1.6498767701251211,-0.7489375318981046,1.6681231211802805,-0.3313174795885075,1.7912849487913682,-0.5343616959170371,1.8200463410498258,-0.4956494463561566,1.6965684253517803,-0.4171254655672962,1.6530588244866617,-0.32497265713548884,1.9710353972939714,-0.37541445640652926,1.4792195818622762,2.246420680170308,-0.31201597786802354,-0.4632458342374425,-0.5338288282283449,-1.2088899952857617,-0.6362048137445858,-0.6136899391802018,1.0506993561207816,-0.17321422018508512,-0.19839507025425482,-0.4182304837015241,1.5431459752771346,1.4921608353926572,1.5116515619339446,1.443367856218993,-0.6828380630918653,1,0.07131405121530765,1.0,0,0.96750706,0.96750706,0.9675070222391543,4.426110811195372e-09,-4.6529458064270557e-10,0,0,0,-0.0006,0.07131405121530765,7.361570477076187,1.2234774038751426
1743552000000,2025-04-02,1743552000000.0,2025-04-02 00:00:00,1743552000000.0,2025-04-02 00:00:00,1743552000000.0,2025-04-02 00:00:00,1743552000000.0,2025-04-02 00:00:00,1743552000000,1.4388838611909722,1.6104813933214541,1.5069384827678594,1.546249290643279,-0.4652684983017306,1.4388838611909722,1.497708156449835,1.5419687135594766,1.5580592614276128,-0.8758131593390236,-0.947947108071146,0.10586688632887563,-0.7760555549845521,1.5418318462410296,1.4182000866817912,1.6724151974254,2.6946760943400765,0.7027790774042469,-1.2173502916145396,-0.03951204187339514,-0.8259543256088704,-0.4593856184324789,-0.6083676285569828,-0.03925016589395937,1.497708156449835,0.704048207582452,1.5145903688837805,1.5542328527687688,-0.14345107466961463,-0.49313722423817097,0.18661515530623599,1.1592664975841358,-0.25500045055874887,1.4132694775686878,2.3435101147813002,-0.7112652116682499,-0.6073495705746136,1.5454113843759805,-0.6824499293299418,1.4446460340697336,-0.6738748994996167,1.4409676615047975,-0.7652894888891955,1.4525004746644696,-0.7716574889743935,1.522097153984846,-0.6121640203812289,1.6366372664341813,-0.6979598659508316,1.6274827596296089,-0.7125278367572119,1.6473329909017376,-0.6723998615470507,1.6530426975665695,-0.5861465938252632,1.601998951025588,-0.7976883912978192,1.515215582492034,-0.8231024555974785,1.5257207955879368,-0.7259547995477429,1.5327285999884819,-0.6677583602035596,1.6417910967914116,-0.6176742234150407,1.4837065112774714,-0.6623320355319846,1.5415260957658865,-0.6956108659456944,1.481199513967522,-0.7423954503579326,1.5552310555216609,-0.7800923315725896,1.5443714891694362,-0.5963632161785735,1.4345560990313346,-0.6354078815716278,1.5353406745483473,-0.5168934288005973,1.5116088006482507,-0.42399702289385527,1.3465229940524097,-0.41536765286418936,1.4326761861570125,-0.6319739447942403,1.652352656746307,-0.748633553997544,1.6707867018026679,-0.33111684711324013,1.793723747998475,-0.5341935230805571,1.822739749073309,-0.49553335516883273,1.6992498833111023,-0.41679911516446166,1.6554013274395605,-0.32470739956145206,0.5121001839498025,0.6485152584597694,-0.43414223466567364,-0.5232602153307684,-0.4896985443977193,-0.6116477436615096,-0.80010285294377,-0.8237792857408766,0.6437331248191988,-0.19169688374691166,-0.20436847565363214,-0.24406172841816698,1.4388838611909722,1.6104813933214541,1.5069384827678594,1.546249290643279,-0.4652684983017306,0,-0.06756464764614245,1.0,-1,0.96750706,0.96750706,0.9675070262442317,4.005077380853095e-09,-4.210334303422769e-10,0,-1,-1,0.06696464764614245,-0.06756464764614245,7.921500097841982,1.073248936533159
1743638400000,2025-04-03,1743638400000.0,2025-04-03 00:00:00,1743638400000.0,2025-04-03 00:00:00,1743638400000.0,2025-04-03 00:00:00,1743638400000.0,2025-04-03 00:00:00,1743638400000,1.465372138839408,1.4314073328791714,1.4624722291857082,1.4417587582378948,-0.5702792900807598,1.465372138839408,1.474929846407144,1.539197267781846,1.5527158316190839,-0.8784823172875511,-0.9433667771360945,0.08026602098515147,-0.27207441687822187,1.5401516442308796,1.4183580020786015,1.668608474887595,0.49030117256800043,0.6368463863136297,0.2680101454979189,0.09899462206635137,-0.7618492043408128,0.01863717997011784,-0.6922110953622986,-0.2466146374878908,1.474929846407144,-0.09855735818267186,1.4354128944386124,1.5542328527687688,-0.1071600389617845,-0.6342920451402744,0.177216390180109,-0.3900499183373548,-0.17557856341590417,-0.6123569721000619,1.0107654427994508,-0.6915783361720609,-0.6326392409773721,1.441197224590096,-0.46492460101002303,1.5472552723834139,-0.6820367182446125,1.446891808913028,-0.6730359912745277,1.4425713049801483,-0.764817822772273,1.4543949262348534,-0.7708974397899029,1.5238764259831359,-0.6117614238758374,1.6389534692191445,-0.6978250776071939,1.62985916190531,-0.7121081559476187,1.649630650318383,-0.6719789655657066,1.6552691136196898,-0.5856194680867635,1.604584928229033,-0.7973962449951058,1.5175304103910667,-0.822794850635683,1.5280263312479323,-0.725792086757491,1.5350731281065508,-0.6676104367654404,1.6443220386890702,-0.6173218239699401,1.4866417621219088,-0.6620850903368024,1.5444324877399218,-0.6953796940839861,1.4841817863368423,-0.7421028440528877,1.5582334981397779,-0.7796759036641708,1.547216447969776,-0.5962605722631944,1.4371616457578913,-0.6353388951153319,1.5379588687918564,-0.5167044398601209,1.514259814037349,-0.4237498920905964,1.3495309371954511,-0.41506404155625154,1.4352118772739657,-0.6316884027665347,1.6550192255330658,-0.7483764840508168,1.6732579521557434,-0.33096939048260243,1.7964213804748974,-0.5340746055351603,1.8253995733247137,-0.4951915544166788,1.7015776816176738,-0.4165179280571172,-0.23889009673851874,2.1170368099057,-1.009695911458389,-1.0553832550414026,-0.4517032662494823,0.3232991253325369,-0.8995960251197643,-0.8997927597987813,1.0524783885227513,-0.14611788648619753,-0.15391958960418842,-0.06989297313480985,1.465372138839408,1.4314073328791714,1.4624722291857082,1.4417587582378948,-0.5702792900807598,1,0.01840890593248523,1.0,0,0.96750706,0.96750706,0.9675070298683264,3.624094691012658e-09,-3.809826898404367e-10,0,0,0,-0.0006,0.01840890593248523,7.9161471977832765,1.1114151811804232
1743724800000,2025-04-04,1743724800000.0,2025-04-04 00:00:00,1743724800000.0,2025-04-04 00:00:00,1743724800000.0,2025-04-04 00:00:00,1743724800000.0,2025-04-04 00:00:00,1743724800000,1.4924342218096438,1.459815125408629,1.4803069021029287,1.4695134638706828,-0.5781060337137571,1.4924342218096438,1.47209750744979,1.5386754951529527,1.5440920717459834,-0.8361477034111292,-0.9308388679283178,0.19062653564064183,-0.13027713207292707,1.5391177129248879,1.417840021610513,1.6669825375828586,0.6729320438378272,0.719332449628365,0.2721267740569562,-0.4004897509581011,-0.18706658548454902,0.21005942713272033,-0.5895811661004847,-0.21586178039627332,1.47209750744979,-0.17404282573853525,1.4354128944386124,1.5542328527687688,-0.3332123253687242,-0.6201648123171971,0.07809747898011452,-0.27446581725320485,-0.25429190451142164,-0.27435717937304727,0.01791637771772135,-0.6860468581387782,-0.6350410433024364,1.4676733192242957,-0.5699140418856419,1.443108054614007,-0.4645580206518488,1.5494514846161123,-0.6811949573857915,1.448490877257211,-0.6725856217708676,1.4444720617142548,-0.7640599994963023,1.4562190367565642,-0.7704605976665304,1.526237621864614,-0.6116331692038237,1.6413256132433298,-0.6974085380325326,1.6321637916863898,-0.7116786117217349,1.6518585175364964,-0.6714287236558479,1.657840546913759,-0.5853589455479169,1.60686353875612,-0.7970926099884327,1.519839257012708,-0.822623492639169,1.5303726562130542,-0.7256392847984987,1.537633972921657,-0.6672484709947899,1.6472401818599767,-0.6170810166922969,1.4895544238481169,-0.6618581470601854,1.5474098128094633,-0.6950942816057285,1.4871887347435842,-0.7416942206615035,1.5610765975299046,-0.7795619931059198,1.5497933803372286,-0.5961931825816189,1.439802763608083,-0.6351362883172693,1.5406041418524616,-0.5164429745877547,1.5172590960106562,-0.4234447231532173,1.3520895217116704,-0.41481268900149276,1.4379195895757755,-0.6314471483827337,1.657494722194173,-0.7481864972572778,1.675974917913061,-0.3308653749459338,1.799085717351535,-0.5337252101929162,1.827687212634649,-0.49489676823343665,2.206622600873752,3.3336460946880733,0.07300500383359552,-0.13248618772997275,0.20288503606329278,-0.6845831778985472,-0.25054140834617106,-0.3318546094500603,1.027261655004112,-0.1877996174942941,-0.2004543287155579,-0.15697735077648842,1.4924342218096438,1.459815125408629,1.4803069021029287,1.4695134638706828,-0.5781060337137571,0,0.01846772041924405,1.0,-1,0.96750706,0.96750706,0.9675070331476794,3.2793530113650604e-09,-3.447416796475977e-10,0,-1,-1,-0.01906772041924405,0.01846772041924405,7.746136595799118,1.1504082064354106
1743811200000,2025-04-05,1743811200000.0,2025-04-05 00:00:00,1743811200000.0,2025-04-05 00:00:00,1743811200000.0,2025-04-05 00:00:00,1743811200000.0,2025-04-05 00:00:00,1743811200000,1.4787640946920848,1.4416360304943656,1.5103720716160933,1.4955103835858772,-0.7850491788974099,1.4787640946920848,1.4769791056792232,1.537769437246817,1.535890015349175,-0.8137331975606348,-0.916123590930398,0.2210004466330583,-0.15300964578943743,1.540940669549467,1.4166242739062407,1.6723292916227241,-0.08671406178990189,0.7704556913948232,-0.1972843569029068,0.19977843281439886,0.0470531562434583,0.10849090111717281,-0.5788071394287251,-0.07949991390967277,1.4769791056792232,-0.19889930075533557,1.4354128944386124,1.5542328527687688,-0.4793316042321053,-0.6180832967457743,0.07636999774308396,-0.7930105897953676,-0.37296618138059323,-1.2563270672681282,-0.39096422090644445,-0.6877314611372681,-0.6828362216563416,1.4947229552643664,-0.5777391941769827,1.4695671423158772,-0.569524955026687,1.4453545723365795,-0.463792270678364,1.5509713476440632,-0.6807427043942378,1.4503878749788761,-0.6718578146442169,1.4463027440521081,-0.7636246325025474,1.458607228849061,-0.7703203139106543,1.5286516091962346,-0.6112350444743454,1.6436256690215043,-0.6969821953012555,1.6343990876685097,-0.7111176779970653,1.6544308819972435,-0.6711554052221826,1.6600975753364435,-0.5850880566575853,1.6091362724777456,-0.7969235465092107,1.522188710450706,-0.8224625506887816,1.5329348181242852,-0.725266202388954,1.5405634797796754,-0.6670008553589585,1.6501344975077277,-0.6168597497513175,1.492536042535642,-0.6615778636752796,1.5504127514336175,-0.6946953155998564,1.4900413638749577,-0.7415826445082733,1.5636500095878563,-0.7794871267655348,1.5524082000500758,-0.5959950764263835,1.4424694198501014,-0.6348565110507975,1.5436020635239893,-0.5161205809601238,1.5197714978795702,-0.423192049630248,1.3548129839149745,-0.4146007647050202,1.4404535529129736,-0.6312690798847922,1.6602142177563246,-0.7480518880460924,1.6786599068960084,-0.33055602217610797,1.8013817335195776,-0.5334237394095452,-0.05611786938431828,2.0831336163696217,-0.9608489066306162,-1.0140922168086721,-0.8928777154972417,-0.7792209218747707,-1.0144940723033795,-1.010147468187925,1.058043795604869,-0.18473180508993317,-0.1976664493638153,-0.15697735077648842,1.4787640946920848,1.4416360304943656,1.5103720716160933,1.4955103835858772,-0.7850491788974099,1,-0.009159617836277834,1.0,0,0.96750706,0.96750706,0.9675070361150842,2.967404766351933e-09,-3.1194824501312723e-10,0,0,0,-0.0006,-0.009159617836277834,7.740888913841639,1.1307112890724667
1743897600000,2025-04-06,1743897600000.0,2025-04-06 00:00:00,1743897600000.0,2025-04-06 00:00:00,1743897600000.0,2025-04-06 00:00:00,1743897600000.0,2025-04-06 00:00:00,1743897600000,1.277550275747912,1.423741835978646,1.2981508081655733,1.4827345787703783,-0.5747717322417943,1.277550275747912,1.4546573311887219,1.5162674775751774,1.5250818102482846,-1.059023080578803,-0.9557079807089782,-0.5330077512655935,-1.196617596621997,1.5296926092283554,1.4397044763117095,1.6211914571469859,2.9128817613313323,1.0203705531912022,-2.3563681130319925,-1.3255938799795968,-0.7869741999830904,-1.41546966207654,-1.298584163190475,-0.6978567728694216,1.4546573311887219,0.9746972598433138,1.4354128944386124,1.3927133728881171,0.4855836685109368,-0.19861098254614315,0.24616298675527856,1.4642977494772427,0.09612385463971956,3.1304236431962345,2.656694473314619,-0.6588329336330235,-0.629363760502838,1.4810591155829136,-0.7846402634651068,1.4965994030090157,-0.5773484298465158,1.4718008796935018,-0.5687225181054636,1.4469548278657678,-0.4633902048456792,1.552803268812026,-0.6800122426176126,1.4522146393314512,-0.6714423396228724,1.4486948928791676,-0.7634848668993262,1.461046322493532,-0.7698882857758974,1.530996610983131,-0.6108274698482308,1.6458560901956472,-0.6964252195806985,1.636976218932161,-0.7108384411379126,1.6566892922035976,-0.6708712663005713,1.6623487892089865,-0.5849379194704449,1.611451603434038,-0.796764764987441,1.524753165545152,-0.8220709197586313,1.5358648255043106,-0.7250106750362308,1.543469981718855,-0.6667732920599765,1.6531035525324131,-0.6165863515194241,1.495542461133802,-0.6611857832441218,1.553256899876326,-0.6945866280621714,1.4926328180187365,-0.7415093273028048,1.5662615939466484,-0.7792679470233909,1.5550503253424295,-0.5957213511944851,1.4454724087542385,-0.6345121132300569,1.5461072120611654,-0.5158532998111954,1.522463187949022,-0.4229789921161609,1.3573693285287363,-0.41444479878112594,1.443207880917497,-0.631143043987966,1.6629019091154833,-0.7476603282765434,1.680994259897986,-0.3302897960315601,0.4305302836361913,1.3700529503622763,-0.9746446392484233,-1.025851501212592,-1.079905911687311,-1.116619894100819,-1.2003851686542863,-1.1844902474810028,1.0606141586532436,-0.19373557844423442,-0.20585656161249358,-0.5053148613432027,1.277550275747912,1.423741835978646,1.2981508081655733,1.4827345787703783,-0.5747717322417943,0,-0.13606891029232793,0.0,-1,0.96750706,0.96750706,0.9675070388002147,2.685130562340987e-09,-2.8227420401094605e-10,0,-1,-1,0.13546891029232794,-0.13606891029232793,8.925007609986055,0.8407877258208147
1743984000000,2025-04-07,1743984000000.0,2025-04-07 00:00:00,1743984000000.0,2025-04-07 00:00:00,1743984000000.0,2025-04-07 00:00:00,1743984000000.0,2025-04-07 00:00:00,1743984000000,1.3078855964647231,1.3252501117307998,1.1928163378426637,1.2804091175834285,-0.31217240822501,1.3078855964647231,1.4358062578724666,1.4931228671299597,1.5157863975302952,-1.2003230351906975,-1.0169596187391243,-0.8338803675715282,-1.3178001473312475,1.5226687874482727,1.4514495236338385,1.5923656406801447,2.953801581893608,1.222913804846126,0.33144769809155994,-1.2935069276550093,-0.6794436648713772,-0.7644396544581484,-0.8357621618314529,-0.5042273911707527,1.4358062578724666,1.3894978480145455,1.4354128944386124,1.3927133728881171,0.5283820862192367,-0.23519735955548857,0.25667527328225787,1.464169139689839,0.5148016139844879,1.0426933811111843,2.7294151174019063,-0.6043358286285704,-0.565710412906682,1.279937842890831,-0.5744055706386634,1.4829443403016611,-0.784205145921225,1.498820083186019,-0.5765432585459987,1.4733807111318082,-0.5682962292464789,1.4488528010006052,-0.46273047850646865,1.5545622044507217,-0.6795950083358283,1.454604429232541,-0.6713095612553449,1.4511376662628332,-0.7630542991533785,1.4634182922384014,-0.7694461573607445,1.5332749339987024,-0.6102936971145723,1.6484300934492013,-0.6961481736641344,1.6392417027275539,-0.7105481737411967,1.6589418838739438,-0.6707134709850752,1.6646437864159458,-0.5847969582123002,1.6139910466120007,-0.7963780570053365,1.5276840443791615,-0.8218021914154662,1.538771864197713,-0.7247757949950054,1.5464473820941358,-0.6664922566143878,1.6560997882917012,-0.6162035140932648,1.498393969720224,-0.6610791552470995,1.5558322980424237,-0.6945152277713607,1.4952609840262505,-0.7412945139267246,1.5689007012949394,-0.7789658840447646,1.5580475010784658,-0.5953842256640633,1.448004576530572,-0.6342261711346744,1.5487939120782859,-0.5156277108683348,1.5249743830159745,-0.4228221722218725,1.3601369905309868,-0.41433466216401704,1.445932780824279,-0.6307745212174793,1.665241278581471,-0.7473217452418415,4.0635617333115475,3.3336460946880733,3.2997921780131727,3.3554586077940396,0.6656794450837904,0.6108744220877029,0.060900796210172636,0.09744486022603847,0.9351748664545971,-0.1913130503854827,-0.20453170914536153,-0.3311461060598455,1.3078855964647231,1.3252501117307998,1.1928163378426637,1.2804091175834285,-0.31217240822501,1,0.023744913443075166,0.0,0,0.96750706,0.96750706,0.9675070412299225,2.4297077683144153e-09,-2.5542279402657186e-10,0,0,0,-0.0006,0.023744913443075166,8.919052605420063,0.8844970710375051
1744070400000,2025-04-08,1744070400000.0,2025-04-08 00:00:00,1744070400000.0,2025-04-08 00:00:00,1744070400000.0,2025-04-08 00:00:00,1744070400000.0,2025-04-08 00:00:00,1744070400000,1.1958019088824972,1.3114378719169306,1.2620735137363883,1.31050475841355,-0.5478066994225758,1.1958019088824972,1.386402981970903,1.4622901146802294,1.5099888025761323,-1.4497857371012737,-1.1181912082005059,-1.3890442004329806,-1.5136344174304295,1.5021337145842015,1.4646642898377447,1.5326954772739076,1.6573680360393062,1.3625712459905102,-1.4018267992920634,-1.9542567068095655,-1.5682586888940104,-1.467523308970744,-1.0090349082607555,-1.105639103133416,1.386402981970903,1.8841334942479608,1.3866700072698441,1.308579449868669,0.26986339399465076,-0.12247930633245441,0.06558301102691762,0.599638072898984,0.7041804877149983,-0.8511142785517078,0.9293825641435288,-0.5840356637786444,-0.6204516330983622,1.310259211185025,-0.31185963858957827,1.2819522579573996,-0.5740155209343544,1.4851716161864852,-0.7833276762195286,1.500379048094256,-0.5761151642781256,1.4752619034555798,-0.567602362174869,1.4506805820176658,-0.462360121235938,1.5569111562926317,-0.6794616120121181,1.4570450088293327,-0.6708986867035099,1.4535135886013213,-0.7626136591423079,1.4657253567347672,-0.7688696658173068,1.5358796743488492,-0.6100294951493364,1.6506909355049666,-0.6958601749682982,1.641501347582601,-0.7103868363473476,1.6612381829392504,-0.6705652991298633,1.667168324873774,-0.5844508570946255,1.616912420433883,-0.7961128323265055,1.5305920176101053,-0.8215551031208687,1.5417496321501356,-0.7244858846531606,1.5494503817535323,-0.6660991665759437,1.6589297601777397,-0.6160996507666481,1.5009833024036543,-0.6610091216884212,1.5584457077415848,-0.6943058173792419,1.4979155587661979,-0.7409983224201061,1.5718971618602875,-0.7785947071025907,1.560548672176478,-0.5951044509304907,1.4507098648905699,-0.6339845735452349,1.5512980160696956,-0.5154614475370294,1.527715146465195,-0.42271142130915546,1.3628761340180535,-0.4140088616916511,1.4483412211099596,-0.6304562148698752,-0.0678665274228441,3.0145954305748757,-0.9431171394496924,-0.999014889545259,0.17230832081945488,-0.7452014350763941,-0.26710562783370745,0.09761019989961986,1.05646814976378,-0.18094809734400563,-0.19888022529079677,-0.3311461060598455,1.1958019088824972,1.3114378719169306,1.2620735137363883,1.31050475841355,-0.5478066994225758,0,-0.08569838821162457,0.0,-1,0.96750706,0.96750706,0.9675070434285045,2.19858198313716e-09,-2.3112578517725524e-10,0,-1,-1,0.08509838821162456,-0.08569838821162457,9.763147994727625,0.7229987094600636
1744156800000,2025-04-09,1744156800000.0,2025-04-09 00:00:00,1744156800000.0,2025-04-09 00:00:00,1744156800000.0,2025-04-09 00:00:00,1744156800000.0,2025-04-09 00:00:00,1744156800000,1.4425580319204352,1.415921875104028,1.197527034715448,1.198153281462473,-0.2093380901142339,1.4425580319204352,1.3869255648730414,1.45015904022102,1.515006638839131,-1.2992823565124845,-1.1676654221886587,-0.6703384012028732,-0.5365542593683755,1.499075356359907,1.4621208701408202,1.5290639269466935,3.515396262775825,1.7364577527132616,3.0688048179190774,1.1022871972934996,-0.086224146232297,-0.3420150786837796,-0.08969982671958213,-0.31152846404612067,1.3869255648730414,1.8925397848527337,1.3866700072698441,1.308579449868669,1.6718663809557412,0.8530435011617539,0.4709597825844329,2.307982428665095,0.9544795600218902,1.277275017708598,0.8081308253039623,-0.545559939805069,-0.5473255102504749,1.1982270753563549,-0.547446020377965,1.3122541493058488,-0.31152587064251386,1.2842766176182447,-0.5732115145173868,1.4867411216033324,-0.7828518460079164,1.502243096090737,-0.5754187526036668,1.4770721939823224,-0.5672093795335851,1.4530709840283187,-0.4622431908875216,1.5593137567415614,-0.6790489957799398,1.4594185747105992,-0.6704781176696547,1.4558248656299704,-0.7620390077111312,1.468348539584097,-0.7685818169691931,1.5381861280218594,-0.6097547962468537,1.6529459520098582,-0.6957001488168281,1.6438043110854303,-0.7102353294083401,1.6637636756644891,-0.6702027672935575,1.6700840346136685,-0.5842145323394395,1.6198102005957398,-0.7958689842146891,1.5335704255475042,-0.8212503846884084,1.5447529297305171,-0.7240808804698443,1.5522946592857556,-0.6659922365958123,1.6614783187219053,-0.6160314518713723,1.5036095186748346,-0.660803563544895,1.5610865177706443,-0.6940168912893623,1.500915684682827,-0.7406342007993325,1.5743945195616482,-0.7782860546197533,1.5632326358470081,-0.5948681441292639,1.4532403837038717,-0.633806246414308,1.554034554899069,-0.5153439035763034,1.5304255565065636,-0.4223839701884221,1.3653110148887195,-0.413728158621659,0.5355664834124119,3.3336460946880733,-0.9858809922874494,-1.0353743149973476,0.004746648337734301,-0.5760772110983363,-1.0087977926546103,-1.0178087032896572,1.060706959540932,-0.19374102700902884,-0.20585755188827395,-0.5053148613432027,1.4425580319204352,1.415921875104028,1.197527034715448,1.198153281462473,-0.2093380901142339,1,0.2063520063022286,0.0,0,0.96750706,0.96750706,0.9675070454179465,1.9894420555388592e-09,-2.091399275983008e-10,0,0,0,-0.0006,0.2063520063022286,9.756690105930788,1.0785429500132984
1744243200000,2025-04-10,1744243200000.0,2025-04-10 00:00:00,1744243200000.0,2025-04-10 00:00:00,1744243200000.0,2025-04-10 00:00:00,1744243200000.0,2025-04-10 00:00:00,1744243200000,1.3237173793233135,1.3834569224961215,1.3515175082461002,1.4452843606603585,-0.5790747069245231,1.3237173793233135,1.3667777925509652,1.4288041900858417,1.5106037690679148,-1.3280700240707026,-1.2132720988556396,-0.6166335625001641,-0.7993409233036006,1.4903866194272852,1.4627737425712724,1.5095691732868115,1.4349561107418158,1.8674789667991438,-1.4236801422802117,0.04210957555897365,-0.7144138727058159,-0.8786563070598509,-0.5371124476221725,-0.5778252779103762,1.3667777925509652,1.7589506622777695,1.3866700072698441,1.308579449868669,1.833669092799645,0.9536955697698336,0.3712441365626244,0.34862125456179255,1.1154320673511111,-1.052271230624638,-0.25969066991621825,-0.5468822134383968,-0.631524618068469,1.444869705422054,-0.2090462288593225,1.200293977374389,-0.5470617499704494,1.3145638724596318,-0.3108136068694517,1.2860012712625204,-0.5727841893787705,1.4886138298767648,-0.7820881537195139,1.5040355172374296,-0.5750240836311642,1.4794520653837713,-0.5670845018185198,1.455512132883299,-0.461876983229768,1.5616465273029623,-0.6786266516543303,1.4617273403117963,-0.6699282799646019,1.4584507515280312,-0.7617521774522372,1.4706823605854176,-0.7682826319371939,1.540486624573608,-0.6096024569847538,1.6552445422612059,-0.6955498764928614,1.6463346888702073,-0.7098651979484596,1.6666797480444602,-0.6699547487885451,1.6729757406771186,-0.5839974108275581,1.6227816281703533,-0.7955681959857371,1.5365742418352066,-0.820825501316449,1.5475978373655117,-0.7239703868560523,1.554870301849266,-0.6659220026380712,1.6640670613627804,-0.6158310648797795,1.5062622746972343,-0.6605198175909562,1.5640833818250406,-0.6936614999921146,1.503432586583259,-0.7403315316749491,1.57707585974141,-0.7780249744940271,1.5657328513741096,-0.5946938040317521,1.4559926595790775,-0.6336800244722652,1.5567404521369113,-0.5149981991367187,1.5328070990242506,-0.42210181425209264,4.0635617333115475,3.3336460946880733,1.9523908835701582,1.4713155447656623,0.9024448665199067,3.354435949971406,-0.011481681979610022,-0.09508043089862615,1.0210023951310918,-0.19245512565456446,-0.2053891314202041,-0.4182304837015241,1.3237173793233135,1.3834569224961215,1.3515175082461002,1.4452843606603585,-0.5790747069245231,0,-0.08238188687557524,0.0,-1,0.96750706,0.96750706,0.9675070472181431,1.800196547385724e-09,-1.8924550815313523e-10,0,-1,-1,0.08178188687557524,-0.08238188687557524,10.63639251932964,0.9073086598392783
1744329600000,2025-04-11,1744329600000.0,2025-04-11 00:00:00,1744329600000.0,2025-04-11 00:00:00,1744329600000.0,2025-04-11 00:00:00,1744329600000.0,2025-04-11 00:00:00,1744329600000,1.4735345410965976,1.4432769052635,1.3713975050531269,1.3256516645838863,-0.5986592650659966,1.4735345410965976,1.3640896621608032,1.4260578692222161,1.5102332839211794,-1.136234130726493,-1.209592549157447,0.06775772254751007,-0.18616970474639902,1.4894967450612089,1.4617490234162083,1.5088441264089878,2.0934452108000685,1.9491405450326151,1.7695984435928995,1.9566395655087974,-0.1832363708872035,0.974529814513927,-0.3605598339917183,-0.20936057688099716,1.3640896621608032,1.6652868557256566,1.3735306181122389,1.308579449868669,2.1754767079105006,1.1246887057003123,0.5149654762575488,0.7146515483245853,1.3309554637871526,-0.3335819762153774,-0.32552015516551713,-0.5499721176896121,-0.6394233463576863,1.3260837123759093,-0.5787076704361039,1.4467781764261076,-0.20873450093901755,1.2026577798537268,-0.546267164154289,1.3162651357062578,-0.3104468559844357,1.2880014521910024,-0.5720888617404604,1.490415277553199,-0.7816488972783778,1.506404629909157,-0.5748986135769663,1.481883420835929,-0.5666958948828601,1.4578863102335216,-0.46150193795443806,1.5639118147178022,-0.6780746194053765,1.4643516147062932,-0.6696551852774255,1.4607885836571999,-0.7614540471599973,1.4730101455222115,-0.768116140412446,1.5428281881687238,-0.6094594223381116,1.657771714435038,-0.6951825583384762,1.649252617667306,-0.7096117707879372,1.6695718429990873,-0.6697268129168339,1.6759430086203095,-0.5837290408243433,1.6257797868794963,-0.795148588733365,1.5394202465359899,-0.820709061648907,1.5501746728646941,-0.7238977880347662,1.557483936162814,-0.6657158796530598,1.6666848619156454,-0.6155542725970127,1.5092619696272536,-0.660170650886777,1.5665828909901152,-0.6933662347338505,1.5061273725255564,-0.7400755844866697,1.5795723471771037,-0.7778319657088629,1.5684670735896784,-0.5945704501248698,1.4587153673699398,-0.633311001787358,1.5591136174655227,-0.5146999770090489,3.599011295737577,3.3336460946880733,0.3203689519760188,0.0727333705293726,-0.7753435483922945,0.09285574497758145,-0.9751097155356472,-0.9627215890569241,1.0541642508027318,-0.188303529611827,-0.20190151118768274,-0.24406172841816698,1.4735345410965976,1.4432769052635,1.3713975050531269,1.3256516645838863,-0.5986592650659966,1,0.11317911520499258,0.0,0,0.96750706,0.96750706,0.967507048847096,1.6289529725099783e-09,-1.712435748757457e-10,0,0,0,-0.0006,0.11317911520499258,10.62941068381804,1.123176166382708
